tree
version=v4
num_class=1
num_tree_per_iteration=1
label_index=0
max_feature_idx=9
objective=binary sigmoid:1
feature_names=mean max ar bbox_w bbox_h wide_mean wide_max conf camera_id vlm_species
feature_infos=[0:219] [0:255] [1:4.9299999999999997] [22:1747] [22:877] [0:214] [1:255] [0.5:0.94999999999999996] -1:2:0:1 -1:2:1:3:4
tree_sizes=3335 3359 3353 3356 3369 3356 3363 3338 3375 3373 3366 3359 3340 3377 3378 3359 3356 3345 3365 3361 3367 3348 3350 3362 3377 3379 3362 3382 3377 3384 3369 3372 3362 3328 3367 3384 3389 3350 3374 3336 3355 3389 3368 3377 3343 3394 3379 3377 3378 3389 3391 3377 3366 3396 3367 3353 3354 3361 3362 3362 3369 3369 3382 3375 3384 3358 3395 3378 3370 3367 3362 3386 3366 3373 3390 3375 3383 3370 3376 3375 3375 3359 3364 3341 3378 3386 3390 3389 3392 3365 3378 3331 3347 3328 3387 3380 3372 3369 3365 3350 3367 3358 3342 3360

Tree=0
num_leaves=31
num_cat=2
split_feature=7 0 5 0 4 5 1 0 6 5 6 1 6 4 4 8 0 5 8 1 5 6 6 5 2 5 2 4 4 0
split_gain=626.85 126.188 130.093 74.725 67.4754 66.352 61.2077 52.3689 43.8066 53.3608 55.1877 40.5238 37.8792 56.2541 36.4381 36.7589 31.0892 27.8544 23.992 23.1534 19.1658 37.4388 17.1256 21.8218 16.2319 17.5134 14.8979 11.356 12.4818 10.7006
threshold=0.5505000000000001 85.500000000000014 74.500000000000014 71.500000000000014 32.500000000000007 90.500000000000014 254.50000000000003 54.500000000000007 248.50000000000003 156.50000000000003 253.50000000000003 175.50000000000003 219.50000000000003 41.500000000000007 87.500000000000014 0 21.500000000000004 69.500000000000014 1 247.50000000000003 55.500000000000007 240.50000000000003 128.50000000000003 58.500000000000007 1.2850000000000004 141.50000000000003 1.5350000000000004 41.500000000000007 49.500000000000007 61.500000000000007
decision_type=2 2 2 2 2 2 2 2 2 2 2 2 2 2 2 1 2 2 1 2 2 2 2 2 2 2 2 2 2 2
left_child=3 2 6 4 20 -3 7 16 27 24 -11 -6 13 -4 15 17 -2 19 -9 -13 21 -1 -18 -24 25 -10 -12 -7 -29 -20
right_child=1 5 12 -5 11 8 -8 18 9 10 26 14 -14 -15 -16 -17 22 -19 29 -21 -22 -23 23 -25 -26 -27 -28 28 -30 -31
leaf_value=0.034181251626047272 -0.044288946605767515 -0.099999988926530364 -0.08132990069767676 -0.084506139990022752 -0.090392484954931129 -0.099999988926530337 0.078382287438854323 0.0029971804248493951 -0.020654308223495545 0.051648560576562849 -0.099999988926530337 -0.060940381025718103 0.083475656634841577 0.083392402764466578 -0.090987131627345827 -0.08566282767294553 0.068926706385364925 0.076081664920724892 -0.0346445602218729 0.037191168897764137 0.035294364942535086 -0.077270879824548944 0.0035201882485593112 0.072865815036271153 0.071206688059055376 0.074344155093072878 -0.0038066899920772704 0.017209210588637055 -0.076070303408306006 -0.099999988926530364
leaf_weight=15.193236827850342 15.247182011604307 17.75 9.0994364023208636 142.5426732301712 53.048309206962585 9.2500000000000018 32.380837678909302 16.494364023208618 12.846618413925173 13.44323682785034 16.750000000000004 13.048309206962585 169.44686162471771 12.042673230171202 18.849436402320862 11.84943640232086 24.136473655700684 12.542673230171202 10.397745609283449 11.144927620887756 30.136473655700684 14.948872804641724 49.233092069625854 14.741546034812925 34.730274081230164 7.7954912185668936 5.2983092069625846 7.2471820116043073 7.0994364023208618 15.749999999999998
leaf_count=32 49 71 34 539 205 37 48 42 37 25 67 45 239 17 73 45 39 19 32 23 63 55 125 23 55 12 14 17 26 63
internal_value=-0.00315528 0.0318609 0.0468792 -0.0574368 -0.0360908 -0.0100517 0.0161908 0.00239754 0.00389703 0.0196601 -0.0281995 -0.0576985 0.075602 0.0124969 -0.0319794 -0.00908638 0.0216318 0.0156139 -0.0442236 -0.0157348 0.00709803 -0.021093 0.0330391 0.0194994 0.0503363 0.0152219 -0.0768843 -0.0568021 -0.0289502 -0.0740112
internal_weight=824.485 501.181 368.97 323.304 180.762 132.211 178.381 146 114.461 90.8639 35.4915 120.483 190.589 21.1421 67.4348 48.5853 103.358 36.7359 42.6421 24.1932 60.2786 30.1421 88.1111 63.9746 55.3724 20.6421 22.0483 23.5966 14.3466 26.1477
internal_count=2171 1072 711 1099 560 361 421 373 290 210 106 410 290 51 205 132 236 87 137 68 150 87 187 148 104 49 81 80 43 95
cat_boundaries=0 1 2
cat_threshold=4 1
is_linear=0
shrinkage=1


Tree=1
num_leaves=31
num_cat=2
split_feature=7 0 5 0 5 1 0 6 5 6 6 0 8 5 6 0 1 8 3 2 5 3 2 5 6 3 1 5 0 0
split_gain=566.595 114.038 117.734 67.6231 60.0416 55.3397 47.3053 39.5915 48.2129 49.8934 34.2493 42.6576 30.442 42.486 49.2326 28.2435 23.4012 21.7083 16.7955 14.68 15.8272 13.8554 13.5085 13.456 19.8186 12.764 11.13 10.5712 9.71813 9.54453
threshold=0.5505000000000001 85.500000000000014 74.500000000000014 71.500000000000014 90.500000000000014 254.50000000000003 54.500000000000007 248.50000000000003 156.50000000000003 253.50000000000003 219.50000000000003 74.500000000000014 0 55.500000000000007 250.50000000000003 18.500000000000004 254.50000000000003 1 90.500000000000014 1.2850000000000004 141.50000000000003 39.500000000000007 1.5350000000000004 58.500000000000007 142.50000000000003 47.500000000000007 178.50000000000003 43.500000000000007 61.500000000000007 98.500000000000014
decision_type=2 2 2 2 2 2 2 2 2 2 2 2 1 2 2 2 2 1 2 2 2 2 2 2 2 2 2 2 2 2
left_child=3 2 5 12 -3 6 15 25 19 -10 11 -4 13 14 26 -2 -16 -8 -15 20 -9 -14 -11 24 -17 -6 -1 -26 -19 -5
right_child=1 4 10 29 7 -7 17 8 9 22 -12 -13 21 18 16 23 -18 28 -20 -21 -22 -23 -24 -25 27 -27 -28 -29 -30 -31
leaf_value=-0.017035311710157052 -0.061856966931096519 -0.095241872246060344 0.078909756393697933 -0.069622628948850296 -0.084261724437185367 0.074579603289996063 0.002847316075614283 -0.019623732040545884 0.049099422626779729 -0.095241872246060316 0.079442515178507644 -0.063502077764252304 -0.021234335511831244 0.019059486886245387 -0.088476317102697988 0.053350105426944433 0.0032767576324900273 -0.032922391510530183 -0.056965020421730843 0.06773363731233728 0.070726287052761946 -0.085855178198215143 -0.0036163789022611477 0.069594917671381248 -0.036872796201941747 -0.009228555005378461 0.054162195504663592 0.015137306886156415 -0.095241872246060344 -0.095948301872439259
leaf_weight=12.335721522569658 9.4442410469055158 17.705699101090431 11.173892289400102 83.892808675765991 14.072745308279993 32.331152528524399 16.494326829910278 12.845248416066172 13.43427538871765 16.708194926381115 169.15202409029007 9.9322738796472532 10.98393678665161 52.381736516952515 44.373772233724594 28.307677075266838 8.2395978420972806 10.394626438617708 8.434659466147421 34.686286151409149 7.7847294211387625 33.883171245455742 5.2982899099588385 16.668729782104492 13.496117591857908 9.4899894595146161 9.8899915963411313 35.385706901550293 15.710690751671789 58.395683258771896
leaf_count=35 33 71 16 305 54 48 42 37 25 67 239 35 32 121 173 51 21 32 29 55 12 131 14 26 42 26 18 84 63 234
internal_value=-0.00300207 0.0303087 0.0445944 -0.0546503 -0.00956346 0.0153942 0.00227908 0.0037063 0.0186991 -0.0268297 0.0719489 0.0118927 -0.0343331 -0.0225249 -0.0477492 0.0205618 -0.0741072 -0.0420559 0.00851561 0.0478691 0.0144699 -0.0700353 -0.0731821 0.028855 0.0200574 -0.0540418 0.0146461 0.000777481 -0.0704275 -0.0804268
internal_weight=823.328 500.517 368.491 322.811 132.025 178.233 145.902 114.32 90.757 35.4408 190.258 21.1062 180.523 135.655 74.8391 103.302 52.6134 42.5996 60.8164 55.3163 20.63 44.8671 22.0065 93.8582 77.1895 23.5627 22.2257 48.8818 26.1053 142.288
internal_count=2171 1072 711 1099 361 421 373 290 210 106 290 51 560 397 247 236 194 137 150 104 49 163 81 203 177 80 53 126 95 539
cat_boundaries=0 1 2
cat_threshold=4 1
is_linear=0
shrinkage=0.05


Tree=2
num_leaves=31
num_cat=1
split_feature=7 0 1 0 4 3 1 6 2 1 0 1 4 8 0 4 6 0 1 3 0 6 2 2 4 0 1 2 2 2
split_gain=513.354 103.938 105.428 61.6341 58.1612 47.446 48.3234 46.4575 35.1188 43.7798 36.7521 34.9025 31.9482 30.9261 30.357 23.07 19.5422 25.7671 17.5295 13.2009 11.444 11.393 10.5085 10.5038 9.23534 8.78238 10.9036 10.9913 8.68779 7.77641
threshold=0.5505000000000001 87.500000000000014 253.50000000000003 71.500000000000014 32.500000000000007 28.500000000000004 141.50000000000003 248.50000000000003 1.8250000000000004 252.50000000000003 119.50000000000001 175.50000000000003 87.500000000000014 0 21.500000000000004 58.500000000000007 207.50000000000003 57.500000000000007 253.50000000000003 36.500000000000007 46.500000000000007 132.50000000000003 1.3050000000000004 1.0750000000000004 52.500000000000007 98.500000000000014 194.50000000000003 1.3950000000000002 1.1950000000000001 1.175
decision_type=2 2 2 2 2 2 2 2 2 2 2 2 2 1 2 2 2 2 2 2 2 2 2 2 2 2 2 2 2 2
left_child=3 2 5 4 23 6 -2 -3 9 15 -11 -6 13 18 -7 28 17 19 24 -16 -4 -21 -19 -1 -13 26 -5 -28 -9 -18
right_child=1 7 20 25 11 14 -8 8 -10 10 -12 12 -14 -15 16 -17 29 22 -20 21 -22 -23 -24 -25 -26 -27 27 -29 -30 -31
leaf_value=-0.037067708530001346 0.03022388340277854 -0.065348577047444498 0.039842561858065784 -0.092858082077250284 -0.083288489710195951 -0.04911367269931316 -0.080081370414711292 -0.045995248001675905 0.067888969432393059 0.024725128290045504 -0.087488859520266221 0.017316751627493451 -0.084359682697331892 -0.078005261996302325 0.065068453911625398 0.061828927875648337 0.062705757608254212 -0.063572655591721774 0.056989693351674177 0.043506574807622045 0.085050791290858796 -0.03024291846516948 0.0031360320224268034 0.017230450646351682 -0.047901861476267418 -0.09174453835564389 -0.03808774624380918 -0.084248355536154299 0.020513519295083858 0.038080748877003232
leaf_weight=10.871932655572889 19.166840434074402 29.822968870401382 16.045366764068604 26.591761365532875 52.719392731785774 10.77516548335552 20.600862979888916 9.9998241066932696 18.566685363650322 10.754403144121168 22.69493579864502 11.518021315336229 18.746498748660088 11.768742620944975 22.137014627456665 21.247056871652603 54.346306666731834 10.65209820866585 14.877306774258612 11.45760351419449 109.7343056499958 9.6450276821851713 13.243334501981733 49.273510634899139 10.266380950808523 58.026325911283493 37.221742257475853 19.732017755508423 9.6469713747501356 78.18109442293644
leaf_count=34 41 108 31 107 205 36 78 33 29 24 89 27 73 45 36 35 89 38 26 22 142 29 34 116 34 234 121 77 22 156
internal_value=-0.00286351 0.0288996 0.041941 -0.0521178 -0.0327083 0.0231687 -0.0269175 -0.0110519 0.00637666 -0.0089856 -0.0514106 -0.0528362 -0.0289377 -0.00748485 0.0326338 0.0257161 0.0370454 0.0150675 0.0151528 0.0380949 0.0792837 0.00979912 -0.0266013 0.00741548 -0.013419 -0.0768016 -0.066423 -0.0540804 -0.0133381 0.0481789
internal_weight=820.332 498.718 375.985 321.614 180.042 250.205 39.7677 122.733 92.9099 74.3432 33.4493 119.896 67.177 48.4305 210.438 40.8939 199.662 67.1351 36.6617 43.2396 125.78 21.1026 23.8954 60.1454 21.7844 141.572 83.5455 56.9538 19.6468 132.527
internal_count=2171 1072 732 1099 560 559 119 340 232 203 113 410 205 132 440 90 404 159 87 87 173 51 72 150 61 539 305 198 55 245
cat_boundaries=0 1
cat_threshold=4
is_linear=0
shrinkage=0.05


Tree=3
num_leaves=31
num_cat=0
split_feature=7 0 5 0 4 1 5 0 6 3 1 6 5 6 4 0 5 6 2 5 3 4 5 4 3 4 0 5 1 1
split_gain=465.963 94.2583 101.85 56.5216 52.9554 48.041 45.1726 44.4048 38.0194 60.6925 31.9417 30.0906 35.8236 42.2007 29.8478 26.8355 17.0203 17.1481 13.8654 18.2126 13.7988 14.3972 19.2603 12.749 12.4911 14.2198 12.1523 10.1946 9.52536 9.42931
threshold=0.5505000000000001 87.500000000000014 74.500000000000014 71.500000000000014 32.500000000000007 254.50000000000003 91.500000000000014 58.500000000000007 219.50000000000003 49.500000000000007 175.50000000000003 248.50000000000003 156.50000000000003 253.50000000000003 74.500000000000014 17.500000000000004 42.500000000000007 205.50000000000003 1.2850000000000004 141.50000000000003 26.500000000000004 25.500000000000004 59.500000000000007 73.500000000000014 30.500000000000004 35.500000000000007 32.500000000000007 43.500000000000007 132.50000000000003 254.50000000000003
decision_type=2 2 2 2 2 2 2 2 2 2 2 2 2 2 2 2 2 2 2 2 2 2 2 2 2 2 2 2 2 2
left_child=3 2 5 4 16 7 -3 15 9 -4 -6 -8 18 -14 29 -2 17 -1 19 -13 26 -22 24 -15 -23 -26 -17 -27 -29 -12
right_child=1 6 8 -5 10 -7 11 -9 -10 -11 14 12 13 23 -16 20 -18 -19 -20 -21 21 22 -24 -25 25 27 -28 28 -30 -31
leaf_value=0.015061173386590574 -0.072299153512591793 -0.090194725545399645 -0.091032953818356396 -0.073562601706470596 -0.079780114955838657 0.068242544722675005 -0.052109340142407416 -0.049773420821140987 0.073133501262092615 0.071714565727600807 -0.018785993376060933 -0.034545019607328913 0.045426437820115524 -0.089093619613435898 -0.071519992272871188 0.021306909485917676 0.022169766669986154 -0.092986935258032727 0.061530925453100294 0.065847084526207619 0.078510787744979979 0.058675721850689082 0.070201068629700145 0.00032392439476358853 -0.03988847070087969 -0.024347792755346796 -0.073399582509464698 0.059956654430227331 -0.0027559222518132999 0.031355997193994026
leaf_weight=7.2404782325029355 8.0563565045595151 15.53854990005493 9.6428774446249026 140.44540598988533 52.296146854758263 31.987387657165527 21.299831077456474 33.681905671954155 171.9615580290556 14.112309902906416 28.353931188583374 10.879986926913263 13.37945409119129 16.468401283025745 24.52119043469429 6.9774191677570325 45.445571228861809 7.4512136280536652 31.649185866117477 7.7254725843667975 12.820382699370382 10.451921179890631 16.056705340743065 5.2593687474727622 16.318363770842552 10.708009824156759 6.5827648490667343 14.614888787269594 10.338039264082907 14.008145019412039
leaf_count=17 30 63 39 539 205 48 74 114 246 21 83 34 25 67 92 16 103 30 51 12 18 18 24 14 51 31 24 25 27 30
internal_value=-0.00273572 0.0275806 0.0400282 -0.0498095 -0.0312055 0.012725 -0.0105475 0.000611922 0.0649428 0.00565092 -0.0505068 0.00105557 0.0143215 -0.0244321 -0.0276179 0.0156403 0.00704559 -0.0397378 0.0413943 0.0071404 0.0223961 0.0293856 0.0213614 -0.0674494 0.00880028 -0.0012286 -0.0246682 0.0164621 0.0339747 -0.00220521
internal_weight=816.273 496.511 374.311 319.762 179.317 178.594 122.2 146.607 195.717 23.7552 119.179 106.662 85.3619 35.1072 66.8833 112.925 60.1373 14.6917 50.2546 18.6055 104.868 91.3083 78.4879 21.7278 62.4312 51.9793 13.5602 35.6609 24.9529 42.3621
internal_count=2171 1072 732 1099 560 426 340 378 306 60 410 277 203 106 205 264 150 47 97 46 234 194 176 81 152 134 40 83 52 113
is_linear=0
shrinkage=0.05


Tree=4
num_leaves=31
num_cat=1
split_feature=7 3 0 5 0 1 0 5 2 1 0 6 8 5 2 6 1 1 3 6 6 5 3 1 1 2 0 3 1 2
split_gain=423.726 87.7733 81.966 76.9254 52.0794 51.9003 34.367 30.0091 25.9546 29.591 39.7543 26.5101 24.2021 36.3084 29.8964 27.4212 31.0171 20.6973 22.4482 18.9405 24.7688 13.7487 11.7145 11.5574 21.3204 14.1799 13.3305 9.79032 8.85481 8.3782
threshold=0.5505000000000001 28.500000000000004 87.500000000000014 66.500000000000014 71.500000000000014 141.50000000000003 63.500000000000007 91.500000000000014 1.8250000000000004 252.50000000000003 119.50000000000001 248.50000000000003 0 65.500000000000014 1.5250000000000001 250.50000000000003 254.50000000000003 250.50000000000003 31.500000000000004 207.50000000000003 110.50000000000001 55.500000000000007 39.500000000000007 91.500000000000014 129.50000000000003 1.2850000000000004 53.500000000000007 48.500000000000007 178.50000000000003 1.1850000000000003
decision_type=2 2 2 2 2 2 2 2 2 2 2 2 1 2 2 2 2 2 2 2 2 2 2 2 2 2 2 2 2 2
left_child=4 5 3 6 12 -2 17 -4 9 11 -11 -9 13 14 15 28 21 18 -3 20 -5 -17 -14 -20 25 -25 27 -26 -1 -13
right_child=1 2 7 19 -6 -7 -8 8 -10 10 -12 29 22 -15 -16 16 -18 -19 23 -21 -22 -23 -24 24 26 -27 -28 -29 -30 -31
leaf_value=-0.0074402251393505536 0.026630381749045945 0.057734451372964901 -0.08736114353227753 0.067055709776721983 -0.070616858894056167 -0.078693495493397062 -0.067792631630125222 -0.03764135793340001 0.056923331691373535 0.041492730978433034 -0.081890985111427075 0.003809146860164338 -0.016990561136756739 0.020379381465054771 -0.088746020148213881 -0.077973239791055068 0.035229891149151503 0.065734926996565926 -0.050206559091178819 0.069745195030356449 -0.032799272038038729 0.00024425430044194943 -0.076749477914768507 -0.0083953699070438686 0.022482627544650743 0.064691298393623461 -0.076749913791185898 -0.051345010975717864 0.052153548360337566 0.056265302278804732
leaf_weight=12.896005377173426 19.316340193152428 20.54431925714016 9.7665023207664472 14.26644040644169 139.02426984906197 29.650704100728035 11.543282553553579 16.044451907277107 19.104960396885872 9.224589869379999 22.33624330163002 11.082065090537069 10.896785527467726 40.406525984406471 21.076853439211845 31.131370916962624 9.9707307219505292 22.447180032730103 10.481612786650656 184.865562915802 10.997336834669111 6.8552919626235953 33.147409096360207 10.547521442174913 13.710006311535841 17.897683128714561 8.3356299549341184 6.6777613013982764 12.06484569609165 24.309632509946823
leaf_count=35 42 35 40 22 539 116 42 53 32 18 89 28 32 93 86 122 21 34 35 269 35 18 131 28 31 29 31 22 22 41
internal_value=-0.0026185 0.026386 0.0333898 0.0458517 -0.0476734 -0.0371457 0.0143043 -0.00362936 0.00437995 -0.00771494 -0.0458284 0.0156712 -0.0297985 -0.0192574 -0.0362964 -0.0211359 -0.0432566 0.0228695 0.0119594 0.0641958 0.0235888 -0.0638577 -0.0619648 -0.0019418 0.00690733 0.0375907 -0.0234788 -0.0016987 0.0213645 0.0398399
internal_weight=810.62 493.15 444.183 332.314 317.47 48.967 122.185 111.868 102.102 82.997 31.5608 51.4361 178.446 134.402 93.9951 72.9182 47.9574 110.642 88.1945 210.129 25.2638 37.9867 44.0442 67.6502 57.1686 28.4452 28.7234 20.3878 24.9609 35.3917
internal_count=2171 1072 914 613 1099 158 287 301 261 229 107 122 560 397 304 218 161 245 211 326 57 140 163 176 141 57 84 53 57 69
cat_boundaries=0 1
cat_threshold=4
is_linear=0
shrinkage=0.05


Tree=5
num_leaves=31
num_cat=2
split_feature=7 0 5 8 5 0 4 6 3 0 3 0 3 4 4 3 0 8 0 6 2 6 5 6 5 0 5 3 6 6
split_gain=377.945 89.85 67.4185 45.7486 38.7521 38.1451 35.7274 34.7917 40.7212 33.683 28.6901 28.5917 34.9692 34.2133 26.9448 20.357 21.2875 17.2817 17.2226 16.9893 16.7156 15.5106 14.6791 14.3131 21.5691 17.0549 14.202 13.6615 11.5807 10.2741
threshold=0.5505000000000001 85.500000000000014 68.500000000000014 0 90.500000000000014 68.500000000000014 58.500000000000007 224.50000000000003 34.500000000000007 88.500000000000014 42.500000000000007 112.50000000000001 49.500000000000007 84.500000000000014 24.500000000000004 25.500000000000004 21.500000000000004 1 37.500000000000007 224.50000000000003 1.0450000000000002 180.50000000000003 58.500000000000007 254.50000000000003 150.50000000000003 185.50000000000003 86.500000000000014 31.500000000000004 138.50000000000003 208.50000000000003
decision_type=2 2 2 1 2 2 2 2 2 2 2 2 2 2 2 2 2 1 2 2 2 2 2 2 2 2 2 2 2 2
left_child=3 2 5 6 -3 15 9 8 -4 10 14 12 17 23 18 20 -17 -6 -1 21 -2 -16 -12 24 -13 -26 -8 -5 -18 -30
right_child=1 4 7 27 11 -7 26 -9 -10 -11 22 13 -14 -15 19 16 28 -19 -20 -21 -22 -23 -24 -25 25 -27 -28 -29 29 -31
leaf_value=0.059488504303040472 0.015044967939996497 -0.08455112448963592 -0.072898591672053745 -0.003899370831176056 0.02394951330492992 -0.093164372867354281 -0.070653444312589117 0.066633153148088806 0.046012156705649475 -0.074701471611895096 -0.007840996984879953 -0.090255538249400302 0.065765404417523279 0.04519079776838851 -0.047420933897342248 -0.030942625994081964 0.060840772541434107 -0.071200283638205519 -0.020532157389933518 -0.065975443331277903 -0.092962963884830357 0.038679401013871365 0.061909820289945142 -0.074754561114903265 0.051590946195769073 -0.04885917426159217 0.0045304166017708699 -0.070673922604798892 -0.0034400234519041551 0.033775225266887247
leaf_weight=13.951542347669603 7.4329084753990156 15.668057471513746 10.065847307443617 8.1666364818811399 9.7595128864049911 7.8698039799928656 49.358150690793991 171.36855725944042 25.285903230309486 19.081203907728195 11.844068527221678 7.3955225050449398 27.094861075282097 14.026623964309691 11.111760988831522 14.896023958921431 27.65380884706974 9.3382601886987686 12.979955106973646 28.933158919215202 6.9146447628736496 9.8829426616430265 20.771044880151749 20.760391592979431 10.584517404437067 7.033603459596633 7.1970496326684943 123.42054970562458 25.016465455293655 71.698372319340706
leaf_count=25 18 65 39 24 23 32 191 253 48 77 34 30 43 26 38 46 45 36 38 109 28 21 36 81 19 24 20 488 67 145
internal_value=-0.00142242 0.0260977 0.0384068 -0.0439902 -0.011155 0.0141995 -0.0279678 0.0573166 0.0121542 -0.0133983 -0.00271323 -0.000305529 0.0292417 -0.0231291 -0.0193873 0.0196999 0.0255422 -0.022576 0.0209216 -0.0411302 -0.0370083 -0.00689049 0.03658 -0.0440645 -0.018593 0.0114887 -0.0610858 -0.0665297 0.0323076 0.024149
internal_weight=806.562 489.864 368.202 316.698 121.661 161.482 185.111 206.72 35.3518 128.556 109.474 105.993 46.1926 59.8007 76.8594 153.612 139.265 19.0978 26.9315 49.9279 14.3476 20.9947 32.6151 45.774 25.0136 17.6181 56.5552 131.587 124.369 96.7148
internal_count=2169 1068 721 1101 347 381 589 340 87 378 301 282 102 180 231 349 303 59 63 168 46 59 70 154 73 43 211 512 257 212
cat_boundaries=0 1 2
cat_threshold=4 1
is_linear=0
shrinkage=0.05


Tree=6
num_leaves=31
num_cat=0
split_feature=7 0 1 5 0 4 5 0 0 3 1 6 5 6 3 5 0 5 4 1 1 2 4 1 0 6 4 4 5 6
split_gain=344.375 81.8117 69.5271 38.9346 44.2197 36.9599 35.6639 29.3581 25.9782 31.7767 31.501 27.4618 24.4937 19.8867 16.9669 16.8844 20.2918 15.1321 24.2016 18.1332 14.6553 13.1382 14.1633 15.5076 19.5741 12.8328 11.259 10.0261 9.88737 9.63976
threshold=0.5505000000000001 85.500000000000014 253.50000000000003 83.500000000000014 71.500000000000014 41.500000000000007 90.500000000000014 71.500000000000014 112.50000000000001 49.500000000000007 253.50000000000003 248.50000000000003 69.500000000000014 139.50000000000003 25.500000000000004 43.500000000000007 56.500000000000007 63.500000000000007 23.500000000000004 192.50000000000003 199.50000000000003 1.1150000000000004 47.500000000000007 253.50000000000003 91.500000000000014 86.000000000000014 84.500000000000014 56.500000000000007 78.500000000000014 253.50000000000003
decision_type=2 2 2 2 2 2 2 2 2 2 2 2 2 2 2 2 2 2 2 2 2 2 2 2 2 2 2 2 2 2
left_child=5 2 3 4 12 7 -3 17 9 -8 11 -10 13 25 -15 -16 27 18 -1 -20 -9 22 -7 -24 -25 -2 29 -17 -19 -13
right_child=1 6 -4 -5 -6 21 8 20 10 -11 -12 26 -14 14 15 16 -18 28 19 -21 -22 -23 23 24 -26 -27 -28 -29 -30 -31
leaf_value=0.041231703015351825 -0.0080200225040040676 -0.081760047101544442 0.067319917576886323 0.055474012425683783 -0.056490963195291212 0.021155624479602592 -0.021556876817231049 -0.075857218325662432 -0.0697794902096949 0.06288085661035156 -0.071721388539211284 0.038838650030140233 0.058051124460881676 -0.070381730559215899 -0.047636454522948485 0.037273534801460527 -0.037329081630314634 0.046534847657619186 -0.060220742391093929 0.018004409146719743 -0.018623171400689139 -0.064077522903069326 -0.074321832496138884 0.036894391620418361 -0.081147650934943402 0.057314606051109107 0.065772146248621863 -0.028278566395795342 -0.011873717578895843 -0.036064046232197465
leaf_weight=12.168903991580008 10.373441755771635 15.399512946605681 123.46508456766605 61.719103172421455 22.274913385510445 9.4849877804517728 19.008547097444534 28.134268030524254 9.3857388794422132 26.925098046660423 20.807504639029503 8.885740935802465 31.704166129231453 8.6980050206184369 13.572655543684958 44.329951733350754 15.101687803864477 19.039771199226383 28.256881862878799 10.040817901492117 18.565295562148094 139.7130268663168 21.741220712661743 9.2159328013658506 5.6742786169052115 27.282495960593224 11.974907279014586 6.7169028073549262 11.696555271744726 8.3150960654020292
leaf_count=25 28 65 179 101 80 25 59 116 36 43 82 17 52 33 45 88 49 36 104 24 61 543 89 21 24 46 18 20 33 27
internal_value=-0.00136579 0.0249986 0.0367924 0.0212031 0.00945574 -0.0422017 -0.010689 -0.0215158 -0.000295504 0.0279383 -0.0221399 0.00461386 0.0187659 0.00888687 -0.00407238 0.00316232 0.0135854 -0.00334958 -0.0201941 -0.0397118 -0.053104 -0.0564393 -0.0332989 -0.0473988 -0.00808841 0.0393163 0.028546 0.028648 0.0243078 0.00262977
internal_weight=799.672 485.941 365.238 241.773 180.054 313.732 120.702 127.902 105.303 45.9336 59.369 38.5615 157.779 126.075 88.4192 79.7212 66.1485 81.2029 50.4666 38.2977 46.6996 185.829 46.1164 36.6314 14.8902 37.6559 29.1757 51.0469 30.7363 17.2008
internal_count=2169 1068 721 542 441 1101 347 399 282 102 180 98 361 309 235 202 157 222 153 128 177 702 159 134 45 74 62 108 69 44
is_linear=0
shrinkage=0.05


Tree=7
num_leaves=31
num_cat=3
split_feature=7 0 1 8 5 0 5 0 5 6 0 3 1 6 5 1 6 8 8 1 5 5 3 1 6 5 2 3 2 3
split_gain=314.052 74.5898 64.4728 41.2483 35.6978 40.1263 32.9216 24.9202 30.2346 24.2701 23.628 28.9296 28.8229 25.2833 22.3981 22.3493 18.0329 21.2862 15.8204 14.4023 13.6737 13.2546 12.612 12.2302 11.6901 11.5974 10.9825 9.62117 8.90244 11.7392
threshold=0.5505000000000001 85.500000000000014 253.50000000000003 0 83.500000000000014 71.500000000000014 90.500000000000014 88.500000000000014 72.500000000000014 254.50000000000003 112.50000000000001 49.500000000000007 253.50000000000003 249.50000000000003 69.500000000000014 254.50000000000003 139.50000000000003 1 2 253.50000000000003 57.500000000000007 55.500000000000007 31.500000000000004 193.50000000000003 86.000000000000014 78.500000000000014 1.0450000000000002 47.500000000000007 1.155 43.500000000000007
decision_type=2 2 2 1 2 2 2 2 2 2 2 2 2 2 2 2 2 1 1 2 2 2 2 2 2 2 2 2 2 2
left_child=3 2 4 7 5 14 -3 8 9 20 11 18 13 -12 16 21 24 26 -8 25 -1 -11 -5 -23 -2 -10 -18 -7 -19 -30
right_child=1 6 -4 22 -6 27 10 -9 19 15 12 -13 -14 -15 -16 -17 17 28 -20 -21 -22 23 -24 -25 -26 -27 -28 -29 29 -31
leaf_value=0.022742155922811536 -0.0076166226036445631 -0.079275650251948812 0.064958511592023579 -0.0018620380808809047 0.053300893199558511 -0.076822384826661205 0.023827686862006776 -0.07255854298278909 0.032786356636270851 -0.074751464799602679 -0.059142335298820937 0.060225629025408206 -0.068987176455829122 0.030409451871446787 0.055680419538042071 0.0045364396146461089 0.0055061257149845904 -0.010037722136667534 -0.067537386287345444 0.07482283339069877 -0.045014496739846643 0.01842393813184974 -0.066314283533205134 -0.066572372083169198 0.054786463092718597 -0.024966722181269746 -0.048419116884911038 -0.0064662443977394866 0.063104223901507328 -0.00014649370435186691
leaf_weight=25.17983090877533 10.376625791192053 15.095663473010061 121.60292169451714 8.102171838283537 61.04095870256424 14.957054287195207 9.7604095488786697 24.136753648519516 16.878118351101875 45.43636691570282 11.104658484458922 26.711914613842964 20.556887209415436 27.157543301582336 31.40882508456707 16.643011003732681 14.428034648299215 16.509618565440178 9.2077306360006332 8.7437750250101072 10.572397589683531 8.6983204931020754 120.09538862109184 8.243022605776785 27.118489444255829 17.923895657062531 27.321117475628853 7.1974787563085547 16.938364267349247 12.939859881997107
leaf_count=59 28 65 179 24 101 60 23 101 38 187 41 43 82 57 52 44 37 45 36 14 36 21 488 32 46 57 92 20 28 33
internal_value=-0.0013116 0.0239787 0.0352933 -0.0405052 0.0202773 0.00902822 -0.0102542 -0.0252331 -0.0180181 -0.031477 -0.000283517 0.0266953 -0.0212358 0.00441926 0.017915 -0.0469426 0.00847345 -0.00388207 -0.0205238 0.0174553 0.00270564 -0.0606777 -0.0622409 -0.0229321 0.0375167 0.0030421 -0.0297832 -0.0539654 0.019429 0.0357112
internal_weight=792.087 481.434 361.839 310.653 240.236 179.195 119.595 182.455 158.319 114.773 104.499 45.6801 58.8191 38.2622 157.041 79.0207 125.632 88.137 18.9681 43.5458 35.7522 62.3777 128.198 16.9413 37.4951 34.802 41.7492 22.1545 46.3878 29.8782
internal_count=2169 1068 721 1101 542 441 347 589 488 379 282 102 180 98 361 284 309 235 59 109 95 240 512 53 74 95 129 80 106 61
cat_boundaries=0 1 2 3
cat_threshold=4 4 1
is_linear=0
shrinkage=0.05


Tree=8
num_leaves=31
num_cat=2
split_feature=7 0 1 8 5 0 4 1 5 4 0 0 4 3 0 5 1 8 5 4 3 3 1 5 0 5 0 3 1 1
split_gain=286.755 68.0634 59.9672 38.4163 32.7823 36.6198 30.7722 38.8843 30.4709 24.5467 23.9751 21.5057 26.8834 26.3787 19.7006 14.8884 18.6075 14.4616 13.9393 23.8032 13.8849 15.6185 13.1464 17.3526 12.4169 12.0392 13.0714 11.7871 11.087 7.1779
threshold=0.5505000000000001 85.500000000000014 253.50000000000003 0 83.500000000000014 62.500000000000007 82.500000000000014 253.50000000000003 90.500000000000014 55.500000000000007 21.500000000000004 112.50000000000001 84.500000000000014 49.500000000000007 88.500000000000014 69.500000000000014 129.50000000000003 1 63.500000000000007 23.500000000000004 28.500000000000004 49.500000000000007 251.50000000000003 150.50000000000003 50.500000000000007 66.500000000000014 72.500000000000014 31.500000000000004 167.50000000000003 200.50000000000003
decision_type=2 2 2 1 2 2 2 2 2 2 2 2 2 2 2 2 2 1 2 2 2 2 2 2 2 2 2 2 2 2
left_child=3 2 4 6 5 10 7 9 -3 14 -2 13 22 17 18 16 -12 -10 19 -1 -18 -22 23 -13 -20 -7 -27 -5 -21 -26
right_child=1 8 -4 27 -6 25 -8 -9 11 -11 15 12 -14 -15 -16 -17 20 -19 24 28 21 -23 -24 -25 29 26 -28 -29 -30 -31
leaf_value=0.037616517784136959 -0.042421093344588656 -0.077052375638144557 0.062775537176210719 -0.0017695150670269191 0.051261998906998812 -0.072445478100100144 -0.073949911810180277 0.046444643503934388 0.022618472004275456 -0.073271404363830159 0.040926266720469902 -0.066153512489894914 0.040836249429393179 0.057767173731022463 -0.066806750989071462 0.064805190164226423 -0.055542302298537842 -0.065007797277888871 0.056490901425003959 -0.063385237509361911 0.027819294101518885 -0.046247421605871919 -0.064353434423967876 0.027440351030972279 -0.020582620312551134 0.021274137668432457 -0.04722493574941225 -0.064121830584024236 -0.011891735289307821 0.036786288821049416
leaf_weight=12.364630937576292 13.445363506674765 14.763075232505797 119.59116020798683 8.0995790958404523 60.313945055007935 13.078505516052244 26.504968747496605 21.682969316840172 9.7678958922624588 22.575674161314964 51.297642752528191 8.2432616651058215 13.730853587388991 26.462594360113144 16.290086150169373 22.365842208266258 9.7226139307022077 9.0906839072704315 12.586323335766791 24.241704672574997 31.325488582253456 9.2102897763252241 23.976219296455383 12.404856532812117 18.704449146986011 13.407791480422022 14.492464289069174 118.04375497996807 18.378001287579536 7.6956438720226279
leaf_count=26 45 65 179 24 101 52 111 43 23 94 97 32 26 43 69 33 35 36 22 95 67 30 95 27 58 31 51 488 54 17
internal_value=-0.00126214 0.0230138 0.0338772 -0.0389358 0.0193963 0.00861985 -0.0241752 -0.0156372 -0.00984515 -0.0257709 0.0209945 -0.000275123 -0.0203437 0.0255651 -0.0160453 0.027875 0.0197419 -0.0196213 -0.00724564 -0.0234612 -0.00188059 0.0109903 -0.0391687 -0.00992473 0.0156239 -0.032862 -0.0143069 -0.0601182 -0.0411808 -0.00385955
internal_weight=783.858 476.691 358.251 307.168 238.66 178.346 181.024 154.519 118.439 132.837 137.367 103.676 58.3552 45.3212 110.261 123.922 101.556 18.8586 93.9708 54.9843 50.2584 40.5358 44.6243 20.6481 38.9864 40.9788 27.9003 126.143 42.6197 26.4001
internal_count=2169 1068 721 1101 542 441 589 478 347 435 307 282 180 102 341 262 229 59 272 175 132 97 154 59 97 134 82 512 149 75
cat_boundaries=0 1 2
cat_threshold=4 1
is_linear=0
shrinkage=0.05


Tree=9
num_leaves=31
num_cat=1
split_feature=7 0 1 8 5 0 4 1 5 0 4 5 6 0 6 5 1 3 1 3 5 6 6 5 3 6 3 4 4 4
split_gain=262.199 62.1895 55.8477 35.8033 30.2034 35.4666 28.5738 35.2964 28.2682 26.9565 22.7983 20.2 20.7723 18.2866 17.893 16.5552 16.0686 15.2135 15.0284 14.3168 12.8481 43.4503 17.0759 11.2687 11.0464 10.5796 9.61584 8.87351 11.1982 7.76218
threshold=0.5505000000000001 85.500000000000014 253.50000000000003 0 85.500000000000014 56.500000000000007 82.500000000000014 253.50000000000003 90.500000000000014 21.500000000000004 55.500000000000007 164.50000000000003 253.50000000000003 88.500000000000014 249.50000000000003 57.500000000000007 139.50000000000003 37.500000000000007 180.50000000000003 58.500000000000007 55.500000000000007 254.50000000000003 206.50000000000003 82.500000000000014 31.500000000000004 167.50000000000003 66.500000000000014 27.500000000000004 35.500000000000007 55.500000000000007
decision_type=2 2 2 1 2 2 2 2 2 2 2 2 2 2 2 2 2 2 2 2 2 2 2 2 2 2 2 2 2 2
left_child=3 2 4 6 5 9 7 10 -3 -2 13 14 -13 20 -10 16 27 -7 25 -19 21 -1 -22 -24 -5 -18 29 -11 -29 -16
right_child=1 8 -4 24 -6 17 -8 -9 11 15 -12 12 -14 -15 26 -17 18 19 -20 -21 22 -23 23 -25 -26 -27 -28 28 -30 -31
leaf_value=0.028695696412232359 -0.04203305840467067 -0.075053277129725593 0.060746398616145572 -0.0016815694683459761 0.051379666830179006 -0.049484559371299253 -0.071674255157376118 0.044157079333335868 -0.020607619908993208 0.073522265509086845 -0.070971956133000488 0.016171396412725348 -0.070611418901944098 -0.064829395152097583 -0.0078959225215374396 0.061230065720258055 -0.0075085301034072188 0.019276871678401086 0.02738368401967561 -0.060271610483808802 -0.041599179355005463 -0.067960092662774099 0.04756450712554227 -0.014254521525929102 -0.062087998671121504 -0.094839229556724705 0.061441499239835717 -0.01479582415731058 0.044309631512921555 0.041790934777653527
leaf_weight=20.813972100615501 13.628084152936934 14.407483369112013 117.46090437471867 8.0971035808324796 54.132304817438126 28.083773210644722 25.992162212729454 21.666288122534752 25.265793919563293 12.185914084315298 22.152476072311401 11.50072878599167 17.219395756721497 15.956096053123472 17.121984750032428 34.433829501271248 7.5612737387418765 24.577632099390033 12.835748419165609 7.3469380289316168 11.333282411098478 26.343332171440125 24.542576134204865 10.536522150039671 115.87036219239235 6.4061390906572342 17.10612940788269 12.180348277091978 23.42634779214859 14.531362161040304
leaf_count=46 46 65 179 24 90 101 111 43 82 17 94 26 73 69 47 53 21 58 28 26 40 108 47 31 488 26 27 33 43 27
internal_value=-0.00121648 0.0221156 0.032559 -0.0374804 0.018577 0.00885607 -0.0231977 -0.0149808 -0.00946446 0.0242663 -0.0247113 -0.000267257 -0.03586 -0.0153547 0.0135419 0.0325534 0.019316 -0.0226426 -0.0116717 0.000970039 -0.00691802 -0.0252988 0.0117578 0.0289963 -0.0581425 -0.0475627 0.0312372 0.0366946 0.0240908 0.0149142
internal_weight=774.716 471.412 354.259 303.304 236.798 182.666 179.337 153.345 117.153 122.658 131.678 102.745 28.7201 109.526 74.0253 109.03 74.5958 60.0083 26.8032 31.9246 93.5697 47.1573 46.4124 35.0791 123.967 13.9674 48.7595 47.7926 35.6067 31.6533
internal_count=2169 1068 721 1101 542 452 589 478 347 267 435 282 99 341 183 221 168 185 75 84 272 154 118 78 512 47 101 93 76 74
cat_boundaries=0 1
cat_threshold=4
is_linear=0
shrinkage=0.05


Tree=10
num_leaves=31
num_cat=1
split_feature=7 0 5 0 0 5 6 0 8 1 2 1 6 0 3 5 6 0 5 3 5 3 0 2 5 2 2 1 2 1
split_gain=282.248 48.9325 76.5729 32.9038 30.9318 27.2999 25.9527 29.0049 24.4056 27.5543 21.9511 23.3242 18.3663 17.9664 18.7655 16.885 17.527 16.496 15.4201 14.8008 18.1025 12.8052 13.2049 8.98064 8.90394 8.38731 8.13337 8.50561 13.9653 7.90885
threshold=0.5505000000000001 88.500000000000014 74.500000000000014 78.500000000000014 63.500000000000007 91.500000000000014 208.50000000000003 74.500000000000014 0 253.50000000000003 1.6050000000000002 251.50000000000003 213.50000000000003 21.500000000000004 26.500000000000004 49.500000000000007 205.50000000000003 124.50000000000001 74.500000000000014 39.500000000000007 78.500000000000014 76.500000000000014 58.500000000000007 1.3450000000000004 72.500000000000014 1.175 1.2750000000000001 139.50000000000003 1.5250000000000001 250.50000000000003
decision_type=2 2 2 2 2 2 2 2 1 2 2 2 2 2 2 2 2 2 2 2 2 2 2 2 2 2 2 2 2 2
left_child=3 2 4 8 13 -3 7 -4 9 15 11 12 -7 -2 -15 16 -1 -13 23 20 -10 22 -17 -11 -24 -14 29 -28 -29 -16
right_child=1 5 6 -5 -6 10 -8 -9 19 18 -12 17 25 14 26 21 -18 -19 -20 -21 -22 -23 24 -25 -26 -27 27 28 -30 -31
leaf_value=0.0038173571507966785 -0.029018554737211356 -0.074630181703584875 0.058187651101446719 -0.060411180968431115 -0.03731304722315134 -0.040147853109317809 0.060785780133161695 -0.065570237806196821 -0.059831634522032717 0.036960620135573406 0.041924191824606161 0.015283905073678238 -0.0026418321569252022 -0.035160866126565687 0.0091167054019988467 0.022481685629388681 -0.067492990593272975 -0.070594144774292072 0.08554554194429996 -0.070691229318606358 0.056516296758201356 -0.062813717914179418 -0.053577392657338158 -0.034006192721218624 0.0030026935381581746 0.050243883881469213 0.065415266821027579 0.046528865843776954 -0.036259634152767527 0.058014555597551323
leaf_weight=11.640905767679213 17.105571493506432 12.143009454011915 9.9491233378648776 101.74398082494736 29.759009137749672 12.201638609170912 178.78231458365917 9.0327689498662931 7.7998349815607053 9.8200636357069069 28.471725210547447 7.8123657256364849 11.553726658225058 11.438450098037718 43.666041895747185 30.05229564011097 33.168141946196556 19.673458248376846 8.7907317727804166 37.856356382369995 5.8511205166578293 9.6129432618617994 13.924896717071535 8.1642452627420408 13.88860936462879 21.351561427116394 27.421372890472412 20.536395311355594 6.7741961032152167 10.201308250427244
leaf_count=31 54 56 16 436 102 45 274 37 31 21 55 18 33 38 104 70 142 85 12 168 12 40 51 27 38 39 41 37 21 16
internal_value=0.00124786 0.0249209 0.0338355 -0.0374528 0.00889522 -0.00379494 0.0548838 -0.000704076 -0.0251955 -0.0143058 0.00471599 -0.0098775 0.0122463 0.018922 0.0257537 -0.025174 -0.0489673 -0.0461848 0.0312727 -0.0545962 -0.00996218 -0.00937413 -0.000496496 0.00474418 -0.0253243 0.0316746 0.0321696 0.0457444 0.0259938 0.0183769
internal_weight=770.188 477.874 364.667 292.314 166.902 113.207 197.764 18.9819 190.57 139.063 101.064 72.5928 45.1069 137.143 120.038 112.288 44.809 27.4858 26.775 51.5073 13.651 67.4787 57.8658 17.9843 27.8135 32.9053 108.599 54.732 27.3106 53.8674
internal_count=2150 1071 740 1079 413 331 327 53 643 432 275 220 117 311 257 372 173 103 60 211 43 199 159 48 89 72 219 99 58 120
cat_boundaries=0 1
cat_threshold=4
is_linear=0
shrinkage=0.05


Tree=11
num_leaves=31
num_cat=0
split_feature=7 0 5 0 4 0 5 6 0 1 5 0 3 5 5 4 6 3 4 5 1 3 5 1 0 4 5 6 4 4
split_gain=258.44 44.869 71.3646 31.3098 28.2129 28.0734 25.3436 24.0225 26.574 21.6889 17.1348 16.3166 17.0561 16.1908 15.7312 19.543 17.2848 11.8257 11.5917 10.6447 9.15063 8.51289 7.7743 6.96897 18.5795 8.25793 6.76501 10.6057 6.75551 12.1523
threshold=0.5505000000000001 88.500000000000014 74.500000000000014 67.500000000000014 33.500000000000007 63.500000000000007 91.500000000000014 208.50000000000003 74.500000000000014 253.50000000000003 43.500000000000007 21.500000000000004 26.500000000000004 89.500000000000014 160.50000000000003 84.500000000000014 213.50000000000003 31.500000000000004 93.500000000000014 100.50000000000001 251.50000000000003 28.500000000000004 67.500000000000014 254.50000000000003 90.500000000000014 65.500000000000014 43.500000000000007 142.50000000000003 39.500000000000007 61.500000000000007
decision_type=2 2 2 2 2 2 2 2 2 2 2 2 2 2 2 2 2 2 2 2 2 2 2 2 2 2 2 2 2 2
left_child=3 2 5 4 10 11 -3 8 -4 13 17 -2 -13 -6 16 20 19 -1 -11 -8 -16 -12 -7 -5 25 -25 27 -14 -18 -30
right_child=1 6 7 23 9 22 14 -9 -10 18 21 12 26 -15 15 -17 28 -19 -20 -21 -22 -23 -24 24 -26 -27 -28 -29 29 -31
leaf_value=-0.084619909597896129 -0.027613608737927915 -0.072908122680149318 0.056028355220352467 -0.060232445038330307 -0.059160434759654969 -0.058322738835744806 0.0060055034407065491 0.058915179073151649 -0.063279608004905188 0.027658512041397326 -0.010605909402774751 -0.033518790494917287 0.038845970440305438 0.014877362487550096 0.0056601442564909142 0.045785768377133162 0.055914349409438284 0.0088069191814149957 -0.052072718837918835 -0.082296298719699068 -0.067654186439494043 0.038242364841955992 -0.0067357385572170058 0.036186211130405377 -0.065612242522672837 -0.035322694845625106 0.037596188337591457 -0.026951098117888518 -0.011198422542984303 0.044236583317558337
leaf_weight=7.2535054683685285 17.077788397669792 11.816602557897566 9.8192418515682238 99.990987539291382 63.232075482606888 16.581486731767658 7.7849313467740995 175.32410378754139 8.8952560871839506 16.430799707770351 12.77304223179817 11.399860069155691 12.954103454947473 8.3605132102966291 5.706496447324759 7.1721296161413184 17.033507257699966 6.3541433811187744 6.308978706598281 6.0773497372865677 16.745592668652534 29.559863775968552 13.052153840661047 9.2574961334466952 21.535103425383568 7.1597427427768698 83.250250115990639 11.616409182548521 18.595757856965065 21.10816490650177
leaf_count=31 54 56 16 433 268 64 24 274 37 37 35 38 24 24 14 13 31 17 25 26 74 63 38 23 97 26 161 34 54 39
internal_value=0.00119923 0.0239796 0.0325801 -0.0361082 -0.020319 0.00850559 -0.00365241 0.0531674 -0.000680347 -0.0370025 0.00781435 0.0180952 0.0246427 -0.0505144 0.00451297 -0.0260675 0.0173448 -0.0409939 0.00553769 -0.0327068 -0.0490204 0.0235035 -0.0356012 -0.0533087 -0.035067 0.00500037 0.0307921 0.00773853 0.0295736 0.018273
internal_weight=760.227 472.011 359.971 288.216 150.273 165.932 112.041 194.039 18.7145 94.3324 55.9406 136.298 119.221 71.5926 100.224 29.6242 70.5997 13.6076 22.7398 13.8623 22.4521 42.3329 29.6336 137.943 37.9523 16.4172 107.821 24.5705 56.7374 39.7039
internal_count=2150 1071 740 1079 500 413 331 327 53 354 146 311 257 292 275 101 174 48 62 50 88 98 102 579 146 49 219 58 124 93
is_linear=0
shrinkage=0.05


Tree=12
num_leaves=31
num_cat=0
split_feature=7 0 5 0 4 0 5 6 0 1 2 1 5 6 5 2 0 3 0 4 3 2 2 1 2 1 5 1 6 1
split_gain=236.613 41.1676 66.661 29.3155 25.9023 25.493 23.5664 22.2557 24.3744 20.0306 18.8715 20.3204 15.5491 15.4554 15.0502 14.942 14.805 15.4861 14.3001 10.5619 7.67909 7.51664 7.39195 7.9281 12.7547 7.51088 7.15223 6.70017 8.76685 6.57089
threshold=0.5505000000000001 88.500000000000014 74.500000000000014 67.500000000000014 33.500000000000007 63.500000000000007 91.500000000000014 208.50000000000003 74.500000000000014 253.50000000000003 1.6050000000000002 251.50000000000003 43.500000000000007 213.50000000000003 89.500000000000014 1.2950000000000002 21.500000000000004 26.500000000000004 124.50000000000001 93.500000000000014 28.500000000000004 1.175 1.2750000000000001 139.50000000000003 1.5250000000000001 250.50000000000003 67.500000000000014 109.50000000000001 209.50000000000003 254.50000000000003
decision_type=2 2 2 2 2 2 2 2 2 2 2 2 2 2 2 2 2 2 2 2 2 2 2 2 2 2 2 2 2 2
left_child=3 2 5 4 12 16 -3 8 -4 14 11 13 15 -8 -6 -1 -2 -18 -13 -11 -14 -15 25 -24 -25 27 -7 -19 -29 -5
right_child=1 6 7 29 9 26 10 -9 -10 19 -12 18 20 21 -16 -17 17 22 -20 -21 -22 -23 23 24 -26 -27 -28 28 -30 -31
leaf_value=-0.081123494334060797 -0.026284109182604171 -0.071342645122355206 0.054002151306441398 -0.058454012654301002 -0.057281546050105686 -0.056002027170489771 -0.037303317097779252 0.057157386560170248 -0.061142931117995819 0.026305416970481284 0.039043523387465327 0.013269495401656631 -0.010073232180172836 -0.003309701636182172 0.014094910720827232 0.02700151406714606 -0.031965206421986393 0.035171695529627206 -0.067299710676992683 -0.050218077555824893 0.036314491224864409 0.046831992931704605 0.061791223395720532 0.043300930117993769 -0.035980411222556782 0.055438544018445036 -0.0064018401296806237 0.015473186875064627 -0.040811600264857945 -0.033820121415374341
leaf_weight=8.2691365182399732 17.045361191034317 11.480618014931677 9.6817984133958834 97.934015616774559 62.070524454116821 16.409569293260578 11.979188561439512 171.77089306712151 8.7495184093713743 16.412620916962627 28.075257152318954 7.7672173827886608 12.77598065137863 11.568513497710226 8.3828086853027326 5.2073016762733451 11.357315093278883 14.402939602732657 18.928733065724373 6.2172320783138266 29.572272092103958 21.118523865938187 26.787993520498276 20.199442937970165 6.774443492293357 9.9538078457117063 13.046414151787756 17.692505896091461 11.360751748085024 37.411866724491119
leaf_count=36 54 56 16 433 268 64 45 274 37 37 55 18 35 33 24 12 38 28 85 25 63 39 41 37 21 16 38 41 35 146
internal_value=0.00115188 0.0230765 0.0313793 -0.0348025 -0.0194941 0.00812655 -0.00351486 0.0515548 -0.000658296 -0.0356436 0.00431625 -0.00934613 0.00743381 0.0112808 -0.0487889 -0.0393439 0.0172866 0.0235523 -0.043858 0.00528167 0.0223198 0.029086 0.0294357 0.042524 0.0233896 0.0162612 -0.0340335 0.00728745 -0.00653596 -0.0516448
internal_weight=750.405 466.151 355.233 284.254 148.908 165.031 110.918 190.202 18.4313 93.0832 99.4374 71.3622 55.8247 44.6662 70.4533 13.4764 135.575 118.529 26.696 22.6299 42.3483 32.687 107.172 53.7619 26.9739 53.41 29.456 43.4562 29.0533 135.346
internal_count=2150 1071 740 1079 500 413 331 327 53 354 275 220 146 117 292 48 311 257 103 62 98 72 219 99 58 120 102 104 76 579
is_linear=0
shrinkage=0.05


Tree=13
num_leaves=31
num_cat=1
split_feature=7 3 0 5 0 0 8 5 2 2 0 4 2 5 5 0 0 6 6 5 5 0 5 3 5 4 5 6 2 2
split_gain=216.752 38.2098 43.5788 45.0736 28.072 23.3117 22.7204 22.8107 20.9824 17.7354 16.7467 16.4202 15.168 13.8662 20.4811 13.4655 12.4961 11.4375 24.0241 10.9794 10.1826 9.48588 16.7193 9.0182 15.9637 19.1281 14.1404 8.14901 7.22711 6.97664
threshold=0.5505000000000001 28.500000000000004 95.500000000000014 74.500000000000014 78.500000000000014 55.500000000000007 0 65.500000000000014 1.5250000000000001 1.8050000000000004 69.500000000000014 32.500000000000007 1.2750000000000001 160.50000000000003 143.50000000000003 21.500000000000004 124.50000000000001 208.50000000000003 146.50000000000003 104.50000000000001 69.500000000000014 54.500000000000007 49.500000000000007 41.500000000000007 89.500000000000014 58.500000000000007 82.500000000000014 228.50000000000003 2.1550000000000007 1.1150000000000004
decision_type=2 2 2 2 2 2 1 2 2 2 2 2 2 2 2 2 2 2 2 2 2 2 2 2 2 2 2 2 2 2
left_child=4 5 3 10 6 -2 7 8 12 13 15 -8 21 14 16 -3 19 18 -5 -4 -12 22 -1 26 25 -25 -9 -14 29 -6
right_child=1 2 9 17 28 -7 11 23 -10 -11 20 -13 27 -15 -16 -17 -18 -19 -20 -21 -22 -23 -24 24 -26 -27 -28 -29 -30 -31
leaf_value=-0.049414919673523176 0.012892207343579709 -0.029771674514399851 -0.048453421304462632 0.062768158910785479 -0.039241938285350171 -0.058965398999760402 0.013279316240688744 0.019829501787883091 -0.073772151823496085 0.040183464529416735 -0.079598884446083887 -0.064186909250199486 0.056671523421336634 -0.04916404633108875 0.045595857782173226 0.024595175772432854 -0.08279439253684423 0.054927141963709875 -0.046734797338201323 0.023418747927624592 0.0076224612442929336 -0.080927180510610083 0.021054569753844298 0.051256929175515054 0.082835622778568263 -0.057448035176111224 -0.068823194241261418 -0.003186414923865693 0.0076556819573632782 -0.068438373519578849
leaf_weight=20.819704219698906 23.652325689792633 12.683949768543242 9.157654702663427 11.564079612493517 30.967497751116753 21.588779449462891 8.2104208171367628 13.960300564765932 18.662145331501961 17.121992662549019 7.3025117814540845 41.001339241862297 8.3915130645036715 22.177424132823944 15.515084713697432 111.57503932714462 7.1802570670843116 172.65816734731197 8.836017891764639 12.659198582172392 6.1763772964477539 8.1169301867485029 14.129049867391585 9.3729080259800011 10.657537862658499 7.121600627899169 6.6361559778451911 17.635223284363747 4.3193769603967658 60.307931572198868
leaf_count=83 59 41 36 20 133 92 22 34 88 33 33 189 15 90 31 239 31 286 35 29 16 36 35 17 15 29 25 55 16 287
internal_value=0.00110871 0.0222339 0.0269949 0.0351543 -0.0335472 -0.0213978 -0.0221643 -0.0115964 -0.0267289 -0.00520965 0.0133035 -0.0512626 -0.0140223 -0.016864 -0.000770992 0.0190456 -0.0255799 0.0507439 0.0153385 -0.0067497 -0.0396318 -0.0322346 -0.0209256 0.0162148 0.0351402 0.00432292 -0.0087343 0.0161129 -0.0555421 -0.0585327
internal_weight=740.158 459.849 414.608 330.796 280.31 45.2411 184.715 135.503 87.7546 83.8116 137.738 49.2118 69.0924 66.6896 44.5122 124.259 28.9971 193.058 20.4001 21.8169 13.4789 43.0657 34.9488 47.7485 27.152 16.4945 20.5965 26.0267 95.5948 91.2754
internal_count=2150 1071 920 670 1079 151 643 432 312 250 329 211 224 217 127 280 96 341 55 65 49 154 118 120 61 46 59 70 436 420
cat_boundaries=0 1
cat_threshold=4
is_linear=0
shrinkage=0.05


Tree=14
num_leaves=31
num_cat=1
split_feature=7 1 0 7 3 0 0 8 1 4 0 5 5 0 2 4 0 4 4 1 3 0 4 2 5 1 2 1 0 1
split_gain=198.692 37.5518 52.0028 28.6349 28.0245 26.4131 24.862 21.1701 22.3376 23.7513 20.7943 37.5504 20.5011 17.8638 17.715 15.4221 13.2058 12.8099 11.6939 12.6844 10.5396 10.2912 13.8073 8.46032 8.38771 7.66005 7.90574 7.32394 7.07948 7.05449
threshold=0.5505000000000001 254.50000000000003 116.50000000000001 0.90000000000000002 28.500000000000004 78.500000000000014 55.500000000000007 0 253.50000000000003 55.500000000000007 73.500000000000014 73.500000000000014 89.500000000000014 21.500000000000004 1.2550000000000001 32.500000000000007 50.500000000000007 77.500000000000014 35.500000000000007 180.50000000000003 49.500000000000007 95.500000000000014 61.500000000000007 1.1950000000000001 49.500000000000007 142.50000000000003 1.2850000000000004 131.50000000000003 46.500000000000007 105.50000000000001
decision_type=2 2 2 2 2 2 2 1 2 2 2 2 2 2 2 2 2 2 2 2 2 2 2 2 2 2 2 2 2 2
left_child=5 3 28 4 6 7 27 8 9 14 11 13 -12 -6 23 -9 25 -10 -16 -20 -18 -14 -23 24 -1 26 29 -2 -3 -15
right_child=1 2 -4 -5 10 -7 -8 15 17 -11 12 -13 21 16 18 -17 20 -19 19 -21 -22 22 -24 -25 -26 -27 -28 -29 -30 -31
leaf_value=-0.051753124060454708 0.036564320433193395 0.021078038492611306 -0.046966439452728583 0.090055277049038124 -0.063245922588803197 -0.054027026274198954 -0.070019085384317489 0.012594979366202661 0.056773484634832297 -0.060383238079073344 -0.04815980502379294 0.054921612064304071 0.036662236625844218 0.043086481160964425 0.035554007368716015 -0.062592257899793891 0.0014384646935908586 -0.015667810352531428 -0.07297296798826558 0.025313686791844328 -0.069893302730118609 -0.02719098163771641 0.023270127840047339 -0.084893030039752099 -0.00073675587932481583 -0.0013435936854479273 0.057948316926470192 -0.021050173917852421 0.057969415309458816 -0.016709069037489192
leaf_weight=13.331990748643873 10.86796894669533 14.764637529850004 14.352551534771917 11.29631397128105 8.437776714563368 93.424082741141319 19.636274382472038 8.2233566939830762 16.642597019672397 28.467537373304367 20.200149670243263 66.35836423933506 22.748907670378685 10.411799520254137 26.564263582229614 39.969887048006058 24.175148561596874 9.6358689218759519 6.3423232734203321 6.8043908774852753 6.5900360792875281 28.73656077682972 25.661614254117012 6.1050610840320578 20.3621716350317 17.574848815798759 22.813222944736481 11.200898736715315 109.08210442960262 9.3727924674749357
leaf_count=56 22 31 59 15 33 436 90 22 28 132 82 109 47 19 57 189 64 32 30 16 25 99 58 26 55 44 36 35 178 25
internal_value=0.00106388 0.0213896 0.0431301 0.0118841 0.00898679 -0.0324065 -0.0290927 -0.0213356 -0.0111312 -0.0211925 0.0150234 0.0257968 -0.00331839 0.00634856 -0.00716083 -0.0497628 0.012806 0.0302105 0.0164663 -0.0221024 -0.0138411 0.00842287 -0.00338663 -0.0307356 -0.0209227 0.0264301 0.0378889 0.00732249 0.0535713 0.0147588
internal_weight=730.156 454.282 138.199 316.083 304.786 275.874 41.7051 182.449 134.256 107.978 263.081 165.734 97.3472 99.3756 79.5102 48.1932 90.9378 26.2785 39.711 13.1467 30.7652 77.1471 54.3982 39.7992 33.6942 60.1727 42.5978 22.0689 123.847 19.7846
internal_count=2150 1071 268 803 788 1079 147 643 432 372 641 355 286 246 240 211 213 60 103 46 89 204 157 137 111 124 80 57 209 44
cat_boundaries=0 1
cat_threshold=4
is_linear=0
shrinkage=0.05


Tree=15
num_leaves=31
num_cat=1
split_feature=7 8 7 1 0 0 6 0 0 1 4 4 2 3 1 4 0 0 2 2 2 3 1 2 3 1 1 2 6 2
split_gain=176.167 39.2537 35.7367 38.2986 42.689 24.3966 32.867 23.1132 20.8982 24.5992 26.6053 14.6149 14.8016 13.7452 10.8074 10.4878 10.0993 11.1734 12.5259 13.1161 9.89772 9.33534 7.97739 7.94256 6.79605 8.12601 14.7814 6.87171 8.1059 6.93174
threshold=0.5505000000000001 0 0.90000000000000002 254.50000000000003 117.50000000000001 72.500000000000014 213.50000000000003 21.500000000000004 88.500000000000014 253.50000000000003 32.500000000000007 61.500000000000007 1.3750000000000002 31.500000000000004 251.50000000000003 62.500000000000007 37.500000000000007 62.500000000000007 1.385 1.2550000000000001 1.7650000000000003 26.500000000000004 153.50000000000003 2.2400000000000007 50.500000000000007 138.50000000000003 188.50000000000003 1.3950000000000002 219.50000000000003 1.2250000000000003
decision_type=2 1 2 2 2 2 2 2 2 2 2 2 2 2 2 2 2 2 2 2 2 2 2 2 2 2 2 2 2 2
left_child=1 8 3 5 -5 7 -7 -2 9 10 -1 -11 -13 -3 15 -8 -12 18 19 -18 21 22 -9 -15 27 -26 -27 28 29 -23
right_child=2 13 -4 4 -6 6 14 20 -10 11 16 12 -14 23 -16 -17 17 -19 -20 -21 -22 24 -24 -25 25 26 -28 -29 -30 -31
leaf_value=0.0073402638607661221 -0.053740083354771595 0.015868870149963989 0.083208995519603673 0.050298814228545811 -0.041826255007579333 -0.058248952576919026 -0.00011559322298017746 0.021666302434069563 -0.060560518544614229 0.081578672918972542 -0.070921958938847354 0.043635427155150168 -0.056185926719865345 -0.059378749349657839 -0.036286660087297223 0.041085361897361249 -0.019100917050014089 -0.056501680486969477 -0.046814856676001444 0.074559486840269848 -0.025508318507854066 -0.0060753405667013718 -0.054699599007649383 0.010665944177332409 0.042166631416559637 -0.055872690220503687 0.025244371368176151 0.057692265188554671 0.041445572362131831 0.039170633752799
leaf_weight=59.412557557225227 10.201357007026671 6.9988583028316489 22.386402249336243 120.00594866275787 14.046669900417326 26.848294705152512 48.733907908201218 7.546259477734564 20.796444952487946 10.73878498375416 18.091968879103661 9.8475629836320859 5.9620314836502066 99.440872550010681 13.212995022535322 22.612610697746277 8.108252942562105 18.195452019572258 10.636871993541716 6.9349801391363135 9.6863797605037671 22.624901309609413 6.2539880126714706 4.2188611626625052 13.573754131793974 9.2052171081304568 14.403668850660322 27.595053121447563 53.991510331630707 13.525264725089071
leaf_count=161 38 21 30 209 59 119 136 19 103 14 90 22 24 485 51 43 29 81 45 12 29 61 25 16 25 31 31 46 101 26
internal_value=0.00246406 -0.0288068 0.0216041 0.0184269 0.0406455 0.00849923 -0.0100525 0.0194575 -0.0136288 -0.00703098 -0.0165666 0.0365663 0.00599132 -0.0519491 0.00525025 0.0129427 -0.0394878 -0.026526 -0.00528698 0.0240768 0.023643 0.0264648 -0.0129412 -0.056528 0.0299751 0.01134 -0.00638356 0.0358603 0.0291768 0.010853
internal_weight=735.838 279.383 456.454 434.068 134.053 300.015 111.408 188.607 168.725 147.928 121.38 26.5484 15.8096 110.659 84.5595 71.3465 61.9675 43.8756 25.6801 15.0432 178.406 168.72 13.8002 103.66 154.919 37.1826 23.6089 117.737 90.1417 36.1502
internal_count=2182 1103 1079 1049 268 781 349 432 581 478 418 60 46 522 230 179 257 167 86 41 394 365 44 501 321 87 62 234 188 87
cat_boundaries=0 1
cat_threshold=4
is_linear=0
shrinkage=0.05


Tree=16
num_leaves=31
num_cat=2
split_feature=7 8 7 0 5 0 0 5 4 8 5 5 2 3 5 5 4 3 6 2 2 0 0 3 5 6 0 0 0 5
split_gain=161.497 36.8249 33.2256 32.4903 36.123 23.2113 19.5729 23.5517 27.0019 18.8048 20.1714 13.6238 27.2603 13.0009 14.0435 13.3875 13.1157 12.9307 12.1717 11.7013 9.5909 9.47838 12.5273 15.2298 12.6757 8.82036 23.9919 8.73197 8.38648 7.55606
threshold=0.5505000000000001 0 0.90000000000000002 88.500000000000014 74.500000000000014 72.500000000000014 88.500000000000014 63.500000000000007 23.500000000000004 1 166.50000000000003 139.50000000000003 1.2850000000000004 40.500000000000007 77.500000000000014 82.500000000000014 58.500000000000007 31.500000000000004 250.50000000000003 1.385 1.0350000000000004 21.500000000000004 54.500000000000007 40.500000000000007 64.500000000000014 224.50000000000003 74.500000000000014 97.500000000000014 65.500000000000014 55.500000000000007
decision_type=2 1 2 2 2 2 2 2 2 1 2 2 2 2 2 2 2 2 2 2 2 2 2 2 2 2 2 2 2 2
left_child=1 6 3 4 5 20 7 8 -1 -5 11 12 -11 14 -9 16 -15 -3 19 -10 -2 -22 -23 28 -25 26 -6 -14 -24 -20
right_child=2 17 -4 9 25 -7 -8 13 18 10 -12 -13 27 15 -16 -17 -18 -19 29 -21 21 22 23 24 -26 -27 -28 -29 -30 -31
leaf_value=0.039610212369928087 -0.020838077718838544 0.015015077236052637 0.080865116117283614 -0.057278603802127376 0.057777273855447689 -0.066015954062554449 -0.059229344202241629 0.020176176189742788 0.027176126926180023 -0.048998969384993998 -0.03963939881316466 0.049532444186839553 0.063176626476681583 0.042437274058829431 -0.054424201352291215 0.070804556588487208 -0.051046387921813312 -0.055133234562258542 -0.056851813423091771 -0.056699041739733495 -0.025472533047910268 0.032910647181338293 -0.063007040227927677 -0.014512934407762263 0.063490441088554603 0.046066357744606594 -0.048237488961628473 0.0039298061874711333 0.0062755048368649457 -0.010780788229072321
leaf_weight=14.318528324365614 18.132329851388931 7.026261404156684 21.895918130874634 15.812604427337646 12.337539821863176 9.8207551240921003 20.215447679162025 16.68114756047726 12.514001041650774 16.887717515230179 21.492509603500366 20.830584332346916 12.337218120694162 9.7065081745386106 10.145558357238768 16.363190695643425 6.1161335855722418 101.03890162706375 43.371675565838814 6.2275099158287039 11.512219846248625 83.535931929945946 10.78495889902115 9.6393234133720416 11.329623520374296 145.27174380421638 9.4047927111387235 12.540538609027861 7.3409830778837195 11.197494283318518
leaf_count=30 53 21 30 72 20 43 103 41 30 63 87 41 20 19 39 29 26 501 200 26 37 167 41 28 18 263 40 33 23 38
internal_value=0.00237102 -0.0278336 0.0207871 0.0177208 0.0253018 0.0084874 -0.0131069 -0.00674863 -0.0231924 -0.00725376 0.00215326 0.0165029 2.93293e-05 0.0176691 -0.00803685 0.0390948 0.00630181 -0.0505723 -0.0354585 -0.000694275 0.0132924 0.0179058 0.0219781 -0.00138207 0.0276327 0.0416211 0.0119199 0.0333111 -0.0349477 -0.0473981
internal_weight=725.83 274.922 450.907 429.011 329.11 162.096 166.857 146.642 87.6292 99.9012 84.0886 62.5961 41.7655 59.0125 26.8267 32.1858 15.8226 108.065 73.3107 18.7415 152.275 134.143 122.631 39.0949 20.9689 167.014 21.7423 24.8778 18.1259 54.5692
internal_count=2182 1103 1079 1049 733 410 581 478 324 316 244 157 116 154 80 74 45 522 294 56 367 314 277 110 46 323 60 53 64 238
cat_boundaries=0 1 2
cat_threshold=4 4
is_linear=0
shrinkage=0.05


Tree=17
num_leaves=31
num_cat=2
split_feature=7 8 1 0 7 0 6 0 0 1 4 4 2 3 0 0 2 2 1 4 2 2 3 1 3 8 3 1 1 2
split_gain=148.12 34.5725 32.1502 38.9793 31.822 20.2303 28.4505 19.8547 18.3491 21.9851 23.9302 12.9303 13.2762 12.1744 9.21922 10.278 10.9321 10.0243 9.14584 9.3189 9.06872 8.39895 8.2414 7.19146 6.78304 8.2788 6.5716 7.63747 13.3106 6.29325
threshold=0.5505000000000001 0 254.50000000000003 117.50000000000001 0.90000000000000002 72.500000000000014 213.50000000000003 21.500000000000004 88.500000000000014 253.50000000000003 32.500000000000007 61.500000000000007 1.3750000000000002 31.500000000000004 37.500000000000007 62.500000000000007 1.385 1.2350000000000001 251.50000000000003 62.500000000000007 1.7650000000000003 2.2650000000000001 26.500000000000004 153.50000000000003 53.500000000000007 1 50.500000000000007 138.50000000000003 188.50000000000003 1.3950000000000002
decision_type=2 1 2 2 2 2 2 2 2 2 2 2 2 2 2 2 2 2 2 2 2 2 2 2 2 1 2 2 2 2
left_child=1 8 4 -4 5 7 -7 -2 9 10 -1 -11 -13 -3 -12 16 17 -16 19 24 22 -15 23 -9 25 -8 29 -28 -29 -24
right_child=2 13 3 -5 -6 6 18 20 -10 11 14 12 -14 21 15 -17 -18 -19 -20 -21 -22 -23 26 -25 -26 -27 27 28 -30 -31
leaf_value=0.0069768997572155211 -0.050696446389126321 0.014211776015467456 0.049089601926077947 -0.039719075264063278 0.085320000970343354 -0.055330871358015281 -0.036813234121904619 0.01996740961106034 -0.05797118350748659 0.07792537437005409 -0.068840841415695728 0.041460088934122452 -0.053757399583436796 -0.056772835350878958 -0.016716849032615864 -0.054690037965389231 -0.044558482018230088 0.065346462533403385 -0.033789319538452711 0.038647589503914836 -0.025607956877614524 0.017920307070923343 0.027111623387470696 -0.052981321541796356 -0.035152252236038004 0.021611598099622396 0.03940120594164364 -0.054856582600578456 0.022479927239597165 0.054807751147192212
leaf_weight=59.145237684249878 10.048487380146979 7.0515684485435477 123.17097817361355 13.733195707201956 13.781614720821379 25.832460910081863 7.6238295435905457 7.4990581870079023 19.636232167482376 10.503787681460382 17.131767526268959 9.904659226536749 5.8072515279054633 94.515127763152122 7.808101639151575 17.6752610206604 10.310807779431341 7.1098418533802032 13.010557129979132 22.197213143110275 9.6238898485898954 3.9196822047233573 88.497053563594818 6.1485104113817215 10.924702957272528 29.62280997633934 13.32425484061241 9.1958398669958132 14.086655691266058 26.698254361748695
leaf_count=161 38 21 221 59 18 119 30 19 103 14 90 22 24 486 28 81 45 13 51 43 29 15 188 25 36 70 25 31 31 46
internal_value=0.00228301 -0.0268947 0.0200196 0.040181 0.0110613 0.0075843 -0.00948225 0.0176526 -0.0126041 -0.00647715 -0.0155959 0.0349782 0.00626692 -0.0492522 -0.0378338 -0.0254526 -0.00496885 0.0223943 0.00472254 0.0118431 0.0215756 -0.0537985 0.0243201 -0.0128975 -0.000508383 0.00965291 0.0276661 0.00921159 -0.00806552 0.0335306
internal_weight=715.539 270.519 445.019 136.904 308.115 294.334 109.212 185.122 165.033 145.397 119.181 26.2157 15.7119 105.486 60.0358 42.904 25.2288 14.9179 83.3791 70.3686 175.074 98.4348 165.45 13.6476 48.1713 37.2466 151.802 36.6068 23.2825 115.195
internal_count=2182 1103 1079 280 799 781 349 432 581 478 418 60 46 522 257 167 86 41 230 179 394 501 365 44 136 100 321 87 62 234
cat_boundaries=0 1 2
cat_threshold=4 4
is_linear=0
shrinkage=0.05


Tree=18
num_leaves=31
num_cat=2
split_feature=9 8 1 0 4 1 2 0 0 5 5 0 2 0 4 6 3 2 2 5 6 6 5 4 0 3 5 1 2 3
split_gain=131.786 32.4663 30.0646 35.99 17.2956 22.4519 15.9695 15.6433 12.7139 34.6035 28.9862 16.9074 17.6641 12.749 12.053 20.7971 15.9464 11.5118 11.0658 10.4509 21.0121 8.59817 14.9575 8.08946 11.3588 7.61179 7.16785 6.95097 6.26972 6.02049
threshold=0 1 254.50000000000003 117.50000000000001 82.500000000000014 253.50000000000003 2.0050000000000003 71.500000000000014 72.500000000000014 86.500000000000014 72.500000000000014 50.500000000000007 1.2550000000000001 21.500000000000004 47.500000000000007 252.50000000000003 39.500000000000007 1.5750000000000004 1.4750000000000003 42.500000000000007 197.50000000000003 138.50000000000003 43.500000000000007 64.500000000000014 87.500000000000014 123.50000000000001 74.500000000000014 207.50000000000003 1.2450000000000003 54.500000000000007
decision_type=9 1 2 2 2 2 2 2 2 2 2 2 2 2 2 2 2 2 2 2 2 2 2 2 2 2 2 2 2 2
left_child=1 4 6 -4 5 7 8 17 10 27 11 13 -13 -2 15 -3 -17 19 -14 20 -1 -15 -23 24 -11 -6 -7 -10 -21 -26
right_child=2 14 3 -5 25 26 -8 -9 9 23 -12 12 18 21 -16 16 -18 -19 -20 28 -22 22 -24 -25 29 -27 -28 -29 -30 -31
leaf_value=0.030128604611506911 -0.033668628397477265 -0.068091642220366053 0.047689744202251021 -0.038267319127912945 -0.068473389138252655 0.013160795616752938 -0.06362574538118819 -0.045757075634104839 -0.073717272292224759 0.04425243350404641 0.047032388892049637 -0.056440739445517543 0.045287955572266711 0.052244967689487193 -0.063019155585870901 0.056225716457322841 -0.027135838859441798 -0.049268543603537732 -0.033349775211177123 -0.00080581671182514451 -0.070808039330855513 -0.037242658043659567 0.02870042044145148 0.036519732060128249 -0.00053614418704381903 0.0058425382561301444 0.070984082097773224 -0.012990843073578321 0.032413624503536277 -0.050669710143976449
leaf_weight=9.1043583303689957 10.320442259311674 19.064974129199982 120.51526246964931 13.546311005949972 17.367524072527889 10.99047699570656 7.0781302452087393 29.558464974164963 16.1085748821497 13.456667646765707 65.905912160873413 18.739929184317589 10.736448362469675 21.503332570195198 58.108371645212173 8.6289980858564395 17.116301089525223 12.090503334999083 7.6692791730165473 31.446689605712891 11.888899385929108 10.948720693588255 40.072909697890282 26.076993405818939 43.266798704862595 4.2983438521623603 10.460573628544806 6.660740762948989 25.904061213135719 6.9504475742578498
leaf_count=21 37 101 221 59 91 28 26 145 81 25 119 70 22 36 317 22 82 57 26 89 59 35 82 54 137 16 17 22 58 27
internal_value=0.0021969 -0.0250617 0.018836 0.0390042 -0.0121289 -0.0057566 0.010602 -0.0141793 0.0123627 -0.000902666 0.0203919 0.00575946 -0.02227 0.0183271 -0.0479932 -0.0285082 0.000804279 -0.0038581 0.0125213 0.00314991 -0.0270338 0.0257262 0.0145497 0.0130633 0.00345692 -0.0537297 0.0413582 -0.0559529 0.0141987 -0.00747501
internal_weight=705.585 266.029 439.557 134.062 163.11 141.444 305.495 119.993 298.417 112.52 185.897 119.991 37.1457 82.8454 102.919 44.8103 25.7453 90.4345 18.4057 78.344 20.9933 72.525 51.0216 89.7509 63.6739 21.6659 21.4511 22.7693 57.3508 50.2172
internal_count=2182 1103 1079 280 581 474 799 429 773 346 427 308 118 190 522 205 104 284 48 227 80 153 117 243 189 107 45 103 147 164
cat_boundaries=0 1 2
cat_threshold=4 4
is_linear=0
shrinkage=0.05


Tree=19
num_leaves=31
num_cat=2
split_feature=9 8 1 0 0 5 4 2 1 0 4 4 0 5 5 0 2 4 6 3 0 6 1 6 2 4 0 6 5 5
split_gain=120.95 30.5833 28.0565 33.2393 16.6871 19.7825 23.346 14.5263 14.254 12.6514 12.137 12.7136 12.0522 31.4295 26.3354 14.9712 16.8771 11.6817 19.6564 14.3173 10.9931 10.6622 12.6685 10.317 9.05806 8.31474 9.42475 8.01533 13.5651 7.42016
threshold=0 1 254.50000000000003 117.50000000000001 88.500000000000014 63.500000000000007 23.500000000000004 1.9900000000000002 253.50000000000003 63.500000000000007 37.500000000000007 27.500000000000004 72.500000000000014 86.500000000000014 72.500000000000014 50.500000000000007 1.2550000000000001 47.500000000000007 252.50000000000003 39.500000000000007 21.500000000000004 250.50000000000003 254.50000000000003 178.50000000000003 1.4750000000000003 64.500000000000014 87.500000000000014 138.50000000000003 43.500000000000007 78.500000000000014
decision_type=9 1 2 2 2 2 2 2 2 2 2 2 2 2 2 2 2 2 2 2 2 2 2 2 2 2 2 2 2 2
left_child=1 4 7 -4 5 6 -1 12 9 29 11 -11 14 -14 15 20 -17 18 -3 -20 -2 23 -23 -8 -18 26 -15 -22 -29 -7
right_child=2 17 3 -5 -6 8 21 -9 -10 10 -12 -13 13 25 -16 16 24 -19 19 -21 27 22 -24 -25 -26 -27 -28 28 -30 -31
leaf_value=0.037057392092549067 -0.031240219833187002 -0.066936406934204259 0.046341258317741288 -0.036870967483662656 -0.056111161402919746 0.053839494620316869 -0.041723017290323489 -0.052984265376958634 0.06084843051773689 -0.043895990228187881 -0.073719678289306811 0.049538195201285835 -0.054258100633644404 0.04136252324784704 0.045661004368401287 -0.054019805115996071 0.043162503374164579 -0.061952366197114278 0.052672763203836293 -0.026142468232568966 0.050555550060287946 -0.057980523517946303 0.0012628626723260442 0.03335325896752725 -0.029290176493512999 0.036371697404882046 -0.0071082454609716315 -0.035424111844671674 0.02744842468126418 -0.0060244959766804669
leaf_weight=14.269898802042006 10.016203448176382 18.440153956413269 117.88843373954296 13.361144110560415 18.677715390920639 13.017861664295198 8.3288107216358203 8.8348473310470563 13.881428763270376 7.1890488266944903 7.8450519144535056 7.3765321671962738 22.116914242506027 12.534110754728315 64.526474162936211 18.604220643639565 10.702731564641001 56.201929375529289 8.747299402952196 16.884370371699333 21.120625436306 40.251275733113289 11.631321325898169 10.155824601650236 7.2266550660133353 25.650179892778397 50.174744889140129 10.935562968254088 39.812457576394081 8.5933112353086454
leaf_count=30 36 101 221 59 103 23 32 32 25 26 38 18 102 24 119 70 22 317 22 82 36 204 34 24 24 53 164 35 82 24
internal_value=0.00211559 -0.0242314 0.0181485 0.0378703 -0.0116725 -0.00584948 -0.0212563 0.0101851 0.0166706 0.00274 -0.0235819 0.00342243 0.0120871 -0.000953086 0.0199617 0.00595814 -0.020658 -0.0468399 -0.027568 0.000754743 0.0178331 -0.0330818 -0.044699 -0.000474625 0.0139596 0.0123895 0.00257999 0.0246724 0.0139002 0.0300356
internal_weight=694.997 261.492 433.505 131.25 161.218 142.54 84.6371 302.256 57.9032 44.0218 22.4106 14.5656 293.421 110.476 182.945 118.418 36.5336 100.274 44.0718 25.6317 81.8848 70.3672 51.8826 18.4846 17.9294 88.359 62.7089 71.8686 50.748 21.6112
internal_count=2182 1103 1079 280 581 478 324 799 154 129 82 44 767 343 424 305 116 522 205 104 189 294 238 56 46 241 188 153 117 47
cat_boundaries=0 1 2
cat_threshold=4 4
is_linear=0
shrinkage=0.05


Tree=20
num_leaves=31
num_cat=1
split_feature=7 4 3 0 5 0 0 2 3 5 4 5 2 4 0 6 5 2 4 2 5 5 2 8 2 2 3 5 6 6
split_gain=130.42 27.5718 25.3924 28.0412 36.7822 23.2749 20.2187 16.2563 14.7172 11.7363 9.97688 20.3303 9.22958 14.2249 8.61246 10.9765 8.10991 7.88358 22.4336 7.93847 7.36121 7.00706 6.82211 12.692 8.21837 15.2567 8.39844 6.7878 5.81144 5.69153
threshold=0.5505000000000001 42.500000000000007 28.500000000000004 93.500000000000014 68.500000000000014 66.500000000000014 71.500000000000014 1.8050000000000004 31.500000000000004 104.50000000000001 56.500000000000007 156.50000000000003 1.2150000000000001 32.500000000000007 45.500000000000007 254.50000000000003 142.50000000000003 1.2550000000000001 39.500000000000007 1.0950000000000004 50.500000000000007 103.50000000000001 1.385 0 1.2750000000000001 1.0950000000000004 69.500000000000014 41.500000000000007 253.50000000000003 254.50000000000003
decision_type=2 2 2 2 2 2 2 2 2 2 2 2 2 2 2 2 2 2 2 2 2 2 2 1 2 2 2 2 2 2
left_child=1 6 14 4 5 8 12 10 -4 -8 21 16 13 20 29 -16 -12 18 19 -10 -1 -5 23 24 25 26 -3 -19 -23 -2
right_child=2 22 3 7 -6 -7 9 -9 17 -11 11 -13 -14 -15 15 -17 -18 27 -20 -21 -22 28 -24 -25 -26 -27 -28 -29 -30 -31
leaf_value=-0.0400264430061864 0.032869530936202984 0.045886260032912879 0.050599079466034459 -0.077677514018523422 0.04172680162820161 -0.067443969483776456 -0.06038367826707447 0.040165168158528199 -0.027996835201924537 0.0052406643241621068 0.0024763817556911552 -0.053519734257767383 0.017393644357428076 -0.072766071363473558 -0.070478158703069213 0.00044525479795448251 0.057998763711307244 -0.018649435224917191 0.013418574948664167 -0.10563154537504099 0.016102442366902715 0.0024013535334755261 -0.059079689449878604 -0.053088858011973356 0.022821879190129263 -0.064591869190556303 -0.039204420158342197 0.026949407054659338 -0.044452391414921744 -0.024826634995244665
leaf_weight=8.079923555254938 8.9087878465652466 7.2987009137868899 20.791965082287788 7.3338974118232718 182.72885936498642 9.8689517229795438 25.82848134636879 16.626070484519005 6.7246239185333234 9.2541427314281446 15.140679955482485 11.24568749964237 45.355382472276688 8.5565122514963132 13.49183763563633 9.1586921215057373 11.627833291888235 10.333175107836722 27.319355830550194 6.4521902352571487 21.084331840276718 12.467186614871025 49.764045298099518 46.399372115731239 10.825412988662718 13.977229714393614 4.811494842171669 38.830151543021202 14.106445416808128 8.2167784571647644
leaf_count=32 19 20 38 36 371 44 139 33 21 40 41 50 121 44 70 31 20 29 66 27 50 36 270 265 32 70 22 83 61 26
internal_value=-0.000185867 -0.0288239 0.0164931 0.0203593 0.0275917 0.00612497 -0.0112455 -0.00439299 0.0126984 -0.0430732 -0.0146934 0.00289439 0.00219522 -0.0160793 -0.02157 -0.0418004 0.0265945 0.0039093 -0.0124268 -0.0660116 0.000551999 -0.0344114 -0.0444318 -0.0356823 -0.0138023 -0.0290001 0.0120789 0.0173654 -0.0224707 0.00518714
internal_weight=682.608 251.235 431.373 391.597 303.049 120.32 118.159 88.5478 110.451 35.0826 71.9217 38.0142 83.0762 37.7208 39.7761 22.6505 26.7685 89.6595 40.4962 13.1768 29.1643 33.9075 133.076 83.3122 36.9128 26.0874 12.1102 49.1633 26.5736 17.1256
internal_count=2207 1105 1102 956 679 308 426 277 264 179 244 111 247 126 146 101 61 226 114 48 82 133 679 409 144 112 42 112 97 45
cat_boundaries=0 1
cat_threshold=4
is_linear=0
shrinkage=0.05


Tree=21
num_leaves=31
num_cat=0
split_feature=7 1 0 4 7 0 3 1 0 5 3 5 5 2 4 6 0 6 5 2 5 0 2 1 0 2 5 1 2 4
split_gain=119.698 29.2037 45.0966 25.9686 21.0917 18.7422 17.1067 20.0039 13.8334 27.8513 22.2304 18.4285 11.152 8.48853 11.574 9.34768 8.13889 11.1929 10.4869 12.143 11.2803 7.68379 7.35895 8.8011 7.24352 6.53511 8.53609 5.82614 5.30269 5.27311
threshold=0.5505000000000001 254.50000000000003 116.50000000000001 42.500000000000007 0.90000000000000002 71.500000000000014 28.500000000000004 143.50000000000003 72.500000000000014 68.500000000000014 31.500000000000004 86.500000000000014 104.50000000000001 1.1850000000000003 30.500000000000004 185.50000000000003 93.500000000000014 251.50000000000003 156.50000000000003 1.6050000000000002 143.50000000000003 46.500000000000007 1.3650000000000004 186.50000000000003 39.500000000000007 1.385 41.500000000000007 173.50000000000003 1.7550000000000001 37.500000000000007
decision_type=2 2 2 2 2 2 2 2 2 2 2 2 2 2 2 2 2 2 2 2 2 2 2 2 2 2 2 2 2 2
left_child=3 4 21 5 6 13 7 -2 9 10 -8 -10 -7 14 -1 -15 -13 -18 20 -20 -19 -3 23 24 -12 26 -5 -11 -24 -26
right_child=1 2 -4 25 -6 12 8 -9 11 27 22 16 -14 15 -16 -17 17 18 19 -21 -22 -23 28 -25 29 -27 -28 -29 -30 -31
leaf_value=0.0025673359673928026 0.012336677455685584 0.010830563048958956 -0.056717764654686344 0.0097153501213074461 0.077320681305270367 -0.059209377160747506 0.045963974780023203 -0.061138012917850197 -0.052638017290076139 0.056797794263843654 -0.015504214845310969 0.030517856698294883 0.0049659080335508841 -0.034971442377088963 -0.061554752970993401 0.024244925858224228 -0.03590945131463779 -0.0053334729375722374 -0.049522625981664549 0.041112676389182472 0.06511930684652191 0.051162540741433393 0.021720956805811594 0.014429501299374809 -0.09857835328630167 -0.057840857544564452 -0.040535656684298642 0.027024148684884536 -0.029868129436926599 -0.039418781177274514
leaf_weight=22.080514326691628 17.463465511798859 13.433384999632834 11.750098228454588 9.5743788927793485 10.454448714852331 25.043673411011696 21.00823649764061 19.728812515735626 16.862240061163902 36.662830248475075 17.365467756986618 22.315691217780113 9.2772407829761487 7.9067128151655188 10.329504400491713 42.41503994166851 19.518627047538757 10.610884353518488 11.233157530426981 5.5072354376316062 12.229984506964682 97.664334759116173 19.277890786528591 10.630035534501074 6.1271056234836569 48.325083270668983 72.02831606566906 29.774308055639267 6.7164434492588034 9.7773043513298017
leaf_count=62 47 31 59 37 15 139 40 96 78 63 50 49 40 28 49 108 71 29 50 11 19 182 44 26 25 270 372 64 21 32
internal_value=-0.000185046 0.0158676 0.0364338 -0.0278804 0.00753651 -0.010799 0.00504494 -0.0266383 0.00965484 0.0188476 0.000863425 -0.00506253 -0.0418622 0.00208745 -0.0178692 0.0149407 0.00479099 -0.0049233 0.0103568 -0.0197055 0.03239 0.0462858 -0.0126925 -0.0251768 -0.0378314 -0.0432691 -0.0346397 0.0434545 0.00839131 -0.0622098
internal_weight=673.092 426.112 122.848 246.98 303.264 117.053 292.81 37.1923 255.617 157.34 90.9025 98.2778 34.3209 82.7318 32.41 50.3218 81.4156 59.0999 39.5813 16.7404 22.8409 111.098 69.8942 43.8999 33.2699 129.928 81.6027 66.4371 25.9943 15.9044
internal_count=2207 1102 272 1105 830 426 815 143 672 365 238 307 179 247 111 136 229 180 109 61 48 213 198 133 107 679 409 127 65 57
is_linear=0
shrinkage=0.05


Tree=22
num_leaves=31
num_cat=2
split_feature=7 1 4 5 7 4 3 1 5 5 6 4 6 6 6 2 1 4 2 8 5 6 1 3 2 5 8 1 2 2
split_gain=109.831 27.312 24.332 22.6842 19.5049 19.2037 15.6635 8.2045 10.4824 8.58801 13.8137 13.6593 7.97457 7.84837 18.6018 8.09265 7.6618 7.28154 6.36554 12.3268 7.99824 10.4405 15.2525 6.29571 10.9033 7.16545 6.71172 8.54813 6.26225 6.22398
threshold=0.5505000000000001 254.50000000000003 42.500000000000007 101.50000000000001 0.90000000000000002 43.500000000000007 25.500000000000004 232.50000000000003 139.50000000000003 44.500000000000007 230.50000000000003 74.500000000000014 251.50000000000003 126.50000000000001 207.50000000000003 1.2350000000000001 143.50000000000003 55.500000000000007 1.385 0 91.500000000000014 242.50000000000003 253.50000000000003 44.500000000000007 1.5350000000000004 78.500000000000014 1 167.50000000000003 1.3950000000000002 1.2150000000000001
decision_type=2 2 2 2 2 2 2 2 2 2 2 2 2 2 2 2 2 2 2 1 2 2 2 2 2 2 1 2 2 2
left_child=2 4 29 -3 6 -5 16 8 9 10 28 13 -9 -11 15 -15 -2 -14 19 20 21 -4 -23 26 25 -25 -16 -28 -8 -1
right_child=1 3 18 5 -6 -7 7 12 -10 11 -12 -13 17 14 23 -17 -18 -19 -20 -21 -22 22 -24 24 -26 -27 27 -29 -30 -31
leaf_value=-0.022458202736580606 -0.0075678478159220105 0.047036637761711721 0.042926354867514921 0.055034679605581831 0.075088447895896679 -0.035457815967767814 -0.012608439591995322 -0.057379389896537542 0.059304378741226897 0.048825044238063303 -0.070413123003890313 -0.048470351789450472 -0.028724229524653269 -0.036035908903491787 0.043559391946599135 0.0077096727539336402 -0.069927475408230008 0.019242073048723853 -0.05665484515779981 -0.051258565274334346 0.048501640327313716 -0.066946917916388154 0.010168851507376113 -0.040274225184649542 0.054936768358576443 0.009945596278225638 0.035774137479935686 -0.017246565517836463 0.043057774033705275 0.00072189079471595102
leaf_weight=55.484401389956474 10.03305956721306 93.504756093025208 5.3080511540174511 8.775878310203554 10.232607156038283 17.661521047353745 16.213703393936161 8.0424429774284345 10.981432020664213 16.786140128970146 8.2591083645820635 8.5333126634359342 14.049984723329542 22.539521560072899 46.229136273264885 19.911651775240898 9.676023066043852 18.1111771017313 46.906069815158844 44.003839924931526 4.762814372777938 14.996062085032463 11.201580747961998 10.514032185077665 9.3521730452775937 21.89268796145916 18.139235794544224 13.085987225174902 7.3392104208469382 60.573283612728119
leaf_count=224 31 184 14 16 15 72 46 29 19 33 34 30 52 91 91 57 52 46 270 265 14 84 32 35 17 56 40 41 15 202
internal_value=-0.000179272 0.0153089 -0.0269144 0.0354745 0.00724451 -0.00541889 0.00484809 0.00798942 0.0116353 0.00924283 -0.0147733 0.0133287 -0.0128483 0.0162839 0.0129051 -0.0155171 -0.0381828 -0.00171257 -0.0420213 -0.0334704 -0.0118884 -0.0210177 -0.0339738 0.023026 0.00737734 -0.00634772 0.0314629 0.013554 0.00473744 -0.01036
internal_weight=663.101 419.865 243.236 119.942 299.923 26.4374 289.69 269.981 229.777 218.796 31.812 186.984 40.2036 178.451 161.664 42.4512 19.7091 32.1612 127.178 80.2723 36.2685 31.5057 26.1976 119.213 41.7589 32.4067 77.4544 31.2252 23.5529 116.058
internal_count=2207 1102 1105 272 830 88 815 732 605 586 95 491 127 461 428 148 83 98 679 409 144 130 116 280 108 91 172 81 61 426
cat_boundaries=0 1 2
cat_threshold=4 1
is_linear=0
shrinkage=0.05


Tree=23
num_leaves=31
num_cat=0
split_feature=7 4 3 0 5 0 0 2 3 0 5 0 6 5 4 6 5 4 6 2 4 2 5 4 2 3 5 4 0 5
split_gain=100.613 23.5451 19.6861 23.0732 31.0648 20.635 18.5087 13.1598 12.3607 8.40982 12.0836 7.73454 9.84061 7.64323 17.6225 13.4482 8.11687 6.06422 6.27771 6.04577 18.8489 7.07725 6.11544 5.13249 6.22467 5.36334 5.01332 8.78204 5.84634 13.9707
threshold=0.5505000000000001 32.500000000000007 28.500000000000004 93.500000000000014 68.500000000000014 66.500000000000014 71.500000000000014 1.8050000000000004 31.500000000000004 180.50000000000003 103.50000000000001 45.500000000000007 254.50000000000003 55.500000000000007 22.500000000000004 254.50000000000003 78.500000000000014 60.500000000000007 254.50000000000003 1.2550000000000001 39.500000000000007 1.0950000000000004 41.500000000000007 51.500000000000007 1.0350000000000004 83.500000000000014 101.50000000000001 33.500000000000007 76.500000000000014 90.500000000000014
decision_type=2 2 2 2 2 2 2 2 2 2 2 2 2 2 2 2 2 2 2 2 2 2 2 2 2 2 2 2 2 2
left_child=1 6 11 4 5 8 13 9 -4 10 -5 -2 -13 14 -1 -16 -15 18 -12 20 21 -10 -21 24 -3 -26 28 -28 -6 -30
right_child=2 23 3 7 26 -7 -8 -9 19 -11 17 12 -14 16 15 -17 -18 -19 -20 22 -22 -23 -24 -25 25 -27 27 -29 29 -31
leaf_value=0.063146914492171191 0.0058150404022278036 0.027455715678787126 0.046591599707902692 -0.049888520553062227 0.04765148646512643 -0.065639618599368524 -0.046967218426882174 0.036507125790056695 -0.024382244473570482 -0.046751484569242018 0.010067857314506228 -0.067974771764276701 0.0008344307881166255 0.045097749253239026 0.0041742763222803857 -0.075544266185357145 -0.013762580085018412 0.027916666354456762 -0.043822508587495285 -0.019053212555433376 0.012802495781419707 -0.097922564551029323 0.024416809086336675 -0.044284665759938051 -0.034356192513165164 0.022974853420954795 0.050235375385988074 -0.011797393630484418 -0.012311144881031182 0.048697293913006187
leaf_weight=6.7267365455627468 16.966642275452614 4.9835978895425788 20.197406560182571 11.664747804403303 110.37927316129208 9.4741972982883436 18.150051593780518 15.863503113389013 6.6896497309207898 15.261816293001173 14.652586877346039 12.507359549403191 8.8886656016111374 21.206624940037731 12.529062569141388 9.1567999422550201 8.0920813083648664 19.687808901071548 8.5617043673992157 10.28316770493984 26.901612028479576 6.4028287529945374 37.947862267494202 93.622123584151268 60.926187485456467 4.3721362203359595 10.539929345250131 12.438973262906073 15.232589110732077 24.439191401004791
leaf_count=11 45 19 38 50 216 44 100 33 21 72 42 70 31 40 33 43 23 44 36 29 66 27 83 519 301 16 20 34 53 48
internal_value=-0.000173175 -0.025959 0.0147252 0.0182009 0.0249175 0.005124 -0.00292805 -0.00460224 0.0113075 -0.0139414 -0.00476469 -0.0193966 -0.039389 0.0109222 -0.0075555 -0.0294867 0.028841 0.00750413 -0.00980755 0.00322987 -0.0111437 -0.0603469 0.0151487 -0.0366186 -0.0264067 -0.0305175 0.0384041 0.0166557 0.0417347 0.0252722
internal_weight=654.747 239.765 414.982 376.619 290.927 117.897 75.8614 85.6922 108.423 69.8287 54.5668 38.3627 21.396 57.7113 28.4126 21.6859 29.2987 42.9021 23.2143 88.2251 39.9941 13.0925 48.231 163.904 70.2819 65.2983 173.03 22.9789 150.051 39.6718
internal_count=2207 1105 1102 956 679 308 250 277 264 244 172 146 101 150 87 76 63 122 78 226 114 48 112 855 336 317 371 54 317 101
is_linear=0
shrinkage=0.05


Tree=24
num_leaves=31
num_cat=2
split_feature=7 1 0 4 7 0 3 0 5 5 3 3 5 5 4 1 6 5 0 0 0 1 5 1 6 4 4 8 4 8
split_gain=92.2469 24.9147 38.3044 21.7856 18.0485 16.3176 13.4424 14.2789 19.4282 18.5766 18.0904 10.9974 10.8189 7.8181 16.1023 10.0667 7.71476 12.0113 10.7845 9.32993 7.4796 7.27074 6.62175 6.50877 6.16446 6.136 12.4354 11.9653 7.4013 5.72905
threshold=0.5505000000000001 254.50000000000003 116.50000000000001 42.500000000000007 0.90000000000000002 71.500000000000014 25.500000000000004 72.500000000000014 68.500000000000014 91.500000000000014 31.500000000000004 48.500000000000007 104.50000000000001 65.500000000000014 22.500000000000004 165.50000000000003 251.50000000000003 156.50000000000003 106.50000000000001 190.50000000000003 46.500000000000007 143.50000000000003 78.500000000000014 117.50000000000001 216.50000000000003 31.500000000000004 35.500000000000007 0 56.500000000000007 1
decision_type=2 2 2 2 2 2 2 2 2 2 2 2 2 2 2 2 2 2 2 2 2 2 2 2 2 2 2 1 2 1
left_child=3 4 20 5 6 13 21 8 10 11 -8 -9 -7 14 -1 23 18 -18 -11 -19 -3 -2 -15 -16 -17 -12 -27 -28 -29 -5
right_child=1 2 -4 29 -6 12 7 9 -10 16 25 -13 -14 22 15 24 17 19 -20 -21 -22 -23 -24 -25 -26 26 27 28 -30 -31
leaf_value=0.050200381940285865 -0.0067419703715084827 0.0078656385323850105 -0.054289871312572249 -0.028974426850963055 0.072723789303897571 -0.057149064733300316 0.034212595102418072 -0.073103398940109629 0.037256517484008204 0.010315686068059876 0.015787545274234403 -0.0076184923407391974 0.0070188239141642369 0.039237810243133497 -0.022600694679591183 0.03905529164369867 0.034567786621869254 -0.057150644019392793 -0.05531503766527416 0.018499334403060674 0.048346512895997215 -0.068366090423804982 -0.0067941619883622704 -0.075344530564084244 -0.023818936109435286 -0.075039195794417937 0.0068770294887658375 -0.018383400114090967 -0.095198001885158506 -0.050681606856515682
leaf_weight=9.0130850970745069 9.9854832887649554 13.042573764920233 11.132737740874289 60.929722711443901 9.9283112287521345 23.579052969813347 30.615868493914604 14.527711480855944 65.457406491041183 14.934920489788057 15.486641287803648 11.475733950734137 9.1055573970079404 20.126563727855682 14.464997351169588 7.7803484350442869 31.906999498605728 7.9097910225391415 10.775271087884901 8.4081800580024701 91.209501072764397 9.1932136416435224 12.769208893179892 9.8201423883438093 7.8134367913007736 8.5996053665876371 32.213270142674446 7.6088925600051862 5.3343568295240402 60.654737010598183
leaf_count=16 31 31 59 293 15 139 66 81 136 44 36 39 40 41 58 16 65 37 42 24 182 52 38 49 29 34 81 24 23 386
internal_value=-0.000167943 0.0141753 0.033868 -0.0250648 0.00645604 -0.00941049 0.00414293 0.00706571 0.0160855 -0.00785455 0.00220783 -0.0442039 -0.0392726 0.00252323 -0.010157 -0.0237985 0.00492972 0.0167227 -0.0171905 -0.0181704 0.0432821 -0.0362812 0.0213695 -0.0439286 0.00755147 -0.0119432 -0.0199321 -0.00943753 -0.0500413 -0.0398035
internal_weight=645.803 409.746 115.385 236.057 294.362 114.472 284.433 265.255 165.316 99.9386 99.8586 26.0034 32.6846 81.7878 48.892 39.8789 73.9352 48.225 25.7102 16.318 104.252 19.1787 32.8958 24.2851 15.5938 69.2428 53.7561 45.1565 12.9432 121.584
internal_count=2207 1102 272 1105 830 426 815 732 400 332 264 120 179 247 168 152 212 126 86 61 213 83 79 107 45 198 162 128 47 679
cat_boundaries=0 1 2
cat_threshold=1 4
is_linear=0
shrinkage=0.05


Tree=25
num_leaves=31
num_cat=1
split_feature=7 1 0 4 7 0 8 5 0 0 4 5 5 4 5 6 1 6 1 4 6 2 1 6 0 5 1 4 4 5
split_gain=60.6384 22.4062 28.8077 18.5975 16.9337 13.4879 12.7688 27.3156 12.1863 14.3563 19.3017 20.152 11.5497 19.4702 11.5191 10.9088 10.7296 26.207 9.5958 16.1725 9.70405 7.9124 7.74472 9.90848 8.50495 9.00563 11.5922 7.62436 7.48897 6.85055
threshold=0.5505000000000001 254.50000000000003 124.50000000000001 32.500000000000007 0.90000000000000002 71.500000000000014 0 86.500000000000014 19.500000000000004 56.500000000000007 29.500000000000004 60.500000000000007 55.500000000000007 22.500000000000004 58.500000000000007 254.50000000000003 102.50000000000001 214.50000000000003 175.50000000000003 58.500000000000007 254.50000000000003 2.2400000000000007 252.50000000000003 252.50000000000003 78.500000000000014 158.50000000000003 158.50000000000003 35.500000000000007 28.500000000000004 115.50000000000001
decision_type=2 2 2 2 2 2 1 2 2 2 2 2 2 2 2 2 2 2 2 2 2 2 2 2 2 2 2 2 2 2
left_child=3 4 -3 5 8 12 7 18 -2 14 -11 -12 13 -1 16 -15 -10 -18 -5 -20 -21 -8 23 24 -13 26 -26 -19 -7 -25
right_child=1 2 -4 6 -6 28 21 -9 9 10 11 22 -14 15 -16 -17 17 27 19 20 -22 -23 -24 29 25 -27 -28 -29 -30 -31
leaf_value=0.060863238902139072 -0.056867551996708857 0.041092062879702136 -0.05092674254988061 -0.057359878758260235 0.073337734647594438 -0.063541090382525617 -0.045671917906586632 0.042616417695874376 0.037798173480225815 -0.052651222513397933 -0.064581668844736637 0.015386983698968466 0.035178542323796261 -0.00091593317336573557 0.04125404298465276 -0.072641266419821535 0.019576115252992823 -0.096912184706408999 0.017084867563820678 0.022352596701299944 -0.054574271729130985 0.031171079120692752 -0.029646438511706792 0.014140798588337701 0.023457251705643358 0.021440919464011485 -0.061883019603324589 -0.024363726431823718 0.0028308769849142608 0.048996962339276487
leaf_weight=7.4366400241851833 7.825522005558013 100.80645288527012 9.2891635149717313 19.894431322813034 9.269411087036131 10.257705032825472 72.943710282444954 17.046077340841293 20.624961376190186 17.428782142698765 10.265302270650862 31.262778639793396 30.76992692053318 11.84018449485302 41.431070536375046 9.5987673848867416 32.296988725662231 7.3887962102889997 20.933997958898544 4.9816188961267498 23.153041616082191 3.5112133771181098 12.394611567258833 43.40431821346283 5.3654795512557092 8.4307616651058179 15.401380106806753 7.1028036773204803 7.2566581517457953 20.876273348927498
leaf_count=12 33 215 50 117 14 64 464 47 40 93 47 82 63 33 82 47 76 32 58 17 128 15 49 109 15 20 70 21 34 40
internal_value=0.00222263 0.0141173 0.0333281 -0.0176759 0.00684347 0.00253635 -0.0272755 -0.0140596 0.0046539 0.00641306 -0.00289286 0.00299061 0.0138644 -0.00884808 0.0205056 -0.0330292 0.00775394 -0.00548992 -0.0280686 -0.0161927 -0.0409533 -0.0421429 0.00804874 0.0117942 -0.00273603 -0.0221409 -0.0398339 -0.0613538 -0.0360415 0.025461
internal_weight=640.489 400.865 110.096 239.624 290.769 77.1599 162.464 86.0092 281.5 273.674 164.83 147.401 59.6455 28.8756 108.845 21.439 67.4135 46.7886 68.9631 49.0687 28.1347 76.4549 137.136 124.741 60.4604 29.1976 20.7669 14.4916 17.5144 64.2806
internal_count=2187 1088 265 1099 823 253 846 367 809 776 525 432 155 92 251 80 169 129 320 203 145 479 385 336 187 105 85 53 98 149
cat_boundaries=0 1
cat_threshold=4
is_linear=0
shrinkage=0.05


Tree=26
num_leaves=31
num_cat=0
split_feature=7 1 0 0 7 4 1 3 5 1 4 3 1 6 5 0 5 0 4 4 5 1 5 4 6 5 4 3 4 3
split_gain=55.6506 20.893 26.6196 17.3263 15.7039 15.6871 17.1292 14.2491 13.364 11.2785 10.2285 10.1258 9.21985 14.2447 13.578 17.8836 12.0675 12.5312 10.9775 8.56133 9.9174 8.778 8.08451 17.5255 10.5648 8.17914 13.1263 7.92653 13.3531 7.55209
threshold=0.5505000000000001 254.50000000000003 124.50000000000001 91.500000000000014 0.90000000000000002 32.500000000000007 253.50000000000003 28.500000000000004 90.500000000000014 143.50000000000003 61.500000000000007 72.500000000000014 226.50000000000003 249.50000000000003 139.50000000000003 94.500000000000014 84.500000000000014 72.500000000000014 52.500000000000007 25.500000000000004 66.500000000000014 162.50000000000003 55.500000000000007 22.500000000000004 254.50000000000003 78.500000000000014 28.500000000000004 69.500000000000014 55.500000000000007 30.500000000000004
decision_type=2 2 2 2 2 2 2 2 2 2 2 2 2 2 2 2 2 2 2 2 2 2 2 2 2 2 2 2 2 2
left_child=3 4 -3 5 7 22 8 9 -7 -2 -10 -8 14 -14 15 16 17 19 -15 -9 27 -22 23 -1 -25 -24 -27 28 29 -21
right_child=1 2 -4 -5 -6 6 11 12 10 -11 -12 -13 13 18 -16 -17 -18 -19 -20 20 21 -23 25 24 -26 26 -28 -29 -30 -31
leaf_value=0.055415897060480147 0.0074492753518129746 0.039922709518649693 -0.049616272265006145 -0.043952308082060347 0.071378415633051126 -0.042139554782553705 0.029098013989683452 0.054074731055106143 0.033940267108588315 -0.050411455540599052 -0.061590777419602498 -0.02598912358715523 -0.073846150730449242 -0.038170864793019496 0.068826929514895663 -0.040014631200849776 0.034503444507059521 -0.045493555535083385 0.021616124108060276 0.042377956034073121 0.054406350275371086 -0.0029904326436868693 0.042910504184390741 -0.00087016038596576546 -0.070453041334196984 -0.049060497672561487 0.0482025277525613 0.032921403396131678 -0.073603805482711768 -0.0099500022277772149
leaf_weight=7.5419983714818981 14.718114122748373 98.627223864197731 9.0635635405778867 47.851848959922791 9.0531591027975065 70.751666054129601 22.039000794291496 10.472108274698256 11.161226764321325 19.688705794513226 3.7411484867334357 13.422551304101942 7.7478080391883841 11.646430298686026 10.380372837185858 16.281599372625351 53.736197151243687 10.746652483940123 22.530585125088692 8.1530459970235807 16.98609529435635 10.959055572748182 23.218997716903687 11.839872866868973 10.115614473819733 7.736285448074339 6.2886237949132919 12.602162301540373 7.3968768268823615 44.688222125172615
leaf_count=13 41 215 50 310 14 408 67 19 37 105 25 60 32 45 17 64 119 52 56 16 31 28 47 33 52 30 17 28 30 126
internal_value=0.00213815 0.0135999 0.0323869 -0.0170927 0.00656983 -0.0102509 -0.0209766 0.00446488 -0.0330755 -0.0256605 0.00995779 0.00824698 0.00870722 -0.012634 0.0131277 0.0101167 0.0147612 0.00606582 0.00124264 0.0110461 0.00657519 0.0318975 0.009213 -0.0103409 -0.0329293 0.0246999 -0.00544877 -0.00313969 -0.0106839 -0.00187616
internal_weight=631.187 395.478 107.691 235.709 287.787 187.857 121.116 278.734 85.654 34.4068 14.9024 35.4616 244.327 41.9248 202.402 192.022 175.74 122.004 34.177 111.258 100.785 27.9452 66.7414 29.4975 21.9555 37.2439 14.0249 72.8403 60.2381 52.8413
internal_count=2187 1088 265 1099 823 789 597 809 470 146 62 127 663 133 530 513 449 330 101 278 259 59 192 98 85 94 47 200 172 142
is_linear=0
shrinkage=0.05


Tree=27
num_leaves=31
num_cat=1
split_feature=7 1 0 0 2 7 2 0 0 4 5 5 8 0 1 4 4 5 1 6 4 5 6 4 1 6 0 5 1 0
split_gain=51.0193 19.4736 24.8436 16.3057 17.4344 14.5848 11.0073 11.0038 12.8691 17.26 17.8953 10.3661 9.86881 25.1876 12.1717 12.4289 11.5359 12.808 9.56009 23.3927 7.48649 10.4075 27.464 7.09305 6.95448 8.60903 7.50535 7.86567 10.2978 6.6936
threshold=0.5505000000000001 254.50000000000003 117.50000000000001 91.500000000000014 1.7850000000000004 0.90000000000000002 2.1650000000000005 19.500000000000004 56.500000000000007 29.500000000000004 60.500000000000007 58.500000000000007 0 88.500000000000014 253.50000000000003 74.500000000000014 32.500000000000007 49.500000000000007 102.50000000000001 214.50000000000003 22.500000000000004 55.500000000000007 254.50000000000003 35.500000000000007 252.50000000000003 252.50000000000003 78.500000000000014 158.50000000000003 158.50000000000003 67.500000000000014
decision_type=2 2 2 2 2 2 2 2 2 2 2 2 1 2 2 2 2 2 2 2 2 2 2 2 2 2 2 2 2 2
left_child=3 5 -3 4 12 7 -5 -2 11 -10 -11 18 14 16 15 20 -14 -18 -9 -20 -1 22 -22 -21 25 26 -12 28 -28 -23
right_child=1 2 -4 6 -6 -7 -8 8 9 10 24 -13 13 -15 -16 -17 17 -19 19 23 21 29 -24 -25 -26 -27 27 -29 -30 -31
leaf_value=0.036826769863989806 -0.054842351744617102 0.039773086780843299 -0.039521530739581284 -0.049307466433420544 -0.057780158137598438 0.069563327350356266 0.050190386273125026 0.035942034137302806 -0.050921443971246649 -0.06207281790027111 0.01446700947551127 0.039509713395101065 0.016721686564910337 0.088753080155122788 0.035754944438008709 -0.060705020965011139 0.043207381380956658 -0.061139507479616856 0.018617537730478962 -0.092959411732476294 0.021399457168711698 0.023667728388993062 -0.065958222456442742 -0.022669774495137844 -0.028440968995663219 0.02390261573927463 0.021749163972050317 0.019686356542463087 -0.059135975982177083 -0.019432118671162849
leaf_weight=12.27146305143833 7.6504532992839804 94.317002177238464 11.03350520133972 43.573503151535988 17.22337494790554 8.8305720537900907 2.9690825939178458 20.320724070072174 16.787776716053486 9.9508727043867093 30.959418013691902 40.148622900247574 7.9052133411169043 4.3831759393215171 22.302741646766663 9.1261656582355482 3.2701017111539832 29.200536251068115 31.97117193043232 7.2596163004636747 16.942390382289886 31.246293380856514 19.185144692659378 7.0987462550401688 12.295391574501989 62.940693914890289 5.3393522650003495 8.3922895491123182 14.961010150611399 12.657673433423041
leaf_count=24 33 207 58 297 103 14 13 40 93 47 82 82 22 16 53 64 18 201 76 32 44 73 113 21 49 149 15 20 70 58
internal_value=0.0020583 0.0131009 0.0314685 -0.0164964 -0.0098642 0.0063091 -0.0429602 0.00428585 0.00597108 -0.00292826 0.00263446 0.0194391 -0.00496617 -0.0250856 0.00231186 -0.00504177 -0.0374438 -0.0506308 0.00734905 -0.0051922 0.000461758 -0.0051142 -0.0249909 -0.0582084 0.00740799 0.0110035 -0.00260684 -0.0210296 -0.0378618 0.0112419
internal_weight=622.514 390.257 105.351 232.257 185.714 284.907 46.5426 276.076 268.426 161.627 144.839 106.799 168.491 44.759 123.732 101.429 40.3759 32.4706 66.6503 46.3295 92.303 80.0315 36.1275 14.3584 134.888 122.593 59.6521 28.6927 20.3004 43.904
internal_count=2187 1088 265 1099 789 823 310 809 776 525 432 251 686 257 429 376 241 219 169 129 312 288 157 53 385 336 187 105 85 131
cat_boundaries=0 1
cat_threshold=4
is_linear=0
shrinkage=0.05


Tree=28
num_leaves=31
num_cat=1
split_feature=7 7 3 0 2 0 5 6 5 5 2 0 8 5 4 5 4 3 5 4 5 4 0 0 4 5 6 6 2 0
split_gain=46.8638 16.7769 17.825 15.4726 16.1921 14.3083 14.4948 11.7349 11.81 14.9636 11.6895 10.4497 9.6121 14.5511 10.3748 12.6631 10.3274 10.5489 17.6922 15.6898 9.81586 9.29647 9.05291 8.22228 7.26635 11.8587 12.3225 7.11434 6.94076 5.45758
threshold=0.5505000000000001 0.90000000000000002 28.500000000000004 98.500000000000014 1.7850000000000004 94.500000000000014 68.500000000000014 234.50000000000003 106.50000000000001 166.50000000000003 2.1050000000000004 67.500000000000014 0 106.50000000000001 32.500000000000007 48.500000000000007 88.500000000000014 40.500000000000007 86.500000000000014 32.500000000000007 84.500000000000014 58.500000000000007 45.500000000000007 19.500000000000004 22.500000000000004 55.500000000000007 216.50000000000003 254.50000000000003 1.7850000000000004 78.500000000000014
decision_type=2 2 2 2 2 2 2 2 2 2 2 2 1 2 2 2 2 2 2 2 2 2 2 2 2 2 2 2 2 2
left_child=3 2 22 4 12 6 11 -7 -9 -10 -5 23 16 14 -14 -16 17 19 21 20 24 -19 -2 -4 -1 26 -26 -23 -11 -8
right_child=1 -3 5 10 -6 7 29 8 9 28 -12 -13 13 -15 15 -17 -18 18 -20 -21 -22 27 -24 -25 25 -27 -28 -29 -30 -31
leaf_value=0.047260273547204967 0.0071878546319334123 0.06608038327068709 -0.0387133387953075 -0.055076125562421911 -0.056765436279967767 -0.056479093789882411 0.03541754527978918 -0.057629641941048332 0.030214202881390945 -0.038675538919883158 0.047808979578453231 -0.049846440718774775 0.012716766650656889 0.035037824077169065 0.044005787284058323 -0.060379797270912507 -0.047570570885555927 0.025114112311439125 0.07324844558626635 -0.058766777139611925 -0.052266879603210616 0.020705746783362202 -0.045740149544551863 0.014027029117576398 0.022100848595426048 0.030465415817446152 -0.059439333712898945 -0.053537034479582114 0.03079504684458069 0.014444256616528862
leaf_weight=11.180415987968443 13.618105605244635 14.138015374541281 8.0056880861520749 32.444987863302231 17.146631054580212 9.8042639493942243 109.28089928627014 7.2655242532491675 34.823941096663475 16.264947101473812 3.0175338685512534 7.8517119511961928 8.3111965954303724 8.4469603300094587 3.228488251566886 29.026956126093864 9.9195816442370397 22.601881638169289 12.970318555831907 12.147519454360006 6.7933808118104926 5.0485486686229679 19.862489819526672 96.095997899770737 7.8420724719762811 17.967050716280937 11.323919117450714 8.9419872835278511 4.6156843453645697 43.310431897640228
leaf_count=20 38 25 31 234 106 48 249 28 84 79 13 38 25 39 17 209 61 63 25 65 35 18 108 231 18 43 57 51 10 119
internal_value=0.00197759 0.0126231 0.0105849 -0.0159672 -0.0103868 0.0140386 0.0194397 -0.00559515 0.00232734 0.0101475 -0.0463216 0.00577593 -0.00586203 -0.0246649 -0.0370964 -0.0499317 0.00140971 0.0055689 0.0230715 -0.00732958 0.00400902 0.00528614 -0.0242119 0.00997116 0.011922 0.00128198 -0.0260759 -0.0267462 -0.023319 0.0294646
internal_weight=613.297 384.938 370.8 228.359 192.897 337.319 264.545 72.7744 62.9701 55.7046 35.4625 111.953 175.75 49.0136 40.5666 32.2554 126.737 116.817 49.5627 67.2544 55.1068 36.5924 33.4806 104.102 48.3135 37.133 19.166 13.9905 20.8806 152.591
internal_count=2187 1088 1063 1099 852 917 668 249 201 173 247 300 746 290 251 226 456 395 157 238 173 132 146 262 138 118 75 69 89 368
cat_boundaries=0 1
cat_threshold=4
is_linear=0
shrinkage=0.05


Tree=29
num_leaves=31
num_cat=1
split_feature=7 1 0 0 2 7 2 3 1 8 0 0 4 1 1 4 1 6 4 2 2 3 2 4 0 0 3 0 3 6
split_gain=42.979 17.8465 22.6199 14.6114 15.18 12.7502 11.6288 10.9897 10.1567 8.86549 11.111 10.9737 10.4093 10.449 9.66254 11.0682 7.87791 12.6838 9.99629 7.76359 10.662 8.37788 7.2834 10.0618 7.22778 6.85147 6.5575 6.54408 17.9665 8.83868
threshold=0.5505000000000001 254.50000000000003 124.50000000000001 98.500000000000014 1.7850000000000004 0.90000000000000002 2.1550000000000007 28.500000000000004 143.50000000000003 0 88.500000000000014 91.500000000000014 32.500000000000007 113.50000000000001 253.50000000000003 74.500000000000014 226.50000000000003 249.50000000000003 52.500000000000007 1.0250000000000001 1.2650000000000003 32.500000000000007 1.3550000000000002 32.500000000000007 21.500000000000004 44.500000000000007 52.500000000000007 69.500000000000014 39.500000000000007 250.50000000000003
decision_type=2 2 2 2 2 2 2 2 2 1 2 2 2 2 2 2 2 2 2 2 2 2 2 2 2 2 2 2 2 2
left_child=3 5 -3 4 9 7 -5 8 -2 14 12 -12 -11 -14 15 19 24 -18 -19 -1 21 25 -22 -24 -9 -21 -25 -26 29 -29
right_child=1 2 -4 6 -6 -7 -8 16 -10 10 11 -13 13 -15 -16 -17 17 18 -20 20 22 -23 23 26 27 -27 -28 28 -30 -31
leaf_value=0.050524442302922072 0.0080598928248294486 0.037247945466120119 -0.04745898633944514 -0.054368411577336732 -0.055680018586316049 0.066340561481899984 0.049465664431452235 -0.035174489318695566 -0.047744442802149296 0.015154788717751106 0.080171804717989514 -0.026943286735708741 0.027833748454909536 -0.060194217128932165 0.030816747175023786 -0.059736398757304354 -0.070878792252000736 -0.037237869930071936 0.020378357166897655 -0.042062842042749744 0.039245490329643244 -0.05694393013070416 0.025304596542458771 -0.066624180627342044 0.020406582851759853 0.0084095808936473886 0.0051359900798221923 -0.07595371815312961 0.017902523094535827 -0.0085031897313283013
leaf_weight=6.9707032740116111 14.524003490805624 92.998957917094231 8.6109298318624479 31.418310031294823 16.62026059627533 8.3795484006404859 2.9496046602725974 7.9133066833019248 18.590086959302425 7.9356555938720694 4.5827167332172376 4.9997324720025063 3.8570350334048298 26.759423166513443 22.75917948782444 8.5283720195293409 7.5720573142170897 11.412378236651419 22.118829637765884 9.9835321903228778 16.470847755670547 12.293986670672892 14.887770667672159 7.2248492240905744 123.0039234906435 20.592992894351482 5.6913965046405792 8.9302141219377518 46.094974830746651 10.647989019751549
leaf_count=18 41 215 50 235 106 14 12 32 105 22 16 33 23 196 57 64 32 45 56 41 40 66 38 44 289 67 21 48 126 35
internal_value=0.00189671 0.0121271 0.0300695 -0.015454 -0.0100315 0.00559697 -0.0454569 0.00371739 -0.0232684 -0.0056596 -0.0239007 0.0242835 -0.0358772 -0.0491045 0.001342 -0.00519338 0.00747689 -0.0124303 0.00076862 -0.00025094 -0.00431243 -0.0220857 0.0128971 -0.00271147 0.0116391 -0.00807016 -0.0350039 0.0136025 0.000858669 -0.0392694
internal_weight=605.324 380.797 101.61 224.526 190.158 279.187 34.3679 270.808 33.1141 173.538 48.1346 9.58245 38.5521 30.6165 125.404 102.644 237.694 41.1033 33.5312 94.1161 87.1454 42.8705 44.2749 27.804 196.59 30.5765 12.9162 188.677 65.6732 19.5782
internal_count=2187 1088 265 1099 852 823 247 809 146 746 290 49 241 219 456 399 663 133 101 335 317 174 143 103 530 108 65 498 209 83
cat_boundaries=0 1
cat_threshold=4
is_linear=0
shrinkage=0.05


Tree=30
num_leaves=31
num_cat=2
split_feature=7 8 9 5 0 6 5 3 6 0 3 4 0 5 3 5 1 6 1 0 5 5 5 0 5 4 5 3 6 4
split_gain=47.0668 19.3049 18.069 16.4697 33.9842 14.9928 15.0085 13.3048 18.1937 12.6318 12.3145 12.2128 12.2626 13.8363 14.9417 15.7697 11.3555 10.6665 10.3372 11.0526 9.96379 10.1675 7.55333 8.59387 7.83167 7.51851 7.41458 16.1806 7.34571 7.32158
threshold=0.5505000000000001 0 1 60.500000000000007 78.500000000000014 216.50000000000003 166.50000000000003 39.500000000000007 253.50000000000003 57.500000000000007 42.500000000000007 88.500000000000014 95.500000000000014 74.500000000000014 38.500000000000007 77.500000000000014 163.50000000000003 254.50000000000003 191.50000000000003 45.500000000000007 98.500000000000014 77.500000000000014 143.50000000000003 124.50000000000001 84.500000000000014 68.500000000000014 43.500000000000007 37.500000000000007 146.50000000000003 39.500000000000007
decision_type=2 1 9 2 2 2 2 2 2 2 2 2 2 2 2 2 2 2 2 2 2 2 2 2 2 2 2 2 2 2
left_child=1 11 3 9 20 28 22 8 -3 26 -4 12 13 17 15 -15 -17 18 19 -1 21 25 23 24 -7 -5 27 -2 -6 -26
right_child=2 7 10 4 5 6 -8 -9 -10 -11 -12 -13 -14 14 -16 16 -18 -19 -20 -21 -22 -23 -24 -25 29 -27 -28 -29 -30 -31
leaf_value=0.022399663908544198 0.0075574434680305905 -0.064492572855717439 0.0030253674688009019 0.025247961457648679 0.0030853002675684318 -0.037571163635438581 -0.038674780930732941 -0.05093113784126483 0.035841822616171644 -0.054714725367555728 0.067659498585658132 -0.051087809781341746 -0.060246723762493098 0.057742126018007593 0.056134358945069553 0.019064138406781804 -0.078934135149103565 -0.025607727989041526 0.054698854814536416 -0.049930831054115256 -0.016134785240091046 0.047067233557521772 0.041351200310147829 -0.053567848960269282 0.040410756714417365 -0.032321490134827886 0.0077838878802274679 -0.071927877847721769 -0.066090495544542466 0.00044454773131508959
leaf_weight=13.007745370268827 15.757654368877413 7.3216417282819757 9.9752269834279996 41.218232654035091 5.3319509252905872 7.5844103693962088 18.414235152304173 55.56296644359827 11.799719497561455 14.08076026290655 28.210925564169884 14.121965326368807 8.4319107830524427 6.4052539020776775 20.328310400247574 4.9828109443187696 7.2674434185028076 45.417119242250919 9.853160083293913 8.8919515907764417 10.257538452744482 72.07649964094162 16.679654955863953 5.9765885919332495 19.71193616092205 6.5762110352516165 51.579649582505226 10.784736961126326 13.693491622805594 27.371383965015411
leaf_count=34 44 49 32 108 18 32 89 411 41 70 46 93 62 12 47 19 38 214 20 37 31 158 36 26 44 22 132 43 84 75
internal_value=0.000693183 -0.0180559 0.0113543 0.00669017 0.0136701 -0.00616369 0.00189257 -0.038551 -0.0025766 -0.011123 0.040238 -0.00702072 -0.00202566 0.00220077 0.0264806 -0.00583224 -0.0390732 -0.0100646 0.0121672 -0.00696875 0.031162 0.0352092 0.0115534 0.00335784 0.00958128 0.0173268 -0.00326599 -0.0247391 -0.0467037 0.0171768
internal_weight=588.673 213.392 375.281 337.095 244.892 114.764 95.7382 74.6843 19.1214 92.2028 38.1862 138.708 124.586 116.154 38.9838 18.6555 12.2503 77.17 31.7529 21.8997 130.128 119.871 77.324 60.6443 54.6677 47.7944 78.122 26.5424 19.0254 47.0833
internal_count=2167 1077 1090 1012 723 404 302 501 90 289 78 576 483 421 116 69 57 305 91 71 319 288 213 177 151 130 219 87 102 119
cat_boundaries=0 1 2
cat_threshold=4 2
is_linear=0
shrinkage=0.05


Tree=31
num_leaves=31
num_cat=2
split_feature=7 8 7 6 0 5 5 8 3 6 0 5 6 3 5 1 1 0 5 1 2 2 3 0 5 5 1 5 1 3
split_gain=43.196 18.1787 17.4874 14.2697 15.7892 15.5557 14.8008 12.9945 12.7241 16.8009 10.347 17.3382 14.0759 11.2187 14.4055 10.6096 9.85245 9.31111 8.17817 6.32363 5.32142 11.9722 6.36268 5.12896 10.3213 9.26092 10.3001 7.05309 9.17202 11.1845
threshold=0.5505000000000001 0 0.90000000000000002 207.50000000000003 78.500000000000014 166.50000000000003 44.500000000000007 1 39.500000000000007 253.50000000000003 95.500000000000014 74.500000000000014 254.50000000000003 38.500000000000007 77.500000000000014 163.50000000000003 191.50000000000003 45.500000000000007 79.500000000000014 253.50000000000003 1.3450000000000004 1.2750000000000001 29.500000000000004 78.500000000000014 83.500000000000014 101.50000000000001 250.50000000000003 77.500000000000014 127.50000000000001 49.500000000000007
decision_type=2 1 2 2 2 2 2 1 2 2 2 2 2 2 2 2 2 2 2 2 2 2 2 2 2 2 2 2 2 2
left_child=1 10 3 4 18 6 7 -5 9 -3 11 12 16 14 -13 -16 17 -1 -2 -7 21 22 -14 25 -25 26 27 28 -8 -30
right_child=2 8 -4 5 -6 19 23 -9 -10 -11 -12 13 20 -15 15 -17 -18 -19 -20 -21 -22 -23 -24 24 -26 -27 -28 -29 29 -31
leaf_value=0.018115762567861182 -0.0042188105600400949 -0.063690200341157785 0.061982594593832624 -0.068732251960991128 -0.050831168204337654 -0.0045177015440265389 0.029628168527616336 0.021518423051026775 -0.050123527156561057 0.033665724246576129 -0.059683138324608503 0.055368505477723595 0.0011771174176626285 0.046731649373266793 0.018005375895066792 -0.077084345221875572 0.052208438517862693 -0.047954078493130922 0.048822654803350359 -0.062014179215591797 -0.04901472939403434 0.050174270457589078 -0.050476730300567346 -0.03718418244563166 0.017676828157615999 -0.025298509823416152 0.048563239943083016 0.037688533485837734 0.0063669463468286995 -0.068294632350386505
leaf_weight=13.538198605179788 64.078556969761848 7.0500691011548051 16.044389471411705 8.9211958423256874 17.752282083034515 11.586531683802606 25.989335611462593 7.2132246643304834 53.683178544044495 11.930807419121265 8.6511519700288755 6.3473308384418514 9.3449728637933784 22.996825762093067 5.0112674087285978 7.0746434703469276 9.8081451505422574 8.7979850992560369 8.1967624574899656 8.1430817544460279 23.808002702891827 5.3867124468088141 16.467354342341423 9.6591187044978124 76.264249533414841 8.001293331384657 48.314282476902008 33.571598425507545 20.448073923587803 6.6464941352605811
leaf_count=38 195 49 32 40 103 34 57 17 411 41 66 12 35 60 19 38 20 37 16 57 140 12 99 45 200 25 109 75 60 25
internal_value=0.000664868 -0.0174607 0.0109242 0.00861525 -0.00858089 0.0144626 0.0179016 -0.0283838 -0.0376823 -0.0024952 -0.00675338 -0.00319218 -0.0158513 0.0234373 -0.0056242 -0.0376566 0.0104349 -0.00790844 0.00179664 -0.0282485 -0.0312121 -0.0176269 -0.0317762 0.0211642 0.0115096 0.0269665 0.0300649 0.0197512 0.00840723 -0.0119481
internal_weight=580.727 209.897 370.83 354.786 90.0276 264.758 245.029 16.1344 72.6641 18.9809 137.233 128.581 87.1514 41.4301 18.4332 12.0859 32.1443 22.3362 72.2753 19.7296 55.007 31.199 25.8123 228.894 85.9234 142.971 134.97 86.6555 53.0839 27.0946
internal_count=2167 1077 1090 1058 314 744 653 57 501 90 576 510 381 129 69 57 95 75 211 91 286 146 134 596 245 351 326 217 142 85
cat_boundaries=0 1 2
cat_threshold=4 4
is_linear=0
shrinkage=0.05


Tree=32
num_leaves=31
num_cat=1
split_feature=7 8 7 6 0 0 3 6 4 0 1 4 1 2 2 3 1 6 3 2 3 6 1 2 1 1 0 1 2 6
split_gain=39.6586 17.1006 16.5258 13.0472 14.6705 12.3027 12.1655 15.5364 11.1205 10.9201 10.5828 8.18164 9.622 10.4678 8.82282 8.69457 9.23085 7.28325 8.20825 7.19291 6.34817 5.9443 16.9769 5.61504 5.44996 4.3408 9.83589 6.42017 4.26421 4.22296
threshold=0.5505000000000001 0 0.90000000000000002 207.50000000000003 78.500000000000014 180.50000000000003 39.500000000000007 253.50000000000003 88.500000000000014 95.500000000000014 188.50000000000003 29.500000000000004 122.50000000000001 1.155 1.1150000000000004 37.500000000000007 175.50000000000003 250.50000000000003 40.500000000000007 1.4350000000000003 24.500000000000004 131.50000000000003 152.50000000000003 1.1050000000000002 106.50000000000001 248.50000000000003 118.50000000000001 233.50000000000003 1.2850000000000004 175.50000000000003
decision_type=2 1 2 2 2 2 2 2 2 2 2 2 2 2 2 2 2 2 2 2 2 2 2 2 2 2 2 2 2 2
left_child=1 8 3 4 21 20 7 -3 9 10 11 12 -1 14 -14 -13 -17 -12 -19 -7 -5 24 29 -24 -2 27 -27 -22 -28 -23
right_child=2 6 -4 5 -6 19 -8 -9 -10 -11 17 15 13 -15 -16 16 -18 18 -20 -21 25 22 23 -25 -26 26 28 -29 -30 -31
leaf_value=0.036862010560678525 -0.013118485648797147 -0.062939818293111488 0.061051925922372963 -0.02734534565441454 -0.049537804750004848 -0.064366351848103173 -0.049333982300491401 0.031656643365725656 -0.049678949391273271 -0.059108798967553292 0.054387486289416344 -0.064737930430354002 -0.033351577798625347 -0.069534790917419376 0.048328327080628897 -0.033017876925099506 0.055463535652416553 -0.022678502336468908 0.023582004497140402 0.0021454345590513116 0.015102471265130511 -0.080085135599805166 -0.02241350565146584 0.02858441080539495 0.03031205314447688 0.031807269229273814 0.0097707341277409668 -0.030586272851245544 -0.0498844152031237 -0.022065643676008134
leaf_weight=13.310131937265394 10.433738827705382 6.7841537445783624 15.488634347915648 7.9107007309794417 17.316159047186375 7.4367359057068851 51.861604258418083 12.050397887825966 13.437671579420565 7.7724773883819571 10.960310220718382 12.000805370509626 6.5995688289403933 6.5988840311765662 6.6249075829982758 9.985093064606188 4.1823055669665328 14.06798669695854 30.117219120264053 8.9652013108134252 127.99440358579159 8.1032603532075864 7.8952255398035076 17.060721889138222 23.47652617841959 88.939814314246178 6.9164295643568021 8.1803894042968732 5.2842716127634048 5.116489812731742
leaf_count=30 32 49 32 36 103 51 411 41 93 62 24 81 30 30 15 54 10 58 89 26 343 35 32 41 56 216 23 26 23 15
internal_value=0.000636872 -0.016896 0.010508 0.00827785 -0.00821229 0.0139128 -0.0368345 -0.00241674 -0.00650522 -0.00175841 0.00213644 -0.0125254 0.00397938 -0.0180992 0.00756663 -0.0334233 -0.00689761 0.0179033 0.00885327 -0.0280114 0.0167169 0.00171474 -0.0118174 0.0124504 0.0169491 0.0181856 0.0260322 0.0123578 -0.0160666 -0.0576296
internal_weight=572.872 206.354 366.519 351.03 89.4021 261.628 70.6962 18.8346 135.657 122.22 114.447 59.3017 33.1335 19.8234 13.2245 26.1682 14.1674 55.1455 44.1852 16.4019 245.226 72.086 38.1757 24.9559 33.9103 237.315 101.141 136.175 12.2007 13.2198
internal_count=2167 1077 1090 1058 314 744 501 90 576 483 421 250 105 75 45 145 64 171 147 77 667 211 123 73 88 631 262 369 46 50
cat_boundaries=0 1
cat_threshold=4
is_linear=0
shrinkage=0.05


Tree=33
num_leaves=31
num_cat=4
split_feature=7 9 8 5 5 4 5 1 3 6 3 4 4 8 4 6 1 1 1 4 1 3 1 6 5 4 5 5 1 8
split_gain=36.3764 16.2568 16.0865 14.3151 20.191 13.075 31.0942 13.8512 11.6284 14.386 11.4883 11.3935 10.4034 9.90954 9.28926 9.26514 9.2429 8.3946 7.8254 6.94094 10.8643 8.30572 8.57684 6.20039 12.2275 6.61406 6.12784 6.04374 5.82269 5.62295
threshold=0.5505000000000001 0 1 60.500000000000007 98.500000000000014 46.500000000000007 113.50000000000001 252.50000000000003 39.500000000000007 253.50000000000003 42.500000000000007 29.500000000000004 88.500000000000014 2 25.500000000000004 252.50000000000003 250.50000000000003 141.50000000000003 188.50000000000003 29.500000000000004 170.50000000000003 37.500000000000007 175.50000000000003 250.50000000000003 65.500000000000014 36.500000000000007 86.500000000000014 76.500000000000014 218.50000000000003 3
decision_type=2 9 1 2 2 2 2 2 2 2 2 2 2 1 2 2 2 2 2 2 2 2 2 2 2 2 2 2 2 1
left_child=2 3 12 14 11 13 -7 15 9 -4 -3 17 18 -6 -2 -8 -16 -5 19 20 -1 -21 27 -20 28 -26 -27 -23 -25 -13
right_child=1 10 8 4 5 6 7 -9 -10 -11 -12 29 -14 -15 16 -17 -18 -19 23 21 -22 22 -24 24 25 26 -28 -29 -30 -31
leaf_value=0.014048142356266358 0.023602497154065268 0.0018285307111892324 -0.062237085451769938 0.025286751291515842 0.032934525221377846 -0.1064320688894628 -0.022965564747316262 -0.045744521912093272 -0.048560133793773982 0.029796600668478886 0.065246612425633579 0.036629444055973036 -0.048721877392887067 -0.025295427901301855 -0.026508261245869393 0.041634194294598803 0.019551139522978579 -0.049574303197291454 0.043634533266710379 -0.063603519555441454 -0.056847219072171142 -0.062201465953099569 0.052616398598480385 -0.065861958757169936 -0.012657916746515986 0.013905353935526304 0.06919233051816133 0.017746245332593082 -0.0076943578406229625 0.016394637986992172
leaf_weight=28.186065815389156 15.970290452241896 9.7415232807397825 6.5243007093667993 6.4893732070922843 24.247925132513046 9.393509164452551 8.7406264096498489 13.193429209291933 50.098569519817829 12.159593358635902 26.752098634839058 76.049920849502087 13.027036882936953 10.45734106004238 61.819608725607395 15.207626640796661 13.221651725471018 8.8543315827846509 11.818364135921 12.28965584933758 6.6856378763914099 6.3554418459534627 4.1880150586366645 6.6263369992375383 8.7595995366573352 10.879624381661417 9.2927844226360303 3.7639272063970566 12.266821958124638 62.58764760941267
leaf_count=84 46 32 49 16 57 42 30 76 411 41 46 200 93 43 211 31 32 57 32 87 39 44 10 41 33 33 21 12 47 171
internal_value=0.000606792 0.0100906 -0.0163456 0.00564138 0.0123293 -0.00783849 -0.025161 -0.00460677 -0.0360053 -0.002341 0.0379256 0.0229698 -0.00626478 0.0153888 -0.0110238 0.0180566 -0.018393 -0.017913 -0.00169802 -0.0142174 0.000456013 -0.033456 -0.00756001 0.0112045 0.00319052 0.0236208 0.0393743 -0.0324647 -0.0280953 0.0274945
internal_weight=565.649 362.727 202.922 326.233 235.222 81.2405 46.5352 37.1417 68.7825 18.6839 36.4936 153.981 134.139 34.7053 91.0116 23.9483 75.0413 15.3437 121.112 61.4687 34.8717 26.597 14.3074 59.6435 47.8252 28.932 20.1724 10.1194 18.8932 138.638
internal_count=2167 1090 1077 1012 723 279 179 137 501 90 78 444 576 100 289 61 243 73 483 276 123 153 66 207 175 87 54 56 88 371
cat_boundaries=0 1 2 3 4
cat_threshold=2 4 1 4
is_linear=0
shrinkage=0.05


Tree=34
num_leaves=31
num_cat=2
split_feature=7 7 8 6 5 5 5 1 3 6 4 6 1 1 8 2 4 1 3 1 1 5 3 1 5 6 5 4 1 5
split_gain=33.3682 15.2022 15.1276 11.378 13.328 12.3444 13.4797 11.6942 11.1118 13.337 9.73171 7.93153 8.01199 7.14297 7.09301 14.2747 6.51084 9.97255 7.92383 7.83571 6.24596 8.05848 6.77666 5.72739 5.72099 5.58658 11.1185 5.96838 5.57613 5.53531
threshold=0.5505000000000001 0.90000000000000002 0 207.50000000000003 93.500000000000014 166.50000000000003 44.500000000000007 212.50000000000003 39.500000000000007 253.50000000000003 88.500000000000014 131.50000000000003 135.50000000000003 188.50000000000003 1 1.2450000000000003 29.500000000000004 170.50000000000003 37.500000000000007 175.50000000000003 158.50000000000003 56.500000000000007 40.500000000000007 253.50000000000003 76.500000000000014 250.50000000000003 65.500000000000014 36.500000000000007 218.50000000000003 86.500000000000014
decision_type=2 2 1 2 2 2 2 2 2 2 2 2 2 2 1 2 2 2 2 2 2 2 2 2 2 2 2 2 2 2
left_child=2 3 10 4 11 6 7 -5 9 -4 13 -2 -13 16 20 -16 17 -1 -18 24 -14 -22 -23 -7 -20 -15 28 -28 -27 -29
right_child=1 -3 8 5 -6 23 -8 -9 -10 -11 -12 12 14 25 15 -17 18 -19 19 -21 21 22 -24 -25 -26 26 27 29 -30 -31
leaf_value=0.013338479060245205 0.015618195481374339 0.0596379448688103 -0.061578139557559912 -0.065423844769979492 -0.071605220843939929 -0.0039845599400185816 0.019167606095229699 0.021606459531960113 -0.047799833454645176 0.028070267924629817 -0.047786041334746517 -0.073567174594472345 -0.077974464137103683 0.041448795380102717 -0.034110634341264989 0.055317547958102786 -0.062861451900015797 -0.055143297330375776 -0.061495888335097781 0.049967478333041826 0.031907871548624338 -0.066327541271824011 0.019265906800235925 -0.060488428737042112 0.016858128510684949 -0.064935843294408976 -0.01203435068484821 0.013206606896426104 -0.0073210076940257553 0.065754117349068275
leaf_weight=28.200998209416866 35.708793677389622 14.611528739333151 6.2708315402269372 9.1252729296684247 7.5139397680759421 11.479277253150942 221.79340150207281 6.6893252730369559 48.394085265696049 12.259380921721458 12.628232054412363 5.3174684941768637 4.7720046192407635 11.819452278316019 8.128817632794382 9.8930395543575269 11.824776053428652 6.5510725900530806 6.1130825951695424 4.1894767433404914 6.2498807609081295 7.3765868917107564 3.368415854871273 7.3603492602705947 3.7641011476516724 6.3907721787691125 8.752981439232828 10.882414415478708 12.248262241482735 9.2897832244634611
leaf_count=84 98 32 49 42 44 34 596 15 411 41 93 21 25 32 31 18 87 39 44 10 15 52 10 57 12 41 33 33 47 21
internal_value=0.000581142 0.00968486 -0.0158122 0.00756787 -0.00790897 0.0128986 0.0159876 -0.0286114 -0.0351928 -0.00226776 -0.00603469 -0.00198669 -0.0159238 -0.00164197 -0.00822016 0.0149807 -0.0137121 0.000429059 -0.0326926 -0.00733196 -0.0274292 -0.0132366 -0.0394951 -0.0260597 -0.0316359 0.0106842 0.00303937 0.022445 -0.0270754 0.037406
internal_weight=558.968 359.388 199.58 344.777 88.3289 256.448 237.608 15.8146 66.9243 18.5302 132.655 80.815 45.1062 120.027 39.7887 18.0219 60.6435 34.7521 25.8914 14.0667 21.7669 16.9949 10.745 18.8396 9.87718 59.3837 47.5642 28.9252 18.639 20.1722
internal_count=2167 1090 1077 1058 314 744 653 57 501 90 576 270 172 483 151 49 276 123 153 66 102 77 62 91 56 207 175 87 88 54
cat_boundaries=0 1 2
cat_threshold=4 4
is_linear=0
shrinkage=0.05


Tree=35
num_leaves=31
num_cat=1
split_feature=7 0 1 0 4 4 1 5 0 0 3 7 3 5 5 6 6 8 5 0 3 1 6 5 0 5 0 3 5 3
split_gain=23.4103 14.245 12.1776 23.4679 18.5235 10.7887 18.8292 13.9558 18.6303 10.0008 8.38305 7.01231 6.38239 7.52474 6.05176 14.0356 11.7466 5.47349 8.44156 6.79399 5.39925 5.14021 12.4235 8.85893 10.2154 7.61158 9.55427 16.4509 10.5418 10.3445
threshold=0.5505000000000001 103.50000000000001 254.50000000000003 88.500000000000014 40.500000000000007 55.500000000000007 253.50000000000003 104.50000000000001 78.500000000000014 21.500000000000004 75.500000000000014 0.90000000000000002 26.500000000000004 45.500000000000007 42.500000000000007 167.50000000000003 205.50000000000003 0 82.500000000000014 55.500000000000007 68.500000000000014 222.50000000000003 249.50000000000003 139.50000000000003 107.50000000000001 109.50000000000001 69.500000000000014 39.500000000000007 66.500000000000014 31.500000000000004
decision_type=2 2 2 2 2 2 2 2 2 2 2 2 2 2 2 2 2 1 2 2 2 2 2 2 2 2 2 2 2 2
left_child=1 5 9 10 -5 7 -7 8 14 -2 -4 12 13 -11 16 -16 -1 -8 19 -19 -6 23 -23 24 25 26 28 -28 29 -14
right_child=2 -3 3 4 20 6 17 -9 -10 11 -12 -13 21 -15 15 -17 -18 18 -20 -21 -22 22 -24 -25 -26 -27 27 -29 -30 -31
leaf_value=0.017307451537341596 -0.043844524033330508 -0.049604285880004227 0.046187906821801385 0.048187260891281947 -0.076555022751811613 -0.050225620600928139 -0.032981991849988769 0.076534501653537285 -0.049944962509883187 0.027500702568985031 0.0011807724233061461 0.056580764887104146 0.03319253103652102 -0.043595073614893995 -0.054970372792279433 0.017796029193271022 -0.066166652363554318 0.026140276621757427 0.068106730251598246 -0.04639807960643455 -0.015526630751135235 -0.070992365585865275 0.004076506825594484 0.062383074763681857 -0.054006682531565514 0.051392712610495495 -0.051937486961648162 0.013157904223404571 0.035243059893016827 -0.0083344948553300859
leaf_weight=9.1730383709073084 10.193093597888945 21.245496012270451 62.697353020310402 6.8012736141681698 8.7734833285212499 31.605130441486835 6.4448292702436447 5.9607491344213477 17.239160880446434 5.2194013446569469 12.39088001847267 6.8495552986860266 21.293934091925621 12.970198176801203 7.2392091751098624 78.344206400215626 7.7966642752289763 8.2959832102060371 6.2571898847818366 5.2839551866054526 6.1749487221240988 6.6761690750718108 31.590846933424473 8.0617588311433774 6.2478952556848517 10.957990780472754 16.049309261143208 24.555605389177799 42.962296962738037 50.707676261663437
leaf_count=28 44 191 152 15 51 263 49 25 136 15 37 15 46 73 40 252 51 24 12 27 28 30 99 15 30 22 86 72 99 141
internal_value=0.00258809 -0.0108432 0.0104243 0.0255137 -0.0202208 -0.0063589 -0.0242213 0.00186358 -0.00185198 0.00467907 0.0387609 0.00670496 0.00526527 -0.0231945 0.00623244 0.011641 -0.0210444 0.00704998 0.0200559 -0.0020844 -0.0513452 0.00762796 -0.00902022 0.0111509 0.00876038 0.0111153 0.00827826 -0.0125714 0.0156423 0.00394681
internal_weight=556.059 204.886 351.174 96.8379 21.7497 183.64 57.8871 125.753 119.792 254.336 75.0882 244.143 237.293 18.1896 102.553 85.5834 16.9697 26.282 19.8371 13.5799 14.9484 219.103 38.267 180.836 172.775 166.527 155.569 40.6049 114.964 72.0016
internal_count=2168 1098 1070 283 94 907 375 532 507 787 189 743 728 88 371 292 79 112 63 51 79 640 129 511 496 466 444 158 286 187
cat_boundaries=0 1
cat_threshold=1
is_linear=0
shrinkage=0.05


Tree=36
num_leaves=31
num_cat=1
split_feature=7 0 2 5 4 0 7 2 5 2 8 0 5 5 0 2 3 0 6 0 6 3 5 2 6 4 4 3 2 6
split_gain=21.4775 13.4928 13.4681 11.5256 22.6965 16.7593 11.0423 12.4657 8.72055 7.94796 8.42866 7.70939 15.2724 13.1901 7.10829 6.03993 5.79889 5.53795 5.00431 7.14891 10.596 5.33031 4.93912 5.87575 7.31027 8.28591 7.73373 4.83312 4.63782 4.68024
threshold=0.5505000000000001 103.50000000000001 1.5450000000000002 104.50000000000001 47.500000000000007 83.500000000000014 0.90000000000000002 1.0150000000000003 37.500000000000007 1.2550000000000001 0 94.500000000000014 78.500000000000014 103.50000000000001 72.500000000000014 1.4550000000000003 51.500000000000007 17.500000000000004 222.50000000000003 152.50000000000003 254.50000000000003 49.500000000000007 89.500000000000014 1.1450000000000002 133.50000000000003 28.500000000000004 46.500000000000007 100.50000000000001 1.8750000000000002 138.50000000000003
decision_type=2 2 2 2 2 2 2 2 2 2 1 2 2 2 2 2 2 2 2 2 2 2 2 2 2 2 2 2 2 2
left_child=1 2 3 5 -5 9 7 8 -2 22 15 12 14 -13 17 -11 -16 -9 -15 21 -21 -20 23 24 -1 -26 -27 -3 29 -19
right_child=6 27 -4 4 -6 -7 -8 11 -10 10 -12 13 -14 18 16 -17 -18 28 19 20 -22 -23 -24 -25 25 26 -28 -29 -30 -31
leaf_value=0.067066604109904115 0.019802230282875141 -0.05724625571181266 -0.039180107290950034 0.14330341911136252 -0.021203551354801869 -0.049657833933654777 0.057148133070467379 -0.035222887868005946 -0.058041145976084833 0.033385174630246615 -0.034237858571328446 -0.060118295649840718 0.028443307749409577 -0.03988461192859051 -0.067381418797452325 -0.014748917934281881 0.0045900049774911375 0.030087454774086322 0.057849322062185231 0.015243189476093348 -0.052174071402415582 0.011075795764885567 0.023752514869233517 -0.035268073710231697 0.015846588064235636 -0.068564098908798818 -0.0078080921791874097 0.022116529610300247 -0.030208043928124803 0.0062740627662010127
leaf_weight=3.4444997236132613 5.23472732305527 18.333397544920448 26.347998805344105 3.9687451124191266 4.44487314671278 17.529232375323772 12.010867074131964 7.3431624472141257 11.505682297050951 37.975737638771534 6.8766116425395003 9.1979124471545202 110.96245206147432 5.7557178139686576 6.1186405569314939 7.8674678131937972 5.1581759825348854 27.019310034811497 9.2333931624889392 15.483156308531761 9.3466314449906349 17.897770121693611 10.649788558483122 20.371864721179008 18.940172128379345 7.9874960333108929 15.215269155800341 2.1425707489252082 6.9350746124982825 87.297593526542187
leaf_count=10 13 173 183 9 33 144 29 30 59 102 56 48 302 28 39 34 17 61 17 45 65 50 37 106 54 53 86 18 25 242
internal_value=0.00248927 -0.0104649 -0.00612693 -0.000518146 0.0563952 -0.00377876 0.0100448 0.00835336 -0.0336995 0.00243969 0.0173815 0.0105689 0.0145915 -0.00451006 0.00360261 0.0251246 -0.0344607 0.00694047 0.00435184 0.00925192 -0.0101346 0.026994 -0.00784276 -0.0129441 -0.00296814 -0.00869234 -0.0287232 -0.0489419 0.00949393 0.0119025
internal_weight=548.596 202.096 181.62 155.272 8.41362 146.858 346.5 334.489 16.7404 129.329 52.7198 317.749 250.834 66.9146 139.872 45.8432 11.2768 128.595 57.7167 51.961 24.8298 27.1312 76.6091 65.9593 45.5874 42.1429 23.2028 20.476 121.252 114.317
internal_count=2168 1098 907 724 42 682 1070 1041 72 538 192 969 716 253 414 136 56 358 205 177 110 67 346 309 203 193 139 191 328 303
cat_boundaries=0 1
cat_threshold=4
is_linear=0
shrinkage=0.05


Tree=37
num_leaves=31
num_cat=0
split_feature=7 0 2 1 0 2 2 3 1 1 4 2 3 0 7 2 0 3 4 0 0 1 4 3 3 1 6 6 2 1
split_gain=19.6375 12.793 12.418 11.3837 20.9591 16.8806 11.1153 8.18359 8.07065 7.02526 16.1376 7.63721 7.3686 6.16225 5.83288 7.39614 7.1994 5.15551 5.01007 11.3449 4.76849 10.0119 4.47413 4.40225 3.84782 5.49075 4.36618 4.15401 6.30027 3.64537
threshold=0.5505000000000001 103.50000000000001 1.5450000000000002 254.50000000000003 88.500000000000014 1.4650000000000001 2.0450000000000004 75.500000000000014 79.000000000000014 253.50000000000003 55.500000000000007 1.1150000000000004 62.500000000000007 59.500000000000007 0.90000000000000002 1.0150000000000003 37.500000000000007 107.00000000000001 32.500000000000007 90.500000000000014 69.500000000000014 199.50000000000003 81.500000000000014 104.50000000000001 26.500000000000004 162.50000000000003 138.50000000000003 175.50000000000003 1.385 102.50000000000001
decision_type=2 2 2 2 2 2 2 2 2 2 2 2 2 2 2 2 2 2 2 2 2 2 2 2 2 2 2 2 2 2
left_child=1 2 9 6 7 -6 8 -5 -2 10 12 -11 18 -13 15 16 -10 -3 20 -20 -1 -22 -15 -12 25 -17 -26 28 -28 -29
right_child=3 17 -4 4 5 -7 -8 -9 14 11 23 13 -14 22 -16 24 -18 -19 19 -21 21 -23 -24 -25 26 -27 27 29 -30 -31
leaf_value=0.014050938003412814 -0.045869515175411456 -0.056840974175684102 -0.037962939195072515 0.044990640723205223 -0.058900896374238343 0.03084138399209084 -0.053532106303821006 7.2888146514615216e-05 0.018918279696464299 0.05204994291760813 -0.053079057820011072 0.03250959083550771 0.060058189803485588 -0.05052697475666456 0.054704475126929247 0.005088072717718866 -0.054282434057591304 0.028120172254744474 -0.030918150534360762 0.043981609374400168 -0.051705142844049895 0.042730278309097459 0.019889454249787657 0.022881062461946058 0.028203808062081205 -0.065114068158596161 -0.047595172397302724 0.038098758300967234 0.016745857935981105 0.0076661315394873503
leaf_weight=52.087689995765686 7.27278709411621 17.751021370291713 25.846099816262722 59.922350332140923 11.823043920099737 9.411097899079321 8.1028525382280332 12.205708608031271 5.2284287959337226 12.01206983625889 19.09076796472073 8.2880274727940577 5.2602160125970832 6.4504674598574621 6.3961178809404364 8.3995251134037954 9.3942172452807409 1.9852367565035809 26.503833375871181 6.2474051862955085 8.4128687754273397 4.2116961479187003 3.4689181223511696 2.1191329360008231 29.195723682641983 4.1671142280101767 8.1578860953450185 10.55259847640991 7.1301057711243621 145.75650170445442
leaf_count=144 30 175 183 152 69 25 32 37 13 39 164 22 18 40 15 31 50 16 159 35 56 15 15 17 71 29 36 21 21 438
internal_value=0.00238415 -0.0100801 -0.00588995 0.00963985 0.0245356 -0.0191266 0.00407157 0.0373895 0.00600309 -0.000512426 -0.00578319 0.0211036 0.00241521 0.000687229 0.0076127 0.00629153 -0.028109 -0.0482949 -0.000695843 -0.0166308 0.00736892 -0.0202004 -0.0259016 -0.0454897 0.00864918 -0.0181911 0.010329 0.00728773 -0.0175874 0.00972067
internal_weight=542.852 199.735 179.999 343.116 93.3622 21.2341 249.754 72.1281 241.651 154.153 123.934 30.2195 102.724 18.2074 234.378 227.982 14.6226 19.7363 97.4635 32.7512 64.7123 12.6246 9.91939 21.2099 213.359 12.5666 200.793 171.597 15.288 156.309
internal_count=2168 1098 907 1070 283 94 787 189 755 724 608 116 427 77 725 710 63 191 409 194 215 71 55 181 647 60 587 516 57 459
is_linear=0
shrinkage=0.05


Tree=38
num_leaves=31
num_cat=0
split_feature=7 0 2 1 5 2 5 0 2 1 4 5 0 6 6 1 5 4 2 2 5 0 0 0 6 5 0 2 3 3
split_gain=17.9502 12.1336 11.4471 10.6513 19.878 10.1147 9.98004 11.4773 10.8354 8.87422 11.1561 7.65226 10.547 7.15077 15.7771 7.80031 7.10791 9.13468 7.34945 6.69199 10.7378 9.53404 12.5414 6.52268 6.01272 6.64853 5.82643 12.1492 7.83435 5.75128
threshold=0.5505000000000001 103.50000000000001 1.5450000000000002 254.50000000000003 121.50000000000001 2.1450000000000005 106.50000000000001 83.500000000000014 1.0350000000000004 253.50000000000003 32.500000000000007 82.500000000000014 72.500000000000014 146.50000000000003 187.50000000000003 227.50000000000003 42.500000000000007 24.500000000000004 1.0750000000000004 1.2250000000000003 38.500000000000007 40.500000000000007 49.500000000000007 21.500000000000004 139.50000000000003 74.500000000000014 88.500000000000014 1.4850000000000001 81.500000000000014 36.500000000000007
decision_type=2 2 2 2 2 2 2 2 2 2 2 2 2 2 2 2 2 2 2 2 2 2 2 2 2 2 2 2 2 2
left_child=1 2 6 5 26 11 7 9 -9 10 16 12 23 -13 -15 -16 17 -1 -18 20 -12 -21 -23 -2 29 -26 28 -28 -5 -25
right_child=3 -3 -4 4 -6 -7 -8 8 -10 -11 19 13 -14 14 15 -17 18 -19 -20 21 -22 22 -24 24 25 -27 27 -29 -30 -31
leaf_value=0.016906674407455243 -0.038046819370085257 -0.047664383386939423 -0.036767785034336337 0.042638461967874547 -0.056673408364086443 -0.063304171379493637 0.058433682551393952 0.046054184943315264 -0.058401580958762578 0.02994695910951406 0.044741128377119417 0.064565299644842741 -0.04696270849105625 -0.064125429189145169 0.026533593035675481 -0.0036347047711512829 -0.025483537073873887 -0.073270875695475426 0.027124191268996053 -0.066884883969081738 -0.055678829694149362 0.07284403042465569 -0.015738234646763168 0.041087241978475852 -0.0070820262106602782 0.038661954089370038 -0.04483733584894431 0.048630987287096167 -0.0086735004792725251 -0.0041086911923607873
leaf_weight=5.9473831504583341 9.4684327840805036 19.020755313336849 25.364382214844227 61.854549281299114 7.0692738667130461 5.4775028824806204 6.8610872253775588 2.9824552014470127 14.815456427633761 23.187889464199543 3.0801385492086437 6.8452599793672553 12.235940240323542 6.4192749857902518 66.328217089176178 31.650816172361374 7.9516068398952475 5.3205157667398453 40.214307531714439 4.7652779966592815 19.611345797777176 5.8620621711015728 12.549984037876127 18.889428973197941 71.051481246948242 8.9430290758609754 7.0812865048646909 6.8298435360193253 8.4557744786143285 11.219847515225409
leaf_count=17 42 191 183 163 53 22 34 15 132 68 16 14 77 46 174 106 27 32 100 38 156 16 73 40 214 22 26 15 26 30
internal_value=0.00228516 -0.00970091 -0.00565588 0.00925257 0.0238583 0.00388755 -0.000503171 -0.00326737 -0.0408976 0.00194499 -0.00422111 0.0054018 -0.00274865 0.015059 0.0118129 0.0167881 0.010076 -0.0256737 0.0184393 -0.0227464 -0.0420478 -0.0038496 0.0124648 0.00177582 0.00520039 -0.00196805 0.0306178 0.00105211 0.0364675 0.0242455
internal_weight=537.355 197.535 178.514 339.82 91.2907 248.529 153.15 146.288 17.7979 128.491 105.303 243.052 131.808 111.244 104.398 97.979 59.4338 11.2679 48.1659 45.8688 22.6915 23.1773 18.412 119.572 110.104 79.9945 84.2215 13.9111 70.3103 30.1093
internal_count=2168 1098 907 1070 283 787 724 690 147 543 475 765 425 340 326 280 176 49 127 299 172 127 89 348 306 236 230 41 189 70
is_linear=0
shrinkage=0.05


Tree=39
num_leaves=31
num_cat=4
split_feature=9 0 1 1 6 4 4 4 7 4 5 5 6 1 0 5 8 8 0 0 0 0 1 4 4 2 7 4 5 8
split_gain=16.5224 12.9931 30.5012 16.0934 17.7174 14.8527 13.2536 11.835 11.4198 9.10785 8.51688 7.96186 14.4765 17.3204 8.85121 7.41615 10.2801 8.48368 7.13322 7.182 7.07376 18.5377 7.07845 6.86217 6.75713 6.36603 6.35142 6.23617 5.52123 5.31386
threshold=0 93.500000000000014 253.50000000000003 205.50000000000003 222.50000000000003 33.500000000000007 36.500000000000007 37.500000000000007 0.5505000000000001 55.500000000000007 107.50000000000001 49.500000000000007 205.50000000000003 87.500000000000014 72.500000000000014 78.500000000000014 1 2 45.500000000000007 33.500000000000007 49.500000000000007 37.500000000000007 200.50000000000003 31.500000000000004 28.500000000000004 1.0650000000000002 0.5505000000000001 82.500000000000014 68.500000000000014 3
decision_type=9 2 2 2 2 2 2 2 2 2 2 2 2 2 2 2 1 1 2 2 2 2 2 2 2 2 2 2 2 1
left_child=1 2 5 4 -3 11 -6 -7 9 20 -5 12 24 -14 25 17 -17 -10 19 -4 21 -9 -22 -16 -1 28 -12 29 -13 -20
right_child=-2 3 18 10 6 7 -8 8 15 -11 26 14 13 -15 23 16 -18 -19 27 -21 22 -23 -24 -25 -26 -27 -28 -29 -30 -31
leaf_value=0.033726695179129719 0.033563153613733923 -0.043079219068735304 0.02647802072439779 -0.064977247208768657 -0.020599196132931246 -0.051064779974294566 0.067591031680371949 -0.06215045030625839 0.0071864862624168501 -0.047693299812423151 -0.056102912368655861 -0.036122970781138401 0.040187028412977596 -0.073273626797341049 -0.030153677499102277 -0.01192984235465238 0.047089861600271468 -0.035315951680181958 0.045737086282803707 -0.044199318198198029 -0.060075744391200281 0.064790859360473796 0.0065737341298414721 0.027246719697345857 -0.02250334336077553 0.028420319062549434 -0.012272638462754185 -0.0083434530581707311 0.022776997772176951 0.017972945881259885
leaf_weight=15.356486365199091 28.900744542479515 9.3422895669937152 8.0061552450060827 14.292684718966482 6.1642098724842098 20.001454532146454 13.79266259819269 4.4160291180014637 29.686297088861465 27.462758228182793 10.401150338351725 7.9677866473793966 4.4643996432423618 13.641750097274778 16.88627298921347 12.879570439457893 17.272982969880104 19.422117732465267 54.171477168798447 6.5228338465094557 8.6745698675513285 8.2469290718436223 7.3667707219719878 7.5280472114682189 8.1933503448963148 67.952448174357414 40.251992948353291 8.4221336394548398 7.9471970647573471 25.274537086486816
leaf_count=35 68 75 20 113 38 98 38 36 77 252 112 29 12 79 94 39 39 79 136 28 72 24 39 27 26 161 167 39 21 95
internal_value=0.00219328 -0.00027577 0.00358592 -0.0170132 0.0137487 -0.00433283 0.0403511 -0.0151634 -0.00986107 -0.0271089 -0.0308909 0.0068944 -0.011682 -0.0452978 0.0140407 0.00236132 0.0218798 -0.009623 0.0272011 -0.00525279 -0.0074148 0.0205219 -0.0294679 -0.0124545 0.0141634 0.0217537 -0.0212728 0.0325674 -0.00671109 0.0369043
internal_weight=530.91 502.009 407.764 94.245 29.2992 305.367 19.9569 155.429 135.428 56.1671 64.9458 149.938 41.656 18.1061 108.282 79.261 30.1526 49.1084 102.397 14.529 28.7043 12.663 16.0413 24.4143 23.5498 83.8674 50.6531 87.8681 15.915 79.446
internal_count=2168 2100 1557 543 151 1239 76 755 657 423 392 484 152 91 332 234 78 156 318 48 171 60 111 121 61 211 279 270 50 231
cat_boundaries=0 1 2 3 4
cat_threshold=6 1 1 4
is_linear=0
shrinkage=0.05


Tree=40
num_leaves=31
num_cat=0
split_feature=1 0 4 0 5 4 0 3 0 5 0 4 0 3 5 0 4 3 5 0 1 5 5 1 5 1 0 0 3 2
split_gain=16.922 15.5034 18.0279 11.7916 17.4454 14.1479 10.8709 9.77318 13.6113 8.73699 9.9378 9.31802 10.0475 7.82407 17.672 7.49842 12.8576 8.93295 7.36774 7.10055 7.08755 8.64919 12.3588 8.53084 8.16182 6.65633 5.96815 5.6211 5.13653 7.8174
threshold=254.50000000000003 94.500000000000014 42.500000000000007 67.500000000000014 86.500000000000014 91.500000000000014 17.500000000000004 25.500000000000004 35.500000000000007 65.500000000000014 23.500000000000004 52.500000000000007 53.500000000000007 76.500000000000014 55.500000000000007 34.500000000000007 24.500000000000004 52.500000000000007 101.50000000000001 58.500000000000007 205.50000000000003 143.50000000000003 95.500000000000014 198.50000000000003 164.50000000000003 213.50000000000003 53.500000000000007 58.500000000000007 28.500000000000004 1.3650000000000004
decision_type=2 2 2 2 2 2 2 2 2 2 2 2 2 2 2 2 2 2 2 2 2 2 2 2 2 2 2 2 2 2
left_child=3 13 -3 5 25 6 -1 8 -8 10 -9 26 -13 18 -15 16 -12 -18 -2 28 23 22 -22 -6 -23 -5 -11 -28 -17 -30
right_child=1 2 -4 4 20 -7 7 9 -10 11 15 12 -14 14 -16 19 17 -19 -20 -21 21 24 -24 -25 -26 -27 27 -29 29 -31
leaf_value=-0.041801022174511378 0.040525861901086466 0.052656066160759143 -0.040712890923486525 -0.048361742786228901 0.0019640725532448712 -0.066158019240283791 0.020194880706983307 0.042217487570748786 -0.05007848070742911 0.05006852741473844 0.040562927822972404 -0.063661087438095371 0.023017575308555988 -0.082078688399991023 0.022862265233417178 0.0465139335268588 -0.077280053776333388 -0.0063551137409680802 -0.010339990235006733 -0.025359094871130822 0.012032584917266234 0.039882265435962294 -0.05824448119612631 0.05535934703095903 -0.016306533268013939 -0.0080996118257920611 -0.016664609977442246 0.032149805173686721 -0.0068589071496852495 0.029601116476298102
leaf_weight=11.24636550247669 67.239354901015759 7.0295286178588894 19.542373940348625 37.313936904072762 47.471697576344013 6.9551979526877394 12.314431533217432 15.257205650210379 15.644763365387915 30.672929540276527 5.5749876797199276 5.4541824683547011 8.6385016962885839 4.9068364650011089 21.992903903126717 9.6194678544998151 10.166875995695593 7.8808186128735533 7.9620323926210395 14.955964155495165 9.4671362265944499 10.454302191734316 18.44312622398138 8.8796427696943265 16.927681565284729 14.161538943648337 8.183714911341669 21.110194899141788 38.007333800196648 23.975918129086494
leaf_count=60 187 20 151 251 218 65 36 41 75 67 12 34 29 23 74 22 55 32 30 65 46 25 148 30 69 77 27 55 129 71
internal_value=0.00219492 0.0180083 -0.0160124 -0.00278275 -0.0132041 0.00413712 0.00618534 0.00855797 -0.0191271 0.012438 0.00439796 0.0260558 -0.010529 0.0268623 0.00371977 -0.00083905 -0.0258075 -0.0463095 0.0351404 0.00597508 -0.00210113 -0.0148192 -0.0344066 0.0103779 0.00514606 -0.0372851 0.0346535 0.0185127 0.01252 0.0072443
internal_weight=537.451 128.673 26.5719 408.778 163.119 245.659 238.704 227.457 27.9592 199.498 125.439 74.0595 14.0927 102.101 26.8997 110.181 23.6227 18.0477 75.2014 86.5587 111.644 55.2922 27.9103 56.3513 27.382 51.4755 59.9668 29.2939 71.6027 61.9833
internal_count=2224 485 171 1739 864 875 810 750 111 639 427 212 63 314 97 386 99 87 217 287 536 288 194 248 94 328 149 82 222 200
is_linear=0
shrinkage=0.05


Tree=41
num_leaves=31
num_cat=1
split_feature=7 8 1 2 0 3 0 5 7 3 1 6 0 2 5 0 2 3 6 6 5 5 0 3 5 6 0 0 2 0
split_gain=15.8133 13.998 10.9795 10.5162 9.17972 9.23493 11.6266 10.5272 8.8294 8.75824 7.48014 8.3572 6.96959 8.12514 11.1107 7.12189 6.51856 9.32968 13.8312 6.41149 6.25862 6.69018 6.19389 11.2379 9.14785 7.5239 5.7172 8.51049 5.69322 6.10723
threshold=0.5505000000000001 0 254.50000000000003 2.3000000000000003 95.500000000000014 37.500000000000007 37.500000000000007 72.500000000000014 0.90000000000000002 72.500000000000014 253.50000000000003 250.50000000000003 88.500000000000014 1.4650000000000001 104.50000000000001 46.500000000000007 1.1150000000000004 52.500000000000007 252.50000000000003 193.50000000000003 43.500000000000007 34.500000000000007 67.500000000000014 38.500000000000007 69.500000000000014 253.50000000000003 53.500000000000007 46.500000000000007 1.3650000000000004 47.500000000000007
decision_type=2 1 2 2 2 2 2 2 2 2 2 2 2 2 2 2 2 2 2 2 2 2 2 2 2 2 2 2 2 2
left_child=1 4 8 16 5 6 20 9 22 10 11 -7 15 14 -14 -4 17 18 -3 -8 21 -1 24 25 28 -24 27 -18 29 -2
right_child=2 3 12 -5 -6 7 19 -9 -10 -11 -12 -13 13 -15 -16 -17 26 -19 -20 -21 -22 -23 23 -25 -26 -27 -28 -29 -30 -31
leaf_value=0.028161111244547583 0.0024804139012199562 -0.059474547009063274 -0.0028226491226501539 0.067617504694045025 -0.056776161370027625 0.030549823087705059 0.0023643925632586757 0.041772469705050899 0.056807702405228061 -0.038140888435539325 0.051644662671229614 -0.03247133547734999 -0.10154521307101666 0.036913656388400128 0.0031777643347659875 0.039651397531030766 -0.059089576228909126 -0.055961795993517416 0.059029152011594692 -0.042056962768595399 0.037508033534618464 -0.063432858202231698 -0.058319485480572211 0.0027277914143789086 0.027840822033591762 -0.0076510152719955248 -0.057503584473701075 0.039163655185842035 0.018210453367541939 -0.029007686516190807
leaf_weight=3.956921964883807 48.426184460520744 3.7317004203796404 12.085946977138518 2.6310384199023238 6.8710196390748015 10.072842881083488 11.759818777441977 24.173279665410519 7.4897460043430319 10.935658246278761 9.2126642316579836 11.010945856571198 3.5714652910828617 8.235303118824957 8.7088341191411001 53.812125869095325 4.5435816869139654 6.7591853067278853 7.2382272258400917 26.265884652733803 13.998343415558336 4.0180630460381508 15.154198907315731 74.261349394917488 42.638744592666626 14.184596784412861 28.420322969555855 4.2800660356879234 30.791190594434738 22.578728295862675
leaf_count=10 136 35 34 13 69 31 47 68 17 75 19 78 17 21 49 158 42 75 29 137 39 31 107 246 109 57 293 20 80 82
internal_value=0.00210685 -0.00946319 0.00853174 -0.0300352 -0.000504356 0.00257883 -0.0115878 0.0155744 0.00332145 0.000215188 0.01406 -0.00236279 0.0239385 -0.00151082 -0.0272787 0.0318615 -0.0347089 -0.00975407 0.0187171 -0.0283192 0.0173667 -0.017987 0.00170636 -0.00762298 0.00839811 -0.0338225 -0.0465881 -0.0114301 0.000254252 -0.00753243
internal_weight=531.818 189.88 341.938 57.6041 132.275 125.404 59.999 65.4054 255.525 41.2321 30.2965 21.0838 86.4137 20.5156 12.2803 65.8981 54.9731 17.7291 10.9699 38.0257 21.9733 7.97499 248.035 103.6 144.435 29.3388 37.244 8.82365 101.796 71.0049
internal_count=2224 1111 1113 507 604 535 264 271 834 203 128 109 279 87 66 192 494 139 64 184 80 41 817 410 407 164 355 62 298 218
cat_boundaries=0 1
cat_threshold=4
is_linear=0
shrinkage=0.05


Tree=42
num_leaves=31
num_cat=0
split_feature=7 1 0 2 1 4 2 0 2 5 7 0 2 0 4 5 0 5 0 5 6 5 5 4 4 0 0 1 3 2
split_gain=14.4899 10.1991 9.42965 10.4462 8.79833 9.50502 13.0754 9.01734 10.0018 13.418 8.28182 6.65608 7.8216 6.51563 8.71293 7.70282 6.76703 6.08319 5.63018 10.7711 10.2732 8.45164 8.01057 6.7739 8.33957 11.593 8.15484 6.20459 5.99597 5.50586
threshold=0.5505000000000001 254.50000000000003 54.500000000000007 1.7750000000000001 140.50000000000003 64.500000000000014 1.7350000000000001 103.50000000000001 1.1450000000000002 104.50000000000001 0.90000000000000002 78.500000000000014 1.2950000000000002 88.500000000000014 40.500000000000007 104.50000000000001 46.500000000000007 122.50000000000001 67.500000000000014 89.500000000000014 216.50000000000003 69.500000000000014 164.50000000000003 26.500000000000004 39.500000000000007 34.500000000000007 53.500000000000007 163.50000000000003 40.500000000000007 1.2150000000000001
decision_type=2 2 2 2 2 2 2 2 2 2 2 2 2 2 2 2 2 2 2 2 2 2 2 2 2 2 2 2 2 2
left_child=2 10 3 29 -4 6 7 8 9 -6 18 12 -10 16 -15 -16 -3 -17 21 28 -21 23 -22 27 25 -25 -27 -2 -20 -1
right_child=1 13 4 -5 5 -7 -8 -9 11 -11 -12 -13 -14 14 15 17 -18 -19 19 20 22 -23 -24 24 -26 26 -28 -29 -30 -31
leaf_value=-0.0057201137450601089 0.043953474017769112 -0.0026769790210951906 -0.062984387817897045 -0.059014770923370645 0.0037365963372734097 -0.040880345664227408 0.055777246736080512 -0.055291917736145661 -0.058954888156753787 0.10766391951456014 0.05589215672763917 -0.057245221527084493 0.013837409960648223 0.049434710283163236 -0.0794076740910961 0.040972482353120981 0.03880940280779821 -0.036308514057492816 -0.056475286809152196 -0.041322262795834237 0.021597228796461136 0.026931405228839224 -0.020186707688779976 -0.072149612025026719 0.0079460461825858354 0.015394056819290312 -0.041923433630678276 -0.010913697982007965 -0.012093732659324723 0.021192322463179508
leaf_weight=35.822553366422653 14.4984542503953 12.105908438563345 10.304300978779791 6.1830334067344657 19.307957574725155 24.821647763252258 7.8878507912158957 10.298629455268381 5.0983328223228517 3.701099030673503 7.2382106482982627 9.8025615662336332 13.362490944564341 5.9534872770309475 4.2061865106225005 4.9240581691265088 52.270135402679443 5.2734981998801231 13.842089843004944 10.968445956706999 46.146217539906502 41.893904313445091 15.2649724856019 9.4384099766612035 43.76242259144783 15.58982837200165 10.309132181107996 7.9934024438261977 16.903437256813049 40.48021088540554
leaf_count=167 34 34 71 58 106 204 33 124 32 10 17 97 53 13 19 11 158 44 102 65 114 109 64 40 118 37 39 30 65 156
internal_value=0.00202016 0.0081907 -0.00914801 0.00349236 -0.0191174 -0.014323 -0.00483259 -0.0125973 -0.00402162 0.0204537 0.00317699 -0.0239469 -0.00626567 0.0232111 -0.00144502 -0.0224751 0.0310079 0.00100789 0.00162976 -0.00728165 0.00325008 0.00803453 0.011211 0.000241919 -0.00664278 -0.0247099 -0.00742128 0.0244542 -0.032075 0.0085575
internal_weight=525.653 338.582 187.071 82.4858 104.585 94.2806 69.4589 61.5711 51.2724 23.0091 253.849 28.2634 18.4608 84.7333 20.3572 14.4037 64.376 10.1976 246.611 103.125 72.3796 143.486 61.4112 101.592 79.0998 35.3374 25.899 22.4919 30.7455 76.3028
internal_count=2224 1113 1111 381 730 659 455 422 298 116 834 182 85 279 87 74 192 55 817 410 243 407 178 298 234 116 76 64 167 323
is_linear=0
shrinkage=0.05


Tree=43
num_leaves=31
num_cat=1
split_feature=1 0 4 0 5 4 0 3 0 6 1 4 1 5 2 0 5 6 2 4 1 3 5 5 8 1 5 6 5 5
split_gain=13.7222 12.4496 14.805 9.18127 15.0189 13.0095 10.0543 8.72853 11.939 7.66321 12.206 11.5896 10.9154 9.83334 8.60518 7.68869 7.5399 19.8806 8.15501 7.1085 8.08578 6.82078 11.1155 7.28577 7.04195 6.12264 6.12239 6.07197 6.07127 5.81529
threshold=254.50000000000003 94.500000000000014 42.500000000000007 67.500000000000014 86.500000000000014 91.500000000000014 17.500000000000004 25.500000000000004 35.500000000000007 251.50000000000003 250.50000000000003 92.500000000000014 156.50000000000003 108.50000000000001 1.0550000000000004 90.500000000000014 44.500000000000007 230.50000000000003 1.3350000000000002 61.500000000000007 169.50000000000003 76.500000000000014 59.500000000000007 101.50000000000001 0 213.50000000000003 95.500000000000014 106.50000000000001 158.50000000000003 98.500000000000014
decision_type=2 2 2 2 2 2 2 2 2 2 2 2 2 2 2 2 2 2 2 2 2 2 2 2 1 2 2 2 2 2
left_child=3 21 -3 5 25 6 27 8 -8 12 13 -12 26 14 -11 -16 17 18 -9 29 -21 23 -23 -2 -24 -5 -6 -1 -14 -18
right_child=1 2 -4 4 9 -7 7 16 -10 10 11 -13 28 -15 15 -17 19 -19 -20 20 -22 22 24 -25 -26 -27 -28 -29 -30 -31
leaf_value=0.0050472535764724737 0.038405130503817803 0.048629264582537586 -0.037963047180535621 -0.046026055181885961 0.067438752008015343 -0.066135483583217192 0.018267269749304333 -0.0052783918281141314 -0.048099643721258578 0.063092829271846368 -0.042125852513946238 0.056010388505995025 -0.041788734861694099 0.044518168177133166 0.0087683901873850702 -0.059665250548331938 0.022607354206667318 -0.059989150909265015 0.050029972569400262 0.010309558181546868 -0.066772568785145633 -0.049095400001958354 0.043795849098124007 -0.012904219625980363 -0.023199545230198737 -0.0067845923655587672 -0.011459277130166541 -0.071095803555076872 0.016576138099387131 -0.022225223138516291
leaf_weight=4.3125079870223981 63.107453756034374 6.7457464486360577 18.40098475664854 35.125870600342751 4.9108663424849492 6.5082047879695883 12.20878314971924 17.621332369744781 15.229700945317743 4.1560847610235241 16.12477216124535 3.6985511332750312 27.108748130500317 24.831550396978855 10.924683317542078 6.5744792073965064 131.57538766413927 12.531725056469439 10.718793444335459 10.00001737475395 5.1564643159508696 7.3791498392820385 12.919603541493416 7.7705766484141341 5.6322396770119676 13.863069683313368 4.9244742691516876 6.6643107235431671 5.3321093022823325 7.6538513004779807
leaf_count=14 187 20 151 251 15 65 36 50 75 10 104 10 206 64 42 44 376 82 23 49 29 32 34 30 31 77 28 46 13 30
internal_value=0.00193781 0.0166104 -0.0147342 -0.00256094 -0.0119395 0.00359206 0.0055341 0.00783672 -0.0185696 -0.00157126 0.0090346 -0.023816 -0.0182065 0.0230431 -0.00158192 -0.0169423 0.0115475 -0.00754844 0.0156403 0.0166029 -0.0159149 0.0247524 0.00281043 0.0327799 0.0234564 -0.0349214 0.0279352 -0.0411812 -0.0321957 0.0201428
internal_weight=519.712 121.956 25.1467 397.756 157.575 240.181 233.673 222.696 27.4385 108.586 66.3101 19.8233 42.2762 46.4868 21.6552 17.4992 195.258 40.8719 28.3401 154.386 15.1565 96.809 25.931 70.878 18.5518 48.9889 9.83534 10.9768 32.4409 139.229
internal_count=2224 485 171 1739 864 875 810 750 111 536 274 114 262 160 96 86 639 155 73 484 78 314 97 217 65 328 43 60 219 406
cat_boundaries=0 1
cat_threshold=4
is_linear=0
shrinkage=0.05


Tree=44
num_leaves=31
num_cat=4
split_feature=9 4 1 0 4 4 0 0 3 4 0 5 8 0 2 0 1 5 5 6 6 1 0 5 5 0 8 3 9 2
split_gain=13.5001 11.0941 11.8191 14.0966 18.4453 9.25066 13.0269 9.00544 8.21653 7.12004 6.87327 7.0175 13.123 10.7011 9.33801 10.7002 17.0259 7.70656 7.35669 8.93365 6.42213 7.17947 6.35652 5.82419 7.29262 15.0097 6.17064 6.51167 5.40666 7.12102
threshold=0 130.50000000000003 254.50000000000003 93.500000000000014 42.500000000000007 33.500000000000007 36.500000000000007 49.500000000000007 48.500000000000007 51.500000000000007 94.500000000000014 87.500000000000014 1 78.500000000000014 1.4350000000000003 50.500000000000007 149.50000000000003 90.500000000000014 44.500000000000007 205.50000000000003 254.50000000000003 167.50000000000003 66.500000000000014 101.50000000000001 74.500000000000014 59.500000000000007 2 57.500000000000007 3 2.1850000000000005
decision_type=9 2 2 2 2 2 2 2 2 2 2 2 1 2 2 2 2 2 2 2 2 2 2 2 2 2 1 2 9 2
left_child=1 2 5 23 -5 10 -7 9 -2 -8 11 13 -13 14 15 18 -17 -14 19 -1 -20 -22 -18 24 25 -4 -26 -28 -9 -30
right_child=8 -3 3 4 -6 6 7 28 -10 -11 -12 12 17 -15 -16 16 22 -19 20 -21 21 -23 -24 -25 26 -27 27 -29 29 -31
leaf_value=0.010379226604418269 0.0074583222422989455 -0.070634662917792787 0.028981273773578637 0.046705194857800308 -0.054094617880672616 -0.041431082329472076 0.033997216750969755 -0.0026222391447631652 0.061645269343911596 -0.019475035381728751 -0.037163374925807978 0.056856268495697707 0.024937562473964149 -0.060606295430753493 0.040788948395411528 -0.073096326053167196 0.023224887528564008 -0.057207572712708099 0.049969732909354816 -0.054918923086914928 0.029848987836609039 -0.027185659376116989 -0.034904944830454747 -0.015871699231520146 0.053096050618650095 -0.052094966025108838 0.044188768999104996 -0.024321321886653393 -0.031669648025076221 0.052109221692102359
leaf_weight=17.226457297801975 11.55048578232527 5.5678663253784171 24.052852272987369 6.6743215769529369 14.181961111724375 29.552351109683514 22.177020587027076 105.01178606599569 17.741208210587502 8.6549226865172368 8.9657843559980375 17.737979404628277 6.4178692772984522 6.3537777960300437 16.541870385408401 11.228695243597029 13.697371743619444 5.1434227004647255 15.809475675225256 7.5266318768262854 14.969669103622438 8.7386179864406568 7.1617760136723509 8.276891000568865 31.941282987594604 7.4849879890680304 7.6911182403564435 6.3170739635825157 46.592158328741789 2.6823958456516257
leaf_count=46 38 48 62 20 134 187 62 362 36 46 75 39 27 57 39 53 40 30 31 42 38 29 40 36 91 34 25 30 413 14
internal_value=0.00186019 -0.000453674 0.000352954 0.0150301 -0.0218372 -0.00385158 -0.0106039 -0.00568267 0.0300269 0.0189869 0.00535065 0.00791653 0.029841 0.00252998 0.00608314 0.000125205 -0.0234555 -0.0116074 0.0118981 -0.00947588 0.0252863 0.00882663 0.0032666 0.0239956 0.028254 0.00973916 0.0409619 0.0132938 -0.0106125 -0.0225355
internal_weight=513.67 484.378 478.811 106.62 20.8563 372.19 214.671 185.118 29.2917 30.8319 157.519 148.554 29.2993 119.254 112.901 96.3587 32.0878 11.5613 64.2709 24.7531 39.5178 23.7083 20.8591 85.7642 77.4873 31.5378 45.9495 14.0082 154.286 49.2746
internal_count=2224 2150 2102 432 154 1670 1084 897 74 108 586 511 96 415 358 319 133 57 186 88 98 67 80 278 242 96 146 55 789 427
cat_boundaries=0 1 2 3 4
cat_threshold=6 1 4 2
is_linear=0
shrinkage=0.05


Tree=45
num_leaves=31
num_cat=2
split_feature=7 9 3 4 0 5 5 2 2 4 0 8 3 6 6 0 5 5 3 3 2 0 6 0 5 2 0 0 2 0
split_gain=15.0299 10.5851 9.50794 9.49498 5.46231 14.5208 12.6326 14.5322 11.9192 11.3808 15.047 12.0468 22.272 11.3388 11.5512 10.378 11.2869 9.05689 7.08422 8.43262 7.07157 7.04434 6.98527 6.74549 7.47456 6.30591 6.78435 6.45874 5.96524 5.95684
threshold=0.90000000000000002 0 44.500000000000007 130.50000000000003 90.500000000000014 103.50000000000001 74.500000000000014 1.6450000000000002 2.1450000000000005 25.500000000000004 40.500000000000007 1 44.500000000000007 251.50000000000003 254.50000000000003 81.500000000000014 92.500000000000014 89.500000000000014 38.500000000000007 28.500000000000004 1.2550000000000001 61.500000000000007 238.50000000000003 95.500000000000014 92.500000000000014 1.2150000000000001 49.500000000000007 70.500000000000014 1.3750000000000002 59.500000000000007
decision_type=2 9 2 2 2 2 2 2 2 2 2 1 2 2 2 2 2 2 2 2 2 2 2 2 2 2 2 2 2 2
left_child=1 3 -3 4 6 23 7 20 13 21 -11 18 -13 -7 -15 17 -17 -14 19 -12 25 -8 -22 24 -6 27 -27 -1 -16 -24
right_child=-2 2 -4 -5 5 8 9 -9 -10 10 11 12 15 14 28 16 -18 -19 -20 -21 22 -23 29 -25 -26 26 -28 -29 -30 -31
leaf_value=-0.0031558934081955614 0.060587909661048038 -0.0042286938980144791 0.062119683913846514 -0.066675149073525175 -0.060744899624701948 -0.041425350876560948 -0.0038044382933449384 -0.044581370733049706 0.085335679525757088 -0.060536889133337692 0.049681227499748681 0.035287525075900453 -0.0030478462447970684 0.038847781635909254 -0.032237285431259276 -0.057762547684500114 0.036786903322638974 -0.071259606245672666 0.044898981856486997 -0.045644806668722955 0.025235476752818856 -0.080177093628533078 0.0054430439130368552 -0.061077169592325953 0.017229390883935006 -0.090892177036391325 -0.0071267022142819372 -0.05929721313303854 0.009586751700997799 -0.041196386499981447
leaf_weight=94.454956062138081 10.412983626127241 8.3835956007242221 15.170712262392042 5.6187173388898364 5.0485403612256068 15.729536589235066 8.1957402527332288 22.141786865890026 3.9329572618007651 5.9694070667028418 4.2362658828496915 34.704226732254028 8.0361612513661402 18.4433908239007 16.215021900832653 4.4094763025641432 11.107644468545912 12.337054044008253 49.51345232874155 5.1285684406757355 37.689094834029675 4.7803610004484645 31.340629488229752 17.240810081362724 7.8559080958366394 4.7748143598437292 4.8956134468317032 5.4167721197009078 17.977505549788475 8.7597095221281034
leaf_count=365 28 30 31 52 44 112 22 139 10 31 19 112 39 58 117 33 40 76 138 27 106 34 116 156 40 28 21 50 74 48
internal_value=0.00114639 -0.000118073 0.0270293 -0.00202697 -0.00128193 -0.0114621 0.00163206 -0.00627507 0.000693271 0.012792 0.0170775 0.020656 0.00672733 -0.00417607 0.00695537 -0.020889 0.00991893 -0.0443537 0.0373563 -0.00252323 -0.00174744 -0.0319399 0.00978054 -0.0406147 -0.0132761 -0.00993382 -0.0484863 -0.00620085 -0.0102473 -0.0047451
internal_weight=499.921 489.508 23.5543 465.954 460.335 102.444 357.892 209.473 72.2984 148.418 135.442 129.473 70.5946 68.3655 52.6359 35.8903 15.5171 20.3732 58.8783 9.36483 187.332 12.9761 77.7894 30.1453 12.9044 109.542 9.67043 99.8717 34.1925 40.1003
internal_count=2196 2168 61 2107 2055 611 1444 873 371 571 515 484 300 361 249 188 73 115 184 46 734 56 270 240 84 464 49 415 191 164
cat_boundaries=0 1 2
cat_threshold=6 4
is_linear=0
shrinkage=0.05


Tree=46
num_leaves=31
num_cat=1
split_feature=7 9 3 4 1 0 4 0 0 5 5 4 0 1 1 5 4 5 1 2 1 4 0 1 2 2 1 0 2 0
split_gain=14.1692 9.69061 8.98173 8.96955 6.18285 11.7217 16.7751 6.54562 6.37131 11.9777 8.93555 8.21559 10.4098 7.97347 10.3257 8.4945 7.22913 8.72099 6.87261 6.48491 6.73594 9.77445 8.16181 7.67512 6.6146 9.99977 9.13129 6.53716 8.39517 6.35739
threshold=0.90000000000000002 0 44.500000000000007 130.50000000000003 254.50000000000003 93.500000000000014 40.500000000000007 17.500000000000004 73.500000000000014 103.50000000000001 74.500000000000014 25.500000000000004 35.500000000000007 207.50000000000003 179.50000000000003 143.50000000000003 25.500000000000004 100.50000000000001 154.50000000000003 1.8350000000000002 175.50000000000003 77.500000000000014 35.500000000000007 91.500000000000014 1.385 1.1850000000000003 244.50000000000003 40.500000000000007 1.3650000000000004 95.500000000000014
decision_type=2 9 2 2 2 2 2 2 2 2 2 2 2 2 2 2 2 2 2 2 2 2 2 2 2 2 2 2 2 2
left_child=1 3 -3 4 7 -6 -7 -1 10 29 11 12 -9 14 -11 -15 -12 -18 -14 20 21 22 23 -13 25 26 -22 -24 -29 -10
right_child=-2 2 -4 -5 5 6 -8 8 9 13 16 19 18 15 -16 -17 17 -19 -20 -21 24 -23 27 -25 -26 -27 -28 28 -30 -31
leaf_value=-0.045996690940847323 0.060025563978399421 -0.0040150554758135682 0.060797192361119218 -0.066121075839015123 0.018797995388335039 0.037330434995499408 -0.053202386756154491 0.044030590487046502 -0.020425607094421407 -0.023807163260720684 -0.022148508967940614 -0.0079186084589390731 -0.054147736224005177 -0.046916809204633911 0.048005008739251454 0.0049062154145780475 0.032200632524611729 -0.025281739360138292 0.01293475082653097 -0.053302514958776907 -0.034400926393910569 0.052091849658450887 0.025388703593608314 -0.072225389989985511 -0.032617784219559097 0.044269638742886842 0.053832295611144713 -0.033806075224506731 0.013147354384155317 -0.06147485358889393
leaf_weight=9.1860323995351774 9.9955784380435926 8.3880790695548075 14.736749246716498 5.3883437141776076 78.619103707373142 7.805289804935458 14.854656614363192 17.529521457850933 46.848181895911694 7.2412395700812366 9.8763907104730588 7.4364342764019993 5.970774561166766 11.578206546604632 16.214205838739872 24.940708145499229 47.87214969098568 7.6532318741083136 10.589807972311972 8.2585773803293687 11.098079487681387 4.9406721182167521 10.274396538734434 12.338459193706511 7.7066997066140166 17.766930192708969 3.9852717742323867 30.009722664952278 13.9431075155735 11.809799827635286
leaf_count=57 28 30 31 52 263 22 142 42 320 41 30 25 24 92 47 87 139 35 37 65 66 22 28 71 40 47 13 129 51 120
internal_value=0.00109953 -0.000115255 0.0260311 -0.00194634 -0.00123124 0.0096659 -0.0220181 -0.00433952 -0.00323318 -0.0126254 0.00166991 -0.00463268 0.0171753 0.00308668 0.0258349 -0.0115241 0.0172668 0.0242777 -0.0112513 -0.0104518 -0.00749037 -0.0159991 -0.0205451 -0.0480425 0.00907149 0.0188518 -0.0110882 -0.0105176 -0.0189111 -0.0286902
internal_weight=494.856 484.861 23.1248 461.736 456.348 101.279 22.6599 355.069 345.883 118.632 227.25 161.848 34.0901 59.9744 23.4554 36.5189 65.4018 55.5254 16.5606 127.758 119.5 78.9428 74.0021 19.7749 40.557 32.8503 15.0834 54.2272 43.9528 58.658
internal_count=2196 2168 61 2107 2055 427 164 1628 1571 707 864 660 103 267 88 179 204 174 61 557 492 326 304 96 166 126 79 208 180 440
cat_boundaries=0 1
cat_threshold=6
is_linear=0
shrinkage=0.05


Tree=47
num_leaves=31
num_cat=2
split_feature=7 9 3 3 2 2 5 5 2 1 1 3 0 5 0 5 2 1 0 5 0 6 3 0 2 0 2 8 2 0
split_gain=13.3641 8.87222 8.48889 5.97473 9.92555 7.56942 12.167 11.836 10.3089 6.63501 6.09473 12.1154 9.31086 9.01876 11.4377 9.2045 9.16143 7.58358 7.56196 7.91921 9.97072 9.76694 7.40502 7.89427 7.30946 7.02175 6.8715 6.76383 6.92896 6.31235
threshold=0.90000000000000002 0 44.500000000000007 73.500000000000014 2.0950000000000002 2.0950000000000002 91.500000000000014 82.500000000000014 1.3750000000000002 130.50000000000003 175.50000000000003 26.500000000000004 59.500000000000007 90.500000000000014 105.50000000000001 139.50000000000003 1.4850000000000001 227.50000000000003 93.500000000000014 74.500000000000014 72.500000000000014 146.50000000000003 32.500000000000007 27.500000000000004 1.1250000000000002 85.500000000000014 1.3950000000000002 1 1.4850000000000001 50.500000000000007
decision_type=2 9 2 2 2 2 2 2 2 2 2 2 2 2 2 2 2 2 2 2 2 2 2 2 2 2 2 1 2 2
left_child=1 3 -3 4 10 6 7 8 9 -5 18 -12 -13 25 24 16 -16 -17 19 22 -21 -22 29 -24 -15 27 -25 28 -14 -1
right_child=-2 2 -4 5 -6 -7 -8 -9 -10 -11 11 12 13 14 15 17 -18 -19 -20 20 21 -23 23 26 -26 -27 -28 -29 -30 -31
leaf_value=0.013302549640934325 0.059495611569204215 -0.0038123245327414293 0.059526811028198581 0.053395272309103008 -0.049233619076871966 0.020508953705902312 -0.062242798792061654 0.03323445017869419 -0.072353017233505831 -0.021876241630012366 -0.045822314316817901 0.0245261967598411 0.020348765259194421 0.054763684507082744 -0.068523036774033139 0.055052087281354294 0.0092833682293491596 -0.0039422461400986583 -0.064780191554084501 0.029010757085464852 0.046108284530607391 -0.046591119031068426 -0.065155646884080029 -0.027856187488919933 0.014062204079154764 -0.061886270200242316 0.013532865715230592 -0.041765254347003802 -0.040340646526323465 -0.024999823860871035
leaf_weight=37.776440262794495 9.5906333178281766 8.392320394515993 14.309587940573691 3.7601390928030076 9.8267032131552678 11.544085454195736 14.998817522078751 11.50950516015291 8.6179544143378717 13.223639555275438 10.343956157565115 69.975010000169277 19.754057131707672 16.390075795352459 9.6237728074192983 6.8972075283527365 6.2340652346611014 25.916235484182835 5.2477783486247054 32.121788166463375 3.9135601818561545 10.372648015618323 9.5179888121783716 32.93159095197916 33.734598856419325 7.1814245246350756 14.418919861316679 10.439659744501112 6.1726742014288893 15.03902519866824
leaf_count=119 28 30 31 14 63 45 134 43 60 83 77 210 73 58 88 16 26 127 49 92 17 71 63 151 137 66 54 67 33 71
internal_value=0.00105399 -0.000113255 0.0250692 -0.00187 0.000386337 -0.0161238 -0.0242391 -0.0088796 -0.0278124 -0.00521144 0.00165612 0.00701813 0.00959246 0.00225116 0.010607 -0.00665772 -0.0379356 0.00845804 -0.00574391 -0.00375912 0.0135548 -0.0211971 -0.0110848 -0.0236048 0.027371 -0.0167054 -0.0152526 -0.0077834 0.00589974 0.00239608
internal_weight=489.776 480.185 22.7019 457.483 393.829 63.6541 52.1101 37.1112 25.6017 16.9838 384.002 222.663 212.319 142.344 98.796 48.6713 15.8578 32.8134 161.34 156.092 46.408 14.2862 109.684 56.8685 50.1247 43.5478 47.3505 36.3664 25.9267 52.8155
internal_count=2196 2168 61 2107 1728 379 334 200 157 97 1665 978 901 691 452 257 114 143 687 638 180 88 458 268 195 239 205 173 106 190
cat_boundaries=0 1 2
cat_threshold=6 4
is_linear=0
shrinkage=0.05


Tree=48
num_leaves=31
num_cat=0
split_feature=7 7 0 4 3 2 3 5 6 4 0 5 2 6 2 5 3 4 3 2 1 0 2 2 0 3 3 1 5 0
split_gain=12.6108 8.17802 6.5896 6.82388 9.27083 5.59195 5.77162 5.52446 6.96615 5.94017 4.41088 11.8517 10.5178 9.78572 8.70099 10.5754 7.72094 8.13495 7.2908 6.88442 6.48917 4.9667 4.84355 4.55538 4.17089 3.45698 7.01851 5.68384 8.46469 7.93165
threshold=0.90000000000000002 0.5505000000000001 115.50000000000001 115.50000000000001 121.50000000000001 1.7650000000000003 83.500000000000014 25.500000000000004 116.50000000000001 88.500000000000014 59.500000000000007 65.500000000000014 1.2650000000000003 254.50000000000003 1.1250000000000002 104.50000000000001 30.500000000000004 32.500000000000007 33.500000000000007 1.3550000000000002 254.50000000000003 78.500000000000014 1.5050000000000001 1.2950000000000002 16.500000000000004 62.500000000000007 64.500000000000014 204.50000000000003 100.50000000000001 79.500000000000014
decision_type=2 2 2 2 2 2 2 2 2 2 2 2 2 2 2 2 2 2 2 2 2 2 2 2 2 2 2 2 2 2
left_child=1 2 3 4 5 7 -7 -1 -9 10 12 -12 13 -10 15 -13 -15 -18 -16 -14 -19 23 -21 -20 -3 27 -27 29 -29 -26
right_child=-2 24 -4 -5 -6 6 -8 8 9 -11 11 14 19 16 18 -17 17 20 21 22 -22 -23 -24 -25 25 26 -28 28 -30 -31
leaf_value=0.043327494856617695 0.058995900256196832 -0.034857615949059347 -0.05445746862925236 -0.057977555073124944 0.07447071831204638 -0.06009490452132861 0.0096279578258932352 -0.076197179758556666 0.024137583997532443 -0.057499677069407375 -0.069013350087406264 0.001361725837524754 0.058533792803559248 -0.06875779990009305 0.024568731251015746 0.081331483984946301 0.042429611168097472 -0.065214258124332167 -0.056454159409642005 -0.013692072631296555 0.023898339972337292 -0.056819370967520093 0.04010769498194703 0.0072673489452003345 0.0077168942839172614 -0.052882094374842106 0.0010925548109416495 0.032824183392102406 0.0014395400759319424 -0.024209612140472854
leaf_weight=6.0022130273282519 9.1982074826955778 6.4816231653094283 7.5616837777197352 6.2471580766141406 3.6133300289511672 9.0806820131838304 4.4094626978039733 3.4151541441678992 12.767283059656618 4.9683327898383132 7.7769421264529219 16.972172375768427 12.067862279713156 8.3643271178007144 7.1831859350204494 5.4654452055692664 5.0947804972529402 6.2691380828618986 4.0120569691062 9.824245750904085 3.0304471254348755 11.436250150203703 7.286308951675891 9.3205069303512555 118.42832342535257 6.6691480204462996 62.154325559735298 47.801574479788542 39.022448495030403 23.277275927364826
leaf_count=23 28 29 108 68 18 90 25 21 45 57 69 110 27 42 30 22 14 56 30 41 8 132 29 38 364 26 214 152 145 135
internal_value=0.00100844 -0.000112104 -0.00881833 -0.00672178 -0.00469978 -0.00654841 -0.0373049 -0.00361114 -0.00569414 -0.00386784 -0.00176758 -0.0112789 0.00737066 -0.0108987 -0.00302367 0.0208411 -0.0305535 -0.00835361 -0.0197822 0.0296144 -0.0361752 -0.0326444 0.00921786 -0.0119078 0.00482131 0.00568622 -0.00413771 0.00864477 0.0187186 0.00247249
internal_weight=485.202 476.004 172.169 164.607 158.36 154.747 13.4901 141.257 135.254 131.839 126.871 62.1666 64.7044 35.526 54.3896 22.4376 22.7587 14.3944 31.952 29.1784 9.29959 24.7688 17.1106 13.3326 303.835 297.353 68.8235 228.53 86.824 141.706
internal_count=2196 2168 1103 995 927 909 115 794 771 750 693 431 262 165 362 132 120 78 230 97 64 200 70 68 1065 1036 240 796 297 499
is_linear=0
shrinkage=0.05


Tree=49
num_leaves=31
num_cat=2
split_feature=7 9 3 4 1 0 4 0 0 3 1 1 1 8 3 7 0 4 2 6 3 6 1 6 6 4 2 3 1 2
split_gain=11.9068 8.05711 8.04052 7.89841 5.27749 9.69881 15.321 5.9379 5.88742 6.43033 5.50137 9.84359 11.0765 7.11437 9.87208 9.92309 6.8055 8.55475 8.36191 7.44526 6.3847 6.15377 6.05196 6.52984 5.80244 5.09621 6.66617 6.8667 6.12845 4.95399
threshold=0.90000000000000002 0 44.500000000000007 130.50000000000003 254.50000000000003 93.500000000000014 40.500000000000007 17.500000000000004 46.500000000000007 58.500000000000007 209.50000000000003 198.50000000000003 195.50000000000003 1 55.500000000000007 0.5505000000000001 72.500000000000014 28.500000000000004 1.8350000000000002 96.500000000000014 37.500000000000007 126.50000000000001 140.50000000000003 147.50000000000003 187.50000000000003 43.500000000000007 1.3250000000000004 45.500000000000007 146.50000000000003 1.2850000000000004
decision_type=2 9 2 2 2 2 2 2 2 2 2 2 2 1 2 2 2 2 2 2 2 2 2 2 2 2 2 2 2 2
left_child=1 3 -3 4 7 8 -7 -1 9 -6 11 12 16 14 15 -12 18 -18 19 -9 -15 -21 -19 -24 -25 -23 27 -27 -28 -26
right_child=-2 2 -4 -5 5 6 -8 10 -10 -11 13 -13 -14 20 -16 -17 17 22 -20 21 -22 25 23 24 29 26 28 -29 -30 -31
leaf_value=-0.04443976107352491 0.058524452701810108 -0.00382630366446109 0.058228855091815773 -0.065190702241997786 0.018364877614304272 0.036103639515117518 -0.051881399049137245 -0.036180044777625424 0.024982451381740014 -0.042331970724434169 -0.055301957403013836 0.026219329335912506 -0.078783881198970451 -0.044401840991324493 -0.063863048915817622 0.034958959419727133 -0.061088263693855865 -0.06539737714068064 -0.044901991696194882 0.038922036938090626 0.0031154260046399943 0.010350744771639574 0.066677788227850879 -0.058342624142430903 -0.018831836845594939 0.020194070372541513 -0.024930027914754471 -0.055111059771272355 0.035963842262292121 0.026094656207844069
leaf_weight=8.8662655837833864 8.8183024823665601 8.3708087578415888 13.867867812514303 4.8672906532883635 10.110641561448576 7.6840399876236942 13.894283372908829 10.012058086693285 59.05608344078064 7.6766651868820182 5.2532971724867839 32.754814419895411 4.7357597127556792 8.3188564740121347 14.254157550632952 7.243731826543808 9.4067147746682149 4.039705302566289 8.6286046877503377 14.84094528108835 47.064455080777407 106.37905393540859 3.2545936405658713 4.7855553515255478 13.354894690215589 4.0856261178851119 7.2786353565752533 11.68506123870611 9.5570772960782033 11.351771481335161
leaf_count=57 28 30 31 52 28 22 142 41 203 32 67 121 34 48 132 16 100 34 64 36 191 339 11 48 78 15 38 79 34 45
internal_value=0.000959109 -0.00011483 0.0240544 -0.0018021 -0.00115011 0.00906959 -0.0205499 -0.00404751 0.017387 -0.00783073 -0.00298886 0.000621736 -0.00313144 -0.0142491 -0.0354227 -0.00298345 -0.00149295 -0.0185372 0.00307216 0.00559873 -0.00402191 0.00831798 -0.00765649 -0.000533468 -0.00795052 0.00505006 -0.0122435 -0.0356022 0.00963741 0.00181017
internal_weight=481.498 472.679 22.2387 450.441 445.573 98.4217 21.5783 347.152 76.8434 17.7873 338.285 256.151 223.396 82.1345 26.7512 12.497 218.66 46.1932 172.467 163.838 55.3833 153.826 36.7865 32.7468 29.4922 138.985 32.6064 15.7707 16.8357 24.7067
internal_count=2196 2168 61 2107 2055 427 164 1628 263 60 1571 1117 996 454 215 83 962 316 646 582 239 541 216 182 171 505 166 94 72 123
cat_boundaries=0 1 2
cat_threshold=6 1
is_linear=0
shrinkage=0.05


Tree=50
num_leaves=31
num_cat=1
split_feature=9 5 4 0 5 5 4 0 1 0 1 3 1 0 0 4 5 5 0 3 4 6 1 5 3 0 1 0 5 4
split_gain=12.6183 9.56599 17.5032 15.3157 14.9056 14.0715 18.2096 11.8766 10.7942 10.5196 11.1297 17.9999 9.90268 9.29177 8.23747 7.66711 7.87902 7.91131 7.59606 7.57938 7.40377 6.66094 8.96777 8.50981 6.25732 8.28898 8.9869 7.52758 8.11247 6.21219
threshold=0 69.500000000000014 26.500000000000004 85.500000000000014 91.500000000000014 100.50000000000001 46.500000000000007 37.500000000000007 205.50000000000003 67.500000000000014 175.50000000000003 88.500000000000014 253.50000000000003 70.500000000000014 89.500000000000014 39.500000000000007 143.50000000000003 166.50000000000003 61.500000000000007 40.500000000000007 86.500000000000014 214.50000000000003 252.50000000000003 57.500000000000007 69.500000000000014 36.500000000000007 95.500000000000014 39.500000000000007 45.500000000000007 102.50000000000001
decision_type=9 2 2 2 2 2 2 2 2 2 2 2 2 2 2 2 2 2 2 2 2 2 2 2 2 2 2 2 2 2
left_child=1 2 7 5 -5 12 -7 -1 -6 10 24 21 18 -8 -10 -16 -17 -18 -3 -20 -19 -12 23 -23 25 26 -4 -27 -29 -13
right_child=-2 3 9 4 8 6 13 -9 14 -11 11 29 -14 -15 15 16 17 20 19 -21 -22 22 -24 -25 -26 27 -28 28 -30 -31
leaf_value=0.042949197364276347 0.029617259245791696 0.027159750564232372 -0.023408141154216841 -0.061753126114390149 0.021025944329887355 0.0093562121601965167 -0.1483002440953082 -0.0081378720024803571 0.061763947206790494 -0.058836085040864183 0.039383229087788713 -0.10905840203756441 0.040567774590116595 -0.026576496699076066 0.019420644382633759 -0.049657370862016 0.023782500663894039 -0.047108543590443037 -0.022987175083813257 0.015258759390191473 0.034178406915560788 -0.068988314426187983 0.021393061828132422 0.010447548035441519 0.012312579924523195 0.034821762685003609 -0.08321892597526781 -0.080599930500329903 -0.015840080575107465 -0.018836388639845804
leaf_weight=22.919038698077202 26.102176159620285 43.281179163604975 12.184196107089521 12.094743795692919 31.689161363989115 12.626548908650877 3.541789010167121 22.589438315480947 3.3434357978403559 14.16449389234185 16.715536281466484 4.2411598414182654 42.64566420391202 2.8129580616950989 10.769428450614212 21.808252524584532 10.878293141722681 13.810827348381283 22.615334562957287 30.322741363197565 3.5139859169721595 7.0222242921590787 20.962697811424732 6.4852322340011597 9.2285150066018087 5.8345165848731986 12.96164335310459 5.7891071625053874 29.371591109782457 3.4680466912686825
leaf_count=55 73 136 59 120 148 43 27 85 14 120 40 27 152 17 43 198 40 96 114 123 8 55 58 25 44 19 87 35 118 25
internal_value=0.00116615 -0.00107036 -0.00953692 0.00506794 -0.00944946 0.0149924 -0.0253866 0.0175907 -0.00284705 -0.0178543 -0.0135308 0.00275426 0.0205118 -0.0944187 -0.0146447 -0.0188478 -0.0270885 -0.00963697 0.0116227 -0.00108004 -0.0306211 0.0134817 0.000921367 -0.0308494 -0.0262562 -0.0316376 -0.0542381 -0.0177748 -0.0265026 -0.0684713
internal_weight=485.794 459.692 193.937 265.754 107.908 157.846 18.9813 45.5085 95.8134 148.429 134.264 58.8949 138.865 6.35475 64.1242 60.7808 50.0114 28.2031 96.2193 52.9381 17.3248 51.1857 34.4702 13.5075 75.3696 66.1411 25.1458 40.9952 35.1607 7.70921
internal_count=2204 2131 852 1279 667 612 87 140 547 712 592 230 525 44 399 385 342 144 373 237 104 178 138 80 362 318 146 172 153 52
cat_boundaries=0 1
cat_threshold=6
is_linear=0
shrinkage=0.05


Tree=51
num_leaves=31
num_cat=1
split_feature=9 5 0 0 2 4 1 3 5 1 3 0 3 1 4 3 0 1 6 1 2 4 5 0 3 6 1 5 4 0
split_gain=11.8399 8.73086 16.8968 14.0376 14.5149 12.919 10.5747 14.3948 9.25598 10.9887 9.11257 11.1088 15.8105 8.3558 7.99353 6.89742 9.02331 8.64156 6.76738 7.11123 6.89484 6.50356 9.46411 9.69446 6.7892 6.49699 7.03672 11.1751 5.87019 5.80981
threshold=0 69.500000000000014 58.500000000000007 95.500000000000014 2.3000000000000003 26.500000000000004 175.50000000000003 88.500000000000014 103.50000000000001 200.50000000000003 30.500000000000004 43.500000000000007 41.500000000000007 122.50000000000001 29.500000000000004 69.500000000000014 36.500000000000007 95.500000000000014 206.50000000000003 159.50000000000003 1.2050000000000003 33.500000000000007 98.500000000000014 71.500000000000014 40.500000000000007 227.50000000000003 252.50000000000003 57.500000000000007 85.500000000000014 39.500000000000007
decision_type=9 2 2 2 2 2 2 2 2 2 2 2 2 2 2 2 2 2 2 2 2 2 2 2 2 2 2 2 2 2
left_child=1 2 5 10 8 13 15 25 -5 -10 18 12 -12 -1 -13 16 17 -7 -3 -20 -21 -16 24 -24 -23 -8 27 -27 -9 -18
right_child=-2 3 -4 4 -6 6 7 28 9 -11 11 14 -14 -15 21 -17 29 -19 19 20 -22 22 23 -25 -26 26 -28 -29 -30 -31
leaf_value=0.052632803505266196 0.028845141922920776 -0.06539916062903825 -0.037801424922210447 -0.056458536915698271 0.091957434589288622 -0.022300477365336274 0.046554109405119073 -0.11769277612569884 0.031714010211718463 -0.020623860524886743 0.032094407688258164 -0.036645027784292426 -0.10302807738210017 0.0052375258620328624 0.0423386756089527 0.018345341174681503 0.033172085596506938 -0.081401051357344364 0.030800606771234015 -0.060427564493044067 0.015558594719103988 -0.015655892066658902 -0.071249556127543537 0.0063933387110828733 0.028215272084152029 -0.068384007708078204 0.024282670607193246 0.036939812653641942 -0.021213122725271372 -0.022331736216204375
leaf_weight=14.896101579070089 25.737861126661301 5.2968892157077816 40.600059296935797 12.754132576286791 3.1439627408981314 12.150787815451624 13.715723991394041 2.72078763693571 12.714887440204619 47.474379602819681 4.1573774069547635 5.9990801848471156 4.5169525928795338 24.751574702560902 31.543791603296995 8.5411179922521097 5.8188449591398266 12.597813736647366 9.2350419908761996 6.870173763483761 5.2794809713959694 9.8689628764986974 5.4159589931368854 15.601288277655838 82.858961634337902 6.4916980713605899 17.158015191555023 4.1148278638720512 3.7490134052932262 24.847017832100391
leaf_count=31 73 56 254 130 10 59 29 15 53 302 11 28 37 79 87 40 19 87 24 36 18 64 31 70 322 53 46 10 29 101
internal_value=0.0011461 -0.00103256 -0.00915516 0.00486875 -0.0132326 -0.00148102 -0.0101703 0.00758066 -0.0177664 -0.00956757 0.012248 0.0167601 -0.0382674 0.0230445 0.0199152 -0.0234789 -0.0299254 -0.0523845 -0.0148032 -0.00227086 -0.0274087 0.0222506 0.0166797 -0.0136145 0.0235461 0.0184 0.00449188 -0.0275234 -0.0617863 -0.0117999
internal_weight=480.623 454.885 192.153 262.731 76.0874 151.553 111.906 47.9501 72.9434 60.1893 186.644 159.962 8.67433 39.6477 151.288 63.9556 55.4145 24.7486 26.6816 21.3847 12.1497 145.289 113.745 21.0172 92.7279 41.4803 27.7645 10.6065 6.4698 30.6659
internal_count=2204 2131 852 1279 495 598 488 182 485 355 784 650 48 110 602 306 266 146 134 78 54 574 487 101 386 138 109 63 44 120
cat_boundaries=0 1
cat_threshold=6
is_linear=0
shrinkage=0.05


Tree=52
num_leaves=31
num_cat=2
split_feature=9 5 0 0 5 5 4 4 1 3 1 1 0 1 0 0 4 5 5 4 4 8 3 1 3 6 1 5 4 3
split_gain=11.1085 7.95801 15.4459 12.9759 14.0339 12.2536 15.6238 11.7514 9.60311 13.1543 9.27981 9.15413 7.8946 7.80459 7.256 7.06516 6.69206 7.50169 7.28395 6.89715 6.42899 10.3471 6.22445 6.20984 7.12599 5.91655 6.46538 10.4637 5.84087 5.77432
threshold=0 69.500000000000014 58.500000000000007 85.500000000000014 91.500000000000014 100.50000000000001 46.500000000000007 26.500000000000004 175.50000000000003 88.500000000000014 253.50000000000003 205.50000000000003 70.500000000000014 177.50000000000003 89.500000000000014 61.500000000000007 39.500000000000007 143.50000000000003 166.50000000000003 86.500000000000014 41.500000000000007 1 40.500000000000007 198.50000000000003 33.500000000000007 227.50000000000003 252.50000000000003 57.500000000000007 48.500000000000007 47.500000000000007
decision_type=9 2 2 2 2 2 2 2 2 2 2 2 2 2 2 2 2 2 2 2 2 1 2 2 2 2 2 2 2 2
left_child=1 2 7 5 -5 10 -7 13 20 25 15 23 -8 -1 -13 -3 -16 -18 -19 -20 -9 28 -17 24 -6 -10 27 -27 -22 -2
right_child=29 3 -4 4 11 6 12 8 9 -11 -12 14 -14 -15 16 22 17 18 19 -21 21 -23 -24 -25 -26 26 -28 -29 -30 -31
leaf_value=0.035373648866157077 0.01007756515140217 0.025761077951631212 -0.03633811681644069 -0.061233068461446799 -0.046173444804597223 0.0086066714165743251 -0.13782342313219004 -0.037496713645779743 0.044700405346470427 -0.059391204955168114 0.039000281854120258 0.058768531815959701 -0.025431753505577623 -0.015038533360145392 0.018269982667225428 -0.021685338057101027 -0.047830742767808535 0.02363268276411987 -0.04521509574002229 0.033525260151019989 0.016230473753173869 0.015391996334178669 0.013124082602160284 0.062141162391668218 0.021187490484762317 -0.067566786566631412 0.023278018340425588 0.035273913244460407 -0.06946903439262514 0.058713546840120229
leaf_weight=28.985292218625546 10.206718370318415 42.229066621512175 40.135322630405426 11.396139327436684 4.8866467475891175 12.412072010338308 3.5191861949861041 33.55094937235117 13.573940120637415 6.3959430046379557 41.030489027500153 3.2890703007578841 2.8100117594003677 10.443794779479502 10.713296633213757 22.378161195665598 21.107410807162523 10.8745707385242 13.371200148016216 3.5114349871873847 2.7103054560720921 19.82764009386301 30.138254225254059 6.7133212089538565 19.975293565541506 6.24788846075535 17.007529094815254 4.0942344516515732 7.4624189138412476 15.177744925022123
leaf_count=71 34 136 254 120 44 43 27 151 29 44 152 14 17 39 43 114 198 40 96 8 16 71 123 18 86 53 46 10 68 39
internal_value=0.00112729 -0.000992227 -0.00878197 0.00466742 -0.00881981 0.0139056 -0.0239932 -0.00142352 -0.00976101 0.00729232 0.0191369 -0.00249522 -0.0879242 0.0220207 -0.0135273 0.0105348 -0.0175185 -0.0253649 -0.0082812 -0.0288378 -0.0224587 -0.00564095 -0.00170882 0.0194699 0.00794761 0.0177143 0.00432077 -0.0268543 -0.0466362 0.0280914
internal_weight=476.175 450.791 190.435 260.356 105.838 154.517 18.7413 150.3 110.871 47.3195 135.776 94.4422 6.3292 39.4291 62.867 94.7455 59.5779 48.8646 27.7572 16.8826 63.5513 30.0004 52.5164 31.5753 24.8619 40.9236 27.3497 10.3421 10.1727 25.3845
internal_count=2204 2131 852 1279 667 612 87 598 488 182 525 547 44 110 399 373 385 342 144 104 306 155 237 148 130 138 109 63 84 73
cat_boundaries=0 1 2
cat_threshold=6 4
is_linear=0
shrinkage=0.05


Tree=53
num_leaves=31
num_cat=1
split_feature=9 4 5 0 0 5 4 4 3 5 4 1 3 0 3 5 5 4 1 0 3 5 1 4 0 0 1 5 3 1
split_gain=10.2158 7.38276 7.55693 14.3487 11.8471 13.8871 13.6107 12.0882 10.5869 11.7603 10.1801 9.81978 9.6117 8.03494 9.23492 8.19884 7.82702 10.6444 7.47944 6.3809 11.7667 6.1062 10.8609 7.34198 5.96779 5.82029 10.8329 5.7291 5.62113 5.3379
threshold=0 130.50000000000003 69.500000000000014 58.500000000000007 78.500000000000014 100.50000000000001 43.500000000000007 25.500000000000004 110.50000000000001 89.500000000000014 26.500000000000004 175.50000000000003 88.500000000000014 95.500000000000014 74.500000000000014 103.50000000000001 112.50000000000001 43.500000000000007 122.50000000000001 21.500000000000004 69.500000000000014 143.50000000000003 236.50000000000003 73.500000000000014 43.500000000000007 36.500000000000007 95.500000000000014 43.500000000000007 47.500000000000007 198.50000000000003
decision_type=9 2 2 2 2 2 2 2 2 2 2 2 2 2 2 2 2 2 2 2 2 2 2 2 2 2 2 2 2 2
left_child=1 2 3 10 5 7 -7 -4 9 -6 18 19 -13 14 29 -15 17 -17 -1 -12 25 -18 -23 -24 -9 26 -21 -27 -2 -11
right_child=28 -3 4 -5 8 6 -8 24 -10 13 11 12 -14 15 -16 16 21 -19 -20 20 -22 22 23 -25 -26 27 -28 -29 -30 -31
leaf_value=0.049479153978653344 0.0095982491156355373 -0.064368763797437334 -0.029150112095704409 -0.034765630343478432 -0.046085816345682373 0.0054932340942648291 -0.097512925949164428 -0.015583569947861737 0.079766069700100126 0.0035095922059740904 -0.063282659493223578 0.017315679092084545 -0.054710858644993511 -0.054842695932003804 -0.044997740704420822 0.067405506626912942 -0.036391936419397093 -0.030816631713567966 0.0042794371210691092 -0.0059806196305779132 0.050020959776299424 0.051588837693783966 -0.037062758487370007 0.024066452396769411 0.031019185403630512 -0.05392519347571656 -0.082626391017683015 0.00053670287856923159 0.057991978644845114 0.043810038928156325
leaf_weight=14.536607906222342 10.181266538798811 4.5461775511503211 10.365296315401791 39.386326152831316 17.225707679986954 9.205262213945387 4.9215641766786566 7.4187634363770476 3.55733873322606 14.505857855081556 7.9671329110860816 40.231122259050608 5.2345121689140788 9.5241205096244794 5.2487980462610713 7.533167749643324 18.546078879386187 4.3517267554998398 24.710590548813343 8.8895392268896121 6.1093457862734786 7.6381865590810802 15.277365729212763 7.2396598830819121 92.798766866326332 6.011083826422694 9.5763204731047136 24.551447130739689 14.612608358263968 18.951013848185539
leaf_count=31 34 50 40 250 157 32 35 37 14 67 65 136 34 91 34 20 144 39 79 30 21 17 107 25 322 33 69 87 39 65
internal_value=0.00108156 -0.000955759 -0.000324454 -0.00794865 0.00528794 0.0162893 -0.0303925 0.0222528 -0.00529837 -0.00769919 -0.000803211 -0.00869237 0.00902318 -0.00162253 0.0166635 -0.0117176 -0.00493841 0.0314409 0.0210208 -0.021456 -0.0154123 -0.0138163 6.82065e-05 -0.0174085 0.0275693 -0.0235658 -0.0457288 -0.0101749 0.0271639 0.026337
internal_weight=470.853 446.059 441.513 187.204 254.309 124.71 14.1268 110.583 129.599 126.042 147.818 108.571 45.4656 108.816 38.7057 70.1103 60.5862 11.8849 39.2472 63.1049 55.1377 48.7013 30.1552 22.517 100.218 49.0284 18.4659 30.5625 24.7939 33.4569
internal_count=2204 2131 2081 835 1246 466 67 399 780 766 585 475 170 609 166 443 352 59 110 305 240 293 149 132 359 219 99 120 73 132
cat_boundaries=0 1
cat_threshold=6
is_linear=0
shrinkage=0.05


Tree=54
num_leaves=31
num_cat=2
split_feature=9 4 5 0 0 2 8 4 3 5 4 3 1 3 6 6 1 0 0 3 0 1 1 5 5 4 2 1 2 1
split_gain=9.39267 6.96701 6.89187 13.7391 10.9252 13.7632 11.7385 21.6188 19.8238 11.5202 9.73709 8.95463 8.77084 11.3191 8.07236 12.4926 8.92744 7.91603 6.87713 6.42032 7.96872 6.38852 6.15193 8.29722 8.0781 7.44777 6.10896 6.0025 5.98867 5.8217
threshold=0 130.50000000000003 69.500000000000014 67.500000000000014 85.500000000000014 2.3000000000000003 1 33.500000000000007 37.500000000000007 91.500000000000014 26.500000000000004 83.500000000000014 175.50000000000003 88.500000000000014 149.50000000000003 228.50000000000003 205.50000000000003 37.500000000000007 95.500000000000014 44.500000000000007 48.500000000000007 159.50000000000003 254.50000000000003 108.50000000000001 90.500000000000014 46.500000000000007 1.155 154.50000000000003 1.2550000000000001 132.50000000000003
decision_type=9 2 2 2 2 2 1 2 2 2 2 2 2 2 2 2 2 2 2 2 2 2 2 2 2 2 2 2 2 2
left_child=1 2 3 10 6 9 8 -8 21 -6 17 14 -12 -14 -11 -16 -17 29 -18 -9 -21 -4 23 24 -22 -24 -23 -19 -15 -1
right_child=-2 -3 4 -5 5 -7 7 19 -10 11 12 -13 13 28 15 16 18 27 -20 20 22 26 25 -25 -26 -27 -28 -29 -30 -31
leaf_value=0.056962301980622271 0.026261230118930563 -0.063835081867691018 0.016902750112250616 -0.055431517230131691 -0.060483577370273781 0.094333087020884665 0.036657967862355312 0.002058259419886944 0.043167475187745913 0.073717118271016221 -0.022081857714056755 -0.075308207027832932 0.012323614727010825 -0.0083606539345614708 -0.059391750730043262 0.030492263723327591 0.033614367364222429 -0.041523830557444873 -0.016692556721059144 -0.11134217604292052 -0.040951241523823526 -0.072577176262138582 0.048399475988193941 0.020833576255320316 -0.13644761171631956 -0.035301363252168712 -0.0057817840791398994 0.014333282928794903 -0.10665534284878003 0.0038920869681870287
leaf_weight=14.110103398561479 24.220912262797356 4.3596988730132571 12.769121121615173 13.901509396731852 10.462488785386084 3.2095164433121672 23.442154578864574 16.047526948153973 56.074608713388443 3.4321772865951052 72.8619738034904 4.3061720989644519 49.256044842302799 2.9885842800140372 9.2060629650950414 20.348410230129957 8.0769342444837076 7.3930896148085621 42.751669235527515 3.2466328740119961 6.4931851178407651 5.5875713378190985 4.576043501496315 3.0515401773154744 3.3606455884873867 6.3397412747144699 8.8364533185958845 13.764053158462046 3.2181797251105309 8.153767377138136
leaf_count=29 73 50 42 130 117 8 68 75 170 8 361 49 175 22 94 68 31 28 276 31 48 34 16 12 29 35 35 44 20 26
internal_value=0.00103719 -0.000920031 -0.000313786 -0.00762169 0.00507807 -0.00756192 0.0136659 -0.00198806 0.0261783 -0.0108792 -0.00375185 -0.0049898 -0.0106771 0.00430541 -0.00137706 -0.00458341 0.00250552 0.0167148 -0.00869852 -0.0230002 -0.0378565 -0.00885471 -0.027841 -0.0512098 -0.0735202 -0.000212848 -0.0316569 -0.00518526 -0.059326 0.0375262
internal_weight=465.847 441.626 437.266 185.647 251.619 101.793 149.825 66.5575 83.2678 98.5839 171.746 88.1214 128.325 55.4628 83.8153 80.3831 71.177 43.421 50.8286 43.1153 27.0678 27.1931 23.8212 12.9054 9.85383 10.9158 14.424 21.1571 6.20676 22.2639
internal_count=2204 2131 2081 835 1246 651 595 314 281 643 705 526 578 217 477 469 375 127 307 246 171 111 140 89 77 51 69 72 42 55
cat_boundaries=0 1 2
cat_threshold=6 4
is_linear=0
shrinkage=0.05


Tree=55
num_leaves=31
num_cat=4
split_feature=9 5 0 0 5 0 0 6 6 2 0 1 4 8 0 5 2 2 5 0 1 1 4 4 6 4 4 8 8 2
split_gain=9.54675 7.02149 15.7838 7.88333 15.9602 11.7962 8.45094 7.6948 10.2544 7.01788 6.84867 6.97385 6.04026 7.24772 10.0095 7.22927 7.43999 5.825 5.63416 8.14661 7.69969 13.8662 7.10887 5.34958 4.63396 4.2917 7.17196 8.22182 5.08315 8.18071
threshold=0 55.500000000000007 54.500000000000007 69.500000000000014 100.50000000000001 62.500000000000007 43.500000000000007 206.50000000000003 146.50000000000003 1.0250000000000001 53.500000000000007 127.50000000000001 46.500000000000007 1 86.500000000000014 91.500000000000014 2.0550000000000002 1.2550000000000001 102.50000000000001 107.50000000000001 206.50000000000003 162.50000000000003 39.500000000000007 68.500000000000014 212.50000000000003 23.500000000000004 35.500000000000007 2 3 1.5250000000000001
decision_type=9 2 2 2 2 2 2 2 2 2 2 2 2 1 2 2 2 2 2 2 2 2 2 2 2 2 2 1 1 2
left_child=1 2 9 4 6 -6 17 8 -5 -1 -8 -12 18 15 -15 -14 -17 -3 20 -20 21 -9 -22 -13 -2 -11 27 -27 29 -28
right_child=24 3 -4 7 5 -7 10 12 -10 25 11 23 13 14 -16 16 -18 -19 19 -21 22 -23 -24 -25 -26 26 28 -29 -30 -31
leaf_value=0.026949543434589576 0.0026946248540797722 -0.030024788176279123 -0.063290287718381882 0.010505047732600642 -0.12128540501098535 -0.0051350988799219368 0.042032576275747136 0.021577065202801851 -0.055541188860734961 0.016849911228785111 -0.031250642048123188 0.024643041368291634 -0.071563405802333488 0.035013026397392587 -0.013580540460345175 -0.024063847202480892 0.06451963700238543 0.016575376213978307 0.05039452452250523 -4.6295906136001638e-05 0.043476943129585811 -0.068649092817361479 -0.024138993671529597 -0.018234547060384732 0.050522511244027707 -0.088528306387239658 -0.00071668826748136696 -0.020779665959472012 0.015171149390665748 -0.065769108154455316
leaf_weight=15.347115393728016 6.9842319339513805 14.549714516848328 12.712767969816921 9.6997535750269908 3.6614159010350686 5.4244924299418926 32.266822125762701 8.0543287508189696 14.911967869848011 12.985033571720122 7.4903836958110324 61.056311756372452 7.1368641741573837 16.515454579144716 29.573036786168814 21.456035353243355 2.6646973416209212 12.439169861376284 17.130757194012403 15.026325557380913 11.713718421757223 9.0349900759756547 5.8179746828973284 8.2583522573113424 18.424329645931721 5.5937211290001869 18.422346021980051 22.456508021801714 22.020778030157089 6.5515771992504588
leaf_count=43 24 69 109 47 27 26 92 34 151 36 34 206 69 66 152 201 10 45 43 79 48 77 39 43 51 28 97 96 76 67
internal_value=0.00188715 -0.000205219 -0.0107163 0.00367579 0.0122194 -0.051941 0.0165039 -0.00367343 -0.0295116 -0.00425105 0.0227025 0.0145817 0.000738895 -0.00877212 0.00383259 -0.0273574 -0.0142777 -0.00854678 0.0117551 0.0268246 -0.00224195 -0.0261248 0.0210383 0.0195345 0.0268202 -0.00969055 -0.0142828 -0.03429 -0.00234099 -0.0177823
internal_weight=455.381 429.972 116.09 313.883 145.147 9.08591 136.061 168.736 24.6117 103.377 109.072 76.805 144.124 77.3461 46.0885 31.2576 24.1207 26.9889 66.7781 32.1571 34.621 17.0893 17.5317 69.3147 25.4086 88.03 75.0449 28.0502 46.9947 24.9739
internal_count=2185 2110 552 1558 542 53 489 1016 198 443 375 283 818 498 218 280 211 114 320 122 198 111 87 249 75 400 364 124 240 164
cat_boundaries=0 1 2 3 4
cat_threshold=6 1 1 4
is_linear=0
shrinkage=0.05


Tree=56
num_leaves=31
num_cat=2
split_feature=9 5 0 3 4 5 0 6 2 4 3 2 8 3 5 6 5 2 3 1 5 5 4 4 6 1 2 3 3 6
split_gain=8.77703 6.39617 14.8387 7.82798 7.35278 10.8951 13.2291 8.99553 8.13828 7.28352 7.66372 9.5549 7.18595 11.6476 10.003 6.7692 6.49217 6.223 10.6976 6.4648 10.7762 6.16607 9.98507 6.05311 6.70961 14.6724 9.63003 5.98699 7.50213 6.70607
threshold=0 55.500000000000007 54.500000000000007 62.500000000000007 46.500000000000007 98.500000000000014 70.500000000000014 252.50000000000003 1.7750000000000001 24.500000000000004 50.500000000000007 1.135 1 49.500000000000007 78.500000000000014 166.50000000000003 63.500000000000007 1.0250000000000001 24.500000000000004 247.50000000000003 34.500000000000007 60.500000000000007 56.500000000000007 23.500000000000004 228.50000000000003 103.50000000000001 1.2550000000000001 73.500000000000014 103.50000000000001 248.50000000000003
decision_type=9 2 2 2 2 2 2 2 2 2 2 2 1 2 2 2 2 2 2 2 2 2 2 2 2 2 2 2 2 2
left_child=1 2 3 17 7 8 -7 9 12 -3 11 -11 14 -14 21 -5 -15 -1 -19 20 -20 -6 -23 -22 26 -26 -25 29 -29 -8
right_child=-2 4 -4 15 5 6 27 -9 -10 10 -12 -13 13 16 -16 -17 -18 18 19 -21 23 22 -24 24 25 -27 -28 28 -30 -31
leaf_value=0.030924439943390215 0.025916847102118584 -0.068226327930515515 -0.062151823342978765 0.019729322273699047 0.036206950248757898 -0.1050458262542146 -0.061768455350624175 0.01875769839815649 -0.037943872420648173 -0.02007370378138347 -0.050866602101426517 0.024934342785995003 0.024998689789796667 0.014506607411686674 0.041861890900797408 -0.065206290038138673 -0.058823678952738725 -0.068828336045650307 -0.05569831751081316 0.036230686337828943 0.041862068384966672 0.031607337996859879 -0.05361509426152701 -0.024201491277339348 0.026016187422240069 -0.060861457887279029 0.042891962232606613 -0.081859895425272902 0.037098042957485998 0.00047512059637686298
leaf_weight=14.524383246898649 24.838288336992264 4.2652359027415505 12.308666221797465 3.2160329148173323 6.730676960200074 4.521344617009162 4.9607009924948207 112.4405361302197 9.5498446226119977 20.013513300567865 6.626401223242282 28.704844955354929 13.401714202016594 4.1448235325515261 28.412909634411335 8.6696351431310159 11.10532785952091 6.0067269131541243 9.1490372158586961 10.825449895113705 8.4613556414842588 5.5046549737453452 9.1504361405968648 9.239633724093439 8.2197082489728945 11.889559399336575 12.698482081294058 6.0217178016901007 1.6994098685681818 33.891890708357096
leaf_count=35 75 50 109 12 24 35 49 418 65 125 44 110 66 18 96 71 111 42 53 28 19 15 58 33 32 88 30 75 15 184
internal_value=0.00180812 -0.000199583 -0.0102686 -0.00406241 0.00352227 -0.00502614 -0.0233908 0.0104333 0.00563679 -0.00526879 -0.000416867 0.00644503 0.0109419 -0.00900827 0.0224203 -0.0422243 -0.0388933 0.000921198 -0.004776 0.00068267 -0.00576784 -0.00340959 -0.0216044 0.00327645 -0.00448828 -0.02535 0.0146343 -0.0154638 -0.0556774 -0.00747214
internal_weight=451.193 426.355 115.209 102.9 311.146 139.095 51.0951 172.051 88.0004 59.61 55.3448 48.7184 78.4505 28.6519 49.7987 11.8857 15.2502 91.0143 76.49 70.4832 59.6578 21.3858 14.6551 50.5087 42.0474 20.1093 21.9381 46.5737 7.72113 38.8526
internal_count=2185 2110 552 443 1558 811 358 747 453 329 279 235 388 195 193 83 129 360 325 283 255 97 73 202 183 120 63 323 90 233
cat_boundaries=0 1 2
cat_threshold=6 4
is_linear=0
shrinkage=0.05


Tree=57
num_leaves=31
num_cat=0
split_feature=7 7 0 4 6 5 1 2 1 1 3 6 6 5 1 4 1 0 6 2 3 3 0 5 4 4 3 5 0 0
split_gain=8.60826 5.68401 5.39524 5.2767 9.08185 4.91262 8.34332 7.32189 6.43922 9.9339 6.76958 6.3575 8.77833 7.19029 13.2572 7.49308 6.03977 8.22172 5.7945 6.98849 9.53269 5.32811 4.96553 5.99653 9.65181 8.9389 4.71541 4.67377 17.1514 12.4425
threshold=0.5505000000000001 0.90000000000000002 115.50000000000001 66.500000000000014 201.50000000000003 164.50000000000003 248.50000000000003 1.8050000000000004 248.50000000000003 232.50000000000003 58.500000000000007 207.50000000000003 159.50000000000003 60.500000000000007 103.50000000000001 26.500000000000004 182.50000000000003 62.500000000000007 94.000000000000014 1.3550000000000002 36.500000000000007 49.500000000000007 67.500000000000014 111.50000000000001 33.500000000000007 31.500000000000004 123.50000000000001 103.50000000000001 88.500000000000014 83.500000000000014
decision_type=2 2 2 2 2 2 2 2 2 2 2 2 2 2 2 2 2 2 2 2 2 2 2 2 2 2 2 2 2 2
left_child=2 5 3 27 -5 8 -7 -8 9 11 -10 12 18 14 -13 -16 -14 -18 -2 20 -20 22 -15 24 25 -24 -6 29 -29 -1
right_child=1 -3 -4 4 26 6 7 -9 10 -11 -12 13 16 21 15 -17 17 -19 19 -21 -22 -23 23 -25 -26 -27 -28 28 -30 -31
leaf_value=0.00052036369065880383 -0.021090653115342996 0.050568353379283497 -0.053811267178093772 0.068350499523204419 -0.047234256687424869 0.048473063119268613 -0.058871831352832943 0.027282449284095928 0.03575570758596415 -0.061879053267044015 0.0056515613328152045 0.03093125789392864 -0.051129364269544411 0.040608344089905518 0.0068963676374369197 -0.053056438632330997 0.035271794353791942 -0.049588124299553844 0.032876202237132779 0.049294163962806253 -0.043539711461818967 -0.0014801814002745226 -0.022665327890528553 0.04056044383411838 -0.050778181630419209 0.067242780073555677 0.010239176689020191 -0.062486935118588008 0.061764836411774528 -0.056203867435977765
leaf_weight=98.079949136823416 12.83608580753207 7.2297993302345267 6.1236185207962981 2.2846371531486538 18.552738297730688 3.4957705289125469 10.27129917219281 3.245264619588851 35.164027832448483 5.8098384141921988 39.82357519865036 14.036464117467402 14.989355619996788 32.102812387049198 8.2384973317384738 14.185643088072537 6.3299702927470189 5.1982664428651333 9.0946332812309318 11.551485270261763 7.4035094603896132 22.41676203161478 5.3612338751554542 11.475994788110254 7.1673720926046363 5.7078684866428375 4.4188312813639632 3.897411845624446 9.6644330993294698 10.724494889378546
leaf_count=479 51 28 108 14 215 8 81 8 118 25 152 35 85 88 31 73 14 39 28 28 31 71 27 29 28 14 39 35 51 152
internal_value=0.00175901 0.00678474 -0.00782315 -0.00591549 -0.0267231 0.00567757 -0.0203794 -0.0381866 0.00732614 0.00251447 0.0197683 0.00450343 -0.00779709 0.0113729 -0.00717647 -0.0310301 -0.0302026 -0.0029929 0.00673462 0.019468 -0.00141529 0.0194022 0.026975 0.0122448 -0.00557385 0.0236965 -0.0361786 -0.00162084 0.0260573 -0.00507076
internal_weight=446.882 293.136 153.746 147.622 25.2562 285.906 17.0123 13.5166 268.893 193.906 74.9876 188.096 67.4033 120.693 36.4606 22.4241 26.5176 11.5282 40.8857 28.0496 16.4981 84.232 61.8153 29.7125 18.2365 11.0691 22.9716 122.366 13.5618 108.804
internal_count=2185 1092 1093 985 268 1064 97 89 967 697 270 672 276 396 139 104 138 53 138 87 59 257 186 98 69 41 254 717 86 631
is_linear=0
shrinkage=0.05


Tree=58
num_leaves=31
num_cat=2
split_feature=9 7 4 5 2 2 5 0 5 8 5 4 3 1 3 3 3 3 2 4 2 0 0 5 1 3 1 0 4 5
split_gain=8.27142 6.31088 5.64529 7.959 7.27224 6.93861 5.96762 12.1415 10.216 11.7152 7.01549 9.19872 5.74346 5.68593 7.74952 5.65859 7.60411 5.44533 11.9178 5.72713 5.76765 5.18434 4.73615 11.5356 10.4379 9.99435 9.04108 6.68916 6.48677 6.43364
threshold=0 0.90000000000000002 46.500000000000007 44.500000000000007 1.0250000000000001 1.4450000000000001 98.500000000000014 70.500000000000014 82.500000000000014 1 24.500000000000004 58.500000000000007 55.500000000000007 254.50000000000003 67.500000000000014 73.500000000000014 107.00000000000001 61.500000000000007 1.7350000000000001 70.500000000000014 1.135 25.500000000000004 67.500000000000014 103.50000000000001 206.50000000000003 23.500000000000004 161.50000000000003 107.50000000000001 35.500000000000007 143.50000000000003
decision_type=9 2 2 2 2 2 2 2 2 1 2 2 2 2 2 2 2 2 2 2 2 2 2 2 2 2 2 2 2 2
left_child=1 2 3 4 -1 -6 8 -8 10 12 -4 -12 -10 14 22 -9 -17 18 -13 -19 -21 -22 25 24 26 -5 -24 -25 -26 -29
right_child=-2 -3 6 13 5 -7 7 15 9 -11 11 17 -14 -15 -16 16 -18 19 -20 20 21 -23 23 27 28 -27 -28 29 -30 -31
leaf_value=0.025340194057577071 0.025265531513255075 0.057725123669495643 0.038343881513917301 -0.040953184132267263 -0.046117536715550009 0.018676024511272378 -0.10141913232562999 -0.0069866779887406069 0.0078078215108344107 0.039900247910451131 0.0035912363117304768 0.020334487597779699 -0.05908815380637808 0.02942921368070921 -0.049529819139907137 -0.081419682899135107 0.041758379912197136 -0.092621020837841725 -0.059014103891836214 -0.0016751898605798319 0.009970633610351597 -0.076409864363896657 -0.0051708269622909595 0.045107930641346876 0.053270504939646482 0.016768670165439901 -0.059405919455743507 -0.064772244970145568 -0.025887318749514377 0.022349481668341119
leaf_weight=7.0580493062734631 24.30806140601635 4.6358138918876639 6.473826002329587 8.0812720954418165 19.30021566897631 5.2574294432997695 4.4293287936598054 38.296795837581158 8.3524373508989793 24.815030004829168 34.118885904550552 11.740515723824503 5.210012737661601 25.951556533575058 6.4218989200890055 5.7917587012052527 1.5987740941345689 5.37435379251838 7.9273101668804875 7.8966985493898418 2.1987141370773307 8.271891685202716 14.056579399853947 14.301948189735414 6.5854787938296777 104.11315083131194 16.950353406369686 3.3526151739060861 4.2637580260634422 5.7593024335801601
leaf_count=18 75 18 30 35 109 22 35 233 50 81 154 58 62 105 36 76 14 38 68 59 11 72 93 37 25 317 169 35 31 19
internal_value=0.00168404 -0.000282231 -0.000938672 0.00399661 -0.0193903 -0.0322462 -0.00784689 -0.0223795 -0.00189552 0.0194773 -0.01166 -0.0158354 -0.0178903 0.00752026 0.00442828 -0.0147167 -0.0547729 -0.0311044 -0.0116477 -0.0472224 -0.0339386 -0.0582709 0.00638086 -0.00432831 -0.0200496 0.012611 -0.0348192 0.0237762 0.0221614 -0.00970586
internal_weight=442.894 418.586 413.95 241.454 31.6157 24.5576 172.496 50.1167 122.38 38.3775 84.0022 77.5284 13.5625 209.838 183.886 45.6873 7.39053 43.4095 19.6678 23.7417 18.3673 10.4706 177.464 65.27 41.8562 112.194 31.0069 23.4139 10.8492 9.11192
internal_count=2185 2110 2092 1051 149 131 1041 358 683 193 490 460 112 902 797 323 90 306 126 180 142 83 761 409 318 352 262 91 56 54
cat_boundaries=0 1 2
cat_threshold=6 1
is_linear=0
shrinkage=0.05


Tree=59
num_leaves=31
num_cat=1
split_feature=9 7 4 5 6 6 0 2 1 5 0 5 0 5 4 3 3 1 6 4 3 2 4 2 0 3 1 3 3 2
split_gain=7.76788 5.95791 5.13964 7.24037 9.63225 7.36206 8.99558 9.51957 5.97529 5.40725 10.9546 9.34037 6.37789 6.35563 8.44331 5.59397 5.36947 8.06849 6.44399 5.36504 5.00123 11.0077 5.33481 5.07893 5.13002 4.8269 4.63204 5.57779 6.61764 4.6474
threshold=0 0.90000000000000002 46.500000000000007 44.500000000000007 136.50000000000003 206.50000000000003 68.500000000000014 1.1250000000000002 151.50000000000003 98.500000000000014 71.500000000000014 82.500000000000014 83.500000000000014 24.500000000000004 58.500000000000007 55.500000000000007 73.500000000000014 183.50000000000003 251.50000000000003 28.500000000000004 61.500000000000007 1.7350000000000001 66.500000000000014 1.135 28.500000000000004 47.500000000000007 252.50000000000003 38.500000000000007 71.500000000000014 1.1450000000000002
decision_type=9 2 2 2 2 2 2 2 2 2 2 2 2 2 2 2 2 2 2 2 2 2 2 2 2 2 2 2 2 2
left_child=1 2 3 4 19 6 7 -5 -9 11 -11 13 -13 -4 26 -14 18 -18 -12 -1 21 -16 -22 -24 -25 -2 27 -15 29 -29
right_child=25 -3 9 5 -6 -7 -8 8 -10 10 16 12 15 14 20 -17 17 -19 -20 -21 22 -23 23 24 -26 -27 -28 28 -30 -31
leaf_value=0.036273716370833257 0.0088786273039593352 0.057334952184642775 0.036419570248969288 -0.030172261601816793 -0.044672147317344951 0.012120063845455657 -0.043023973090133387 -0.0098175699739637187 0.049187369075204171 -0.095709836881777255 -0.051626610454981015 0.03181747316127783 0.016948142184101778 0.021865869365777085 0.019320278087222698 -0.055951946683271241 0.053461559576496634 -0.079920208651064611 0.002825621218636408 -0.024881696261893654 -0.10250507922856925 -0.057510856380554344 -0.0090740597776438024 0.0054981996876563551 -0.078484234058753266 0.054202907124987078 0.030498644396368041 -0.0214547442148522 0.027499628488277611 -0.08917170993353761
leaf_weight=8.6191606223583239 10.255964204669 4.4389718025922766 6.4750599861145011 11.839265152812006 16.61996192112565 163.41955925151706 14.574651591479777 6.8188885822892216 11.572208754718302 4.5090730655938378 6.5610629580914965 26.961240023374557 6.2699450887739641 8.9464468471705931 11.739026866853239 4.5347339808940887 1.4114996083080757 5.7631012760102749 31.609739549458027 6.1417295187711707 3.4904138930141952 7.732797695323824 9.5111753642559069 2.3460539206862441 8.0843865461647493 13.749010160565375 10.790295325219629 6.223189424723385 3.8655310459434977 4.2736721709370613
leaf_count=20 35 18 30 46 103 656 145 28 27 36 59 106 37 44 58 50 11 79 173 26 28 68 67 14 71 40 33 35 12 30
internal_value=0.0016389 -0.000274202 -0.000903529 0.00382305 -0.018566 0.00719723 -0.0107581 0.00479796 0.02731 -0.00752261 -0.0213842 -0.00182284 0.01881 -0.0111572 -0.0151579 -0.0136481 -0.0139934 -0.0536793 -0.00653401 0.0108281 -0.0299182 -0.0111915 -0.04548 -0.0354988 -0.0595946 0.0245933 0.0034137 -0.00912465 -0.0284289 -0.0490249
internal_weight=439.148 415.143 410.704 239.605 31.3809 208.225 44.805 30.2304 18.3911 171.098 49.8545 121.244 37.7659 83.478 77.003 10.8047 45.3454 7.1746 38.1708 14.7609 42.9039 19.4718 23.432 19.9416 10.4304 24.005 34.0991 23.3088 14.3624 10.4969
internal_count=2185 2110 2092 1051 149 902 246 101 55 1041 358 683 193 490 460 87 322 90 232 46 306 126 180 152 85 75 154 121 77 65
cat_boundaries=0 1
cat_threshold=6
is_linear=0
shrinkage=0.05


Tree=60
num_leaves=31
num_cat=2
split_feature=0 1 1 3 0 5 8 3 2 3 0 2 1 0 0 8 4 5 3 5 0 0 2 0 2 1 5 0 4 5
split_gain=9.10792 6.47157 10.4087 7.69243 5.75884 15.9497 8.93415 16.1318 19.755 9.85591 9.84776 9.66782 6.68129 7.30116 6.42464 7.8924 12.2972 6.6844 10.9533 6.37803 8.59247 6.54439 5.29464 6.17478 5.23299 9.99822 5.01964 5.01476 4.80268 7.24262
threshold=13.500000000000002 56.500000000000007 76.500000000000014 26.500000000000004 54.500000000000007 55.500000000000007 0 38.500000000000007 1.2650000000000003 35.500000000000007 87.500000000000014 1.5450000000000002 189.50000000000003 81.500000000000014 30.500000000000004 1 22.500000000000004 47.500000000000007 76.500000000000014 93.500000000000014 102.50000000000001 71.500000000000014 1.1050000000000002 83.500000000000014 1.8050000000000004 250.50000000000003 113.50000000000001 19.500000000000004 54.500000000000007 61.500000000000007
decision_type=2 2 2 2 2 2 1 2 2 2 2 2 2 2 2 1 2 2 2 2 2 2 2 2 2 2 2 2 2 2
left_child=-1 -2 -3 -4 14 -6 9 8 22 -7 -9 19 -13 -14 15 16 -5 -17 -19 -11 21 -21 23 -8 25 -12 -15 -18 -16 -30
right_child=1 2 3 4 5 6 7 10 -10 11 24 12 13 26 28 17 27 18 -20 20 -22 -23 -24 -25 -26 -27 -28 -29 29 -31
leaf_value=-0.054728094913258807 0.061868947637540972 -0.069471975428505306 -0.020029005506281932 0.05031882375929643 -0.059485376968605147 0.023350126879018895 -0.076992873869981202 0.034448292122362299 -0.076559938012451742 -0.045315871393922021 0.016578418149183857 0.067208115859112613 -0.045972830111542261 0.042966962957393925 0.024775015131995114 0.049785666849054805 -0.0033166088394626734 -0.079300312057467431 0.043081950490359441 -0.052442623046224435 -0.046722608029153748 0.016136172725138193 0.029330426435884429 0.041142012375984111 0.050855903577152112 -0.035384877879903985 -0.019635042382380619 -0.080205069395149195 0.019022704098124184 -0.03976177087630977
leaf_weight=6.8444258458912364 4.6822665967047206 4.9290600642561904 31.800527798011899 3.3177243769168863 10.4411793500185 21.262856286019087 2.9810357205569806 60.081842839717865 10.305068939924238 24.105273336172104 24.988178391009569 4.4694429375231293 6.1015076003968742 8.6390861310064775 85.847769521176815 7.915980376303196 2.892323471605776 3.5632095187902451 3.7549948282539845 4.1831710748374489 12.148691326379774 20.660158038139343 11.901684783399103 1.7587031964212654 5.1595281325280657 14.704216700047253 5.0879913419485083 7.9483965244144201 15.58112456277013 7.8946055062115184
leaf_count=47 11 28 196 8 99 80 21 215 75 182 90 14 41 38 257 19 19 29 13 22 160 108 49 24 16 114 21 60 71 48
internal_value=0.00249545 0.00340819 0.00276325 0.00361201 0.00555115 0.00100259 0.00365024 0.0123523 -0.0221563 -0.00710971 0.021214 -0.014694 0.0119833 -0.000464542 0.0137153 -0.00703711 -0.0339127 0.0179407 -0.0165056 -0.0253034 -0.0122626 0.00458873 0.0115326 -0.0331583 0.00348592 -0.00267161 0.0197633 -0.0596911 0.0192948 -0.000745807
internal_weight=435.952 429.108 424.425 419.496 387.696 248.98 238.538 131.88 26.9465 106.658 104.934 85.3953 24.298 19.8286 138.716 29.3926 14.1584 15.2342 7.3182 61.0973 36.992 24.8433 16.6414 4.73974 44.8519 39.6924 13.7271 10.8407 109.323 23.4757
internal_count=2175 2128 2117 2089 1893 1369 1270 604 169 666 435 586 114 100 524 148 87 61 42 472 290 130 94 45 220 204 59 79 376 119
cat_boundaries=0 1 2
cat_threshold=1 4
is_linear=0
shrinkage=0.05


Tree=61
num_leaves=31
num_cat=2
split_feature=0 1 1 3 0 5 8 3 2 0 3 2 1 1 0 0 2 8 4 1 3 5 2 0 5 5 1 5 2 2
split_gain=8.35268 5.86706 9.53915 6.986 5.24062 14.8548 8.13884 14.7347 18.4408 9.05663 8.94066 8.79949 7.30517 6.10521 6.55594 5.81814 8.1135 6.87025 11.7207 5.68836 5.27557 5.30273 7.04626 6.95309 4.94016 8.78306 8.59329 8.33874 10.8947 4.78043
threshold=13.500000000000002 56.500000000000007 76.500000000000014 26.500000000000004 54.500000000000007 55.500000000000007 0 38.500000000000007 1.2650000000000003 87.500000000000014 35.500000000000007 1.5450000000000002 127.50000000000001 189.50000000000003 81.500000000000014 30.500000000000004 1.0950000000000004 1 22.500000000000004 111.50000000000001 58.500000000000007 93.500000000000014 1.2450000000000003 102.50000000000001 142.50000000000003 104.50000000000001 215.50000000000003 164.50000000000003 1.8050000000000004 1.1050000000000002
decision_type=2 2 2 2 2 2 1 2 2 2 2 2 2 2 2 2 2 1 2 2 2 2 2 2 2 2 2 2 2 2
left_child=-1 -2 -3 -4 15 -6 10 8 29 -9 -7 12 -12 -13 -15 16 -5 18 -18 -19 21 22 -14 -23 25 26 -11 -26 -29 -8
right_child=1 2 3 4 5 6 7 9 -10 24 11 13 20 14 -16 -17 17 19 -20 -21 -22 23 -24 -25 27 -27 -28 28 -30 -31
leaf_value=-0.052855477176490452 0.059054884335906555 -0.06703768327383805 -0.019119884790009763 -0.073984330369881543 -0.058377142181653421 0.02225928960153381 -0.031599109181971542 0.033165207781949237 -0.074934781942302783 0.042543490179193934 -0.10869743384466482 0.06455537101742552 -0.062046440064817868 -0.043210666506822558 0.018930845499676066 0.018434813575046571 0.060605590965954984 0.065090951049523074 -0.054716216499274606 -0.00043379502676343934 -0.043763734817250717 0.018025139315014867 0.006675350019551652 -0.042867210626312491 0.045733822141777999 -0.075845907364376672 -0.052383526847062593 -0.028858906183667828 0.068718726494142443 0.027797199596707574
leaf_weight=6.7353969588875762 4.6606563478708258 4.854559924453496 31.650881307199597 3.8901669047772911 10.115741424262522 21.191487673670053 4.7310103848576608 59.306131612509489 10.009673900902269 6.2451960295438749 2.4553632512688628 4.4216889068484333 9.1288480348885042 6.1652784720063236 13.622354883700607 108.72781799547374 2.9747280478477487 5.821834109723568 8.4961321074515563 7.683608390390873 17.338509146124125 19.233048848807815 6.3070409893989554 6.1990799456834784 12.716082118451597 4.7993564158678046 3.8561356849968433 13.28375179693103 3.6456551104784003 11.929503157734869
leaf_count=47 11 28 196 28 99 80 45 215 75 21 22 14 69 41 59 376 7 11 65 37 199 80 34 68 32 35 36 88 8 49
internal_value=0.00238921 0.00326378 0.00264586 0.00345914 0.00531877 0.000958194 0.00349521 0.011855 -0.0212958 0.0203684 -0.0067925 -0.0140464 -0.0242172 0.0114386 -0.000430728 0.0131371 -0.00681714 0.00364444 -0.0248099 0.0278122 -0.0206535 -0.0108488 -0.033967 0.00318263 0.00333156 -0.0201546 0.00630555 0.0151364 -0.0078461 0.0109307
internal_weight=432.197 425.461 420.801 415.946 384.295 246.701 236.585 130.522 26.6702 103.852 106.063 84.8712 60.6619 24.2093 19.7876 137.594 28.8665 24.9763 11.4709 13.5054 58.2065 40.868 15.4359 25.4321 44.5462 14.9007 10.1013 29.6455 16.9294 16.6605
internal_count=2175 2128 2117 2089 1893 1369 1270 604 169 435 666 586 472 114 100 524 148 120 72 48 450 251 103 148 220 92 57 128 96 94
cat_boundaries=0 1 2
cat_threshold=1 4
is_linear=0
shrinkage=0.05


Tree=62
num_leaves=31
num_cat=2
split_feature=0 7 3 1 4 0 5 8 3 3 0 3 1 3 4 4 1 7 0 1 5 4 5 5 4 4 0 8 0 5
split_gain=7.65777 5.53069 5.92606 5.73893 5.01059 4.4189 13.6807 6.87418 14.8136 9.53641 9.05046 8.23605 6.46877 5.45284 5.28066 7.13778 5.50729 5.02593 7.38116 8.7738 4.9035 5.70318 4.88518 4.78959 4.76243 4.57873 5.74261 9.82247 6.77218 5.59769
threshold=13.500000000000002 0.90000000000000002 26.500000000000004 112.50000000000001 130.50000000000003 54.500000000000007 55.500000000000007 0 38.500000000000007 32.500000000000007 85.500000000000014 35.500000000000007 130.50000000000003 73.500000000000014 58.500000000000007 51.500000000000007 250.50000000000003 0.5505000000000001 97.500000000000014 202.50000000000003 77.500000000000014 58.500000000000007 90.500000000000014 83.500000000000014 39.500000000000007 22.500000000000004 30.500000000000004 1 23.500000000000004 50.500000000000007
decision_type=2 2 2 2 2 2 2 1 2 2 2 2 2 2 2 2 2 2 2 2 2 2 2 2 2 2 2 1 2 2
left_child=-1 2 3 -2 5 25 -7 11 9 22 20 -8 -13 14 15 16 -12 18 -14 -20 21 -10 23 -9 -21 -4 27 28 -27 -29
right_child=1 -3 4 -5 -6 6 7 8 10 -11 13 12 17 -15 -16 -17 -18 -19 19 24 -22 -23 -24 -25 -26 26 -28 29 -30 -31
leaf_value=-0.051025124218911089 0.016495401675966092 0.055769398672249393 0.045821705138983169 -0.030765402300974149 -0.049949957444053165 -0.057299266133891538 0.021592277683425923 -0.0067655268740474707 0.035082866193087613 -0.070393684963265896 0.023968638048410304 -0.088088051893388947 -0.056866902887533578 -0.047774206058331853 0.027782679390500605 -0.070906986817526704 -0.040543450199989076 -0.0028335511185750809 0.062098933456702671 0.053013632741016531 0.048101338221765495 -0.014211812123085402 -0.046573661471914551 0.059348412665351839 -0.052715559692651383 -0.011231020223392981 0.014989824370896847 0.033245149036404721 -0.087824799856608016 -0.025551181116661784
leaf_weight=6.6308664306998244 8.8058708980679494 4.9312658682465544 9.2475123107433301 23.742327343672514 4.2185380626469842 9.7619796339422447 21.021332278847694 9.4727013818919712 16.879532612860206 7.4540646709501734 11.588139988482004 2.8052359223365775 12.348894078284504 4.6999709531664839 19.404162637889385 3.760193705558776 4.6300307139754286 56.715677935630083 3.7037588991224748 1.3090740628540514 28.150840748101473 8.9939932934939844 4.7781433425843707 3.8538720291107884 5.7140985522419214 6.410379771143198 103.68732106685638 11.867662314325573 5.2489319033920765 6.1437012962996951
leaf_count=47 29 23 21 172 50 98 79 48 47 64 42 26 166 39 73 30 35 210 28 5 94 47 33 21 132 37 361 34 44 40
internal_value=0.00228939 0.00312841 0.00250503 -0.0179791 0.00424187 0.00484403 0.000660078 0.00314947 0.011109 -0.0227953 0.0199418 -0.00635008 -0.0134616 0.00312988 0.00920485 -0.00883904 0.00555146 -0.0108379 -0.030511 -0.000170007 0.0336599 0.0179474 -0.00319819 0.0123538 -0.0330083 0.0117988 0.00943953 -0.00995657 -0.0457129 0.0131896
internal_weight=427.98 421.349 416.418 32.5482 383.87 379.651 237.046 227.284 123.666 25.5588 98.1069 103.618 82.5967 44.0825 39.3825 19.9784 16.2182 79.7915 23.0758 10.7269 54.0244 25.8735 18.1047 13.3266 7.02317 142.606 133.358 29.6707 11.6593 18.0114
internal_count=2175 2128 2105 201 1904 1854 1317 1219 573 166 407 646 567 219 180 107 77 541 331 165 188 94 102 69 137 537 516 155 81 74
cat_boundaries=0 1 2
cat_threshold=1 4
is_linear=0
shrinkage=0.05


Tree=63
num_leaves=31
num_cat=1
split_feature=0 7 3 1 4 5 8 7 5 1 3 5 1 6 1 0 4 3 5 3 6 0 0 5 0 5 1 3 1 1
split_gain=7.01757 5.25434 5.4017 5.24877 4.62522 4.36687 4.83 12.6098 8.97998 17.5329 8.66159 7.38494 6.01092 6.00343 9.23928 8.73777 10.7168 6.55694 6.4513 5.33786 7.05223 4.30094 7.03005 4.15793 5.0576 8.27893 3.9306 3.89808 3.71109 5.84554
threshold=13.500000000000002 0.90000000000000002 26.500000000000004 112.50000000000001 130.50000000000003 194.50000000000003 0 0.5505000000000001 89.500000000000014 202.50000000000003 31.500000000000004 32.500000000000007 194.50000000000003 146.50000000000003 198.50000000000003 71.500000000000014 54.500000000000007 58.500000000000007 55.500000000000007 28.500000000000004 195.50000000000003 71.500000000000014 81.500000000000014 47.500000000000007 85.500000000000014 92.500000000000014 181.50000000000003 57.500000000000007 158.50000000000003 170.50000000000003
decision_type=2 2 2 2 2 2 1 2 2 2 2 2 2 2 2 2 2 2 2 2 2 2 2 2 2 2 2 2 2 2
left_child=-1 2 3 -2 5 6 7 8 -4 12 -9 -8 -10 27 15 16 18 -17 19 -15 -21 28 -23 -16 -25 -26 -20 -13 -5 -30
right_child=1 -3 4 21 -6 -7 11 10 9 -11 -12 13 -14 14 23 17 -18 -19 26 20 -22 22 -24 24 25 -27 -28 -29 29 -31
leaf_value=-0.049236727402793716 0.015715602142954789 0.055485411845194746 -0.059747887283205806 -0.073181885114398007 -0.048635608565006531 -0.040371769423222847 -0.038204219667129578 0.045724754853326492 0.010396260688693509 -0.045417573665063507 0.0021033415539739022 0.044981157197567311 0.087385728825870271 0.033900702532730309 -0.013848108203962151 -0.055852463434586233 -0.048040902977737339 0.014454828456401798 0.03849032983568474 0.027682794485015684 -0.051897531460220026 0.047565821424848172 -0.053846065534925019 0.030645996791249821 -0.061575980125846246 0.015343261923162972 -0.0046285592347618228 0.0018447366428103341 0.020521980758848205 -0.056757632273333136
leaf_weight=6.5307276472449294 8.781315088272093 4.7141666933894149 13.160861147567628 6.4289809688925805 4.1184955742210141 5.3121818229556075 7.5495186410844317 12.663153082132338 6.7930419854819792 14.121945373713968 112.29574018344283 20.386568851768974 4.0447990670800209 5.025843724608424 9.0381104834377748 12.137717306613924 8.2277087010443193 4.562831997871398 22.316975101828579 4.0634055435657475 8.8410804644227028 3.9226420894265166 3.0281373597681522 57.98603056743741 3.9656756147742263 29.675694316625595 6.9253301844000807 7.0478024929761878 4.1952207423746568 5.8721071518957615
leaf_count=47 29 23 173 42 50 37 36 33 55 225 383 58 9 16 49 130 70 19 57 9 62 23 53 213 41 130 20 29 17 37
internal_value=0.00219246 0.00299751 0.00239765 -0.0172563 0.00406339 0.00464041 0.00528521 -0.0011554 -0.0263279 -0.00870619 0.00652387 0.010341 0.0391296 0.0121716 0.0087213 -0.00494118 0.00461554 -0.0366435 0.0137997 -0.00981377 -0.026839 -0.0296048 0.00338529 0.0185069 0.0216984 0.00627595 0.0282787 0.0338995 -0.0435053 -0.0245539
internal_weight=423.734 417.203 412.489 32.2284 380.261 376.142 370.83 163.08 38.1206 24.9598 124.959 207.75 10.8378 200.201 172.766 72.1009 55.4003 16.7005 47.1726 17.9303 12.9045 23.4471 6.95078 100.666 91.6274 33.6414 29.2423 27.4344 16.4963 10.0673
internal_count=2175 2128 2105 201 1904 1854 1817 878 462 289 416 939 64 903 816 383 234 149 164 87 71 172 76 433 384 171 77 87 96 54
cat_boundaries=0 1
cat_threshold=1
is_linear=0
shrinkage=0.05


Tree=64
num_leaves=31
num_cat=1
split_feature=0 1 1 3 0 5 8 3 2 0 3 2 0 5 3 5 5 1 6 3 3 0 3 5 4 1 2 3 1 1
split_gain=6.42808 5.20088 8.77757 5.34555 4.31189 12.7113 6.27658 11.9506 16.7429 7.28256 6.94339 7.93196 4.90719 9.84854 4.84069 7.79114 6.25733 5.72105 4.88692 4.6433 5.65708 4.59463 5.95623 4.58219 6.35268 6.28571 4.95219 4.42583 4.45902 5.2822
threshold=13.500000000000002 56.500000000000007 76.500000000000014 26.500000000000004 54.500000000000007 55.500000000000007 0 38.500000000000007 1.2650000000000003 87.500000000000014 35.500000000000007 1.4850000000000001 102.50000000000001 93.500000000000014 43.500000000000007 92.500000000000014 34.500000000000007 247.50000000000003 126.50000000000001 58.500000000000007 47.500000000000007 110.50000000000001 81.500000000000014 86.500000000000014 58.500000000000007 253.50000000000003 1.5450000000000002 65.500000000000014 130.50000000000003 175.50000000000003
decision_type=2 2 2 2 2 2 1 2 2 2 2 2 2 2 2 2 2 2 2 2 2 2 2 2 2 2 2 2 2 2
left_child=-1 -2 -3 -4 14 -6 10 8 -8 23 -7 12 13 -12 16 17 -5 18 -16 20 -15 22 -13 24 -9 26 -26 -20 -29 -30
right_child=1 2 3 4 5 6 7 9 -10 -11 11 21 -14 19 15 -17 -18 -19 27 -21 -22 -23 -24 -25 25 -27 -28 28 29 -31
leaf_value=-0.047490158306534989 0.055659916524330416 -0.065039181156932774 -0.016982777814160677 -0.021951822359148217 -0.056388183054788911 0.019710447423895355 0.010830686069375371 0.036183694677188676 -0.072872738817275254 0.0028902177505884374 -0.041924305183093716 0.012102448203037297 -0.055013037943538269 -0.0083823053512496176 0.037847757463536649 -0.060193749862637938 0.02554786710378433 0.028182238640262744 -0.028127650338822481 -0.039660963815652012 0.046623654392493413 0.04947044707814062 -0.050099566104369102 0.049744441686588113 -0.071956610037519325 0.029255025441285495 0.0092127352516064281 0.059168405768915459 -0.066685598248993158 0.017934699668847268
leaf_weight=6.4348540008068076 4.6137819960713378 4.7861107923090449 30.697776900604367 7.7517857849597922 9.3716341592371446 20.817074578255415 16.291164902970198 22.888729512691498 9.4337683189660293 43.245963349938393 20.454845247790217 18.067048482596881 10.238360268995164 10.330003257840877 5.5924341380596152 4.7247670199722043 65.675384353846312 19.931990969926119 18.767097853124145 4.5708141401410094 8.5373734720051271 5.5710033718496552 4.8903251327574244 19.524542797356844 4.37896980345249 6.6651527844369411 3.2916200794279575 3.405723348259925 2.6788872424513084 5.9187732227146626
leaf_count=47 11 28 196 28 99 80 94 73 75 220 155 86 162 44 15 31 214 69 96 43 36 20 40 65 35 27 15 9 30 32
internal_value=0.00209878 0.00287121 0.00227498 0.00307301 0.00472353 0.000687914 0.0030217 0.0105284 -0.0198648 0.0183474 -0.00609857 -0.0125983 -0.0238425 -0.0165717 0.0118845 0.00147711 0.0205333 0.00665308 -0.00514793 0.00555382 0.0165076 0.008737 -0.00114768 0.0301266 0.0198369 -0.00626279 -0.037125 -0.0129623 0.0107486 -0.00843157
internal_weight=419.548 413.113 408.499 403.713 373.015 238.568 229.197 125.72 25.7249 99.995 103.477 82.6598 54.1314 43.893 134.447 61.0197 73.4272 56.2949 36.3629 23.4382 18.8674 28.5284 22.9574 56.749 37.2245 14.3357 7.67059 30.7705 12.0034 8.59766
internal_count=2175 2128 2117 2089 1893 1369 1270 604 169 435 666 586 440 278 524 282 242 251 182 123 80 146 126 215 150 77 50 167 71 62
cat_boundaries=0 1
cat_threshold=1
is_linear=0
shrinkage=0.05


Tree=65
num_leaves=31
num_cat=0
split_feature=7 7 5 2 3 4 3 2 3 5 2 5 1 5 3 1 2 5 5 5 1 4 4 3 6 2 3 6 2 6
split_gain=8.88216 6.18729 4.52999 3.8552 6.4777 7.00245 4.58386 4.6496 5.3923 5.57702 8.20609 4.24263 3.42452 3.35126 9.15631 4.63601 5.29624 4.31767 6.10015 3.79448 3.13391 7.80118 6.51871 3.92326 10.9193 6.36976 6.95939 3.30341 3.25539 2.88314
threshold=0.90000000000000002 0.5505000000000001 118.50000000000001 1.3950000000000002 65.500000000000014 64.500000000000014 105.50000000000001 1.2750000000000001 72.500000000000014 44.500000000000007 1.0650000000000002 74.500000000000014 76.500000000000014 154.50000000000003 49.500000000000007 250.50000000000003 1.6450000000000002 143.50000000000003 122.50000000000001 117.50000000000001 139.50000000000003 23.500000000000004 23.500000000000004 27.500000000000004 247.50000000000003 1.1250000000000002 41.500000000000007 254.50000000000003 1.135 8.0000000000000018
decision_type=2 2 2 2 2 2 2 2 2 2 2 2 2 2 2 2 2 2 2 2 2 2 2 2 2 2 2 2 2 2
left_child=1 2 3 6 -5 11 7 8 9 10 -1 -6 -3 17 15 -15 -17 18 19 29 22 -22 -11 -23 28 27 -27 -26 -25 -14
right_child=-2 12 -4 4 5 -7 -8 -9 -10 20 -12 -13 13 14 -16 16 -18 -19 -20 -21 21 23 -24 24 25 26 -28 -29 -30 -31
leaf_value=0.027215614648910237 0.056380268083042362 -0.032082599637959487 -0.054405295231729746 -0.037117240696210432 -0.017586295919912603 -0.057023002872975549 0.04317019925676794 0.01533345089462889 -0.058704385534399009 0.023859912843883946 -0.071125226594518864 0.046426295108305191 0.035947539019933271 0.04440138767639628 -0.056523811602332698 -0.061036891970176622 0.029190692995709457 0.04387784922873092 -0.038278221558171781 0.045098726739838522 -0.055218029580735434 0.043727431709631615 -0.055460107712381371 -0.071421736465432414 0.076416471615030429 0.027740367042602011 -0.058986883312753237 0.025933384408921279 -0.0093148475440724948 0.0046838567910178911
leaf_weight=3.0502135567367059 7.0006865188479415 6.4028227776288977 5.2450064960867158 23.211969451978803 3.9753034189343435 3.4708071798086158 5.3348005786538115 22.613555788993835 5.3997319974005213 4.2218019813299161 6.9658962301909924 7.4198115952312946 7.6375123895704737 5.8904496431350726 7.9329615458846083 3.3190173171460629 3.1891979798674583 7.5098255276679984 7.7430784329771987 6.3044943511486045 4.8198831640183917 7.8846007995307437 6.702301362529397 4.8068144395947439 4.6116338744759569 5.1367611400783044 4.2080515921115875 10.898947063833475 3.7605856545269489 214.05383385904133
leaf_count=14 32 29 100 206 27 52 39 120 79 10 61 41 26 12 62 31 10 19 38 18 30 36 63 52 16 16 45 56 35 830
internal_value=0.000531276 -0.000413759 -0.00879384 -0.00706645 -0.0206134 0.00515593 -0.00192938 -0.00445983 -0.0106364 -0.00676632 -0.0411774 0.0240948 0.00404778 0.00492545 -0.0145756 0.0122639 -0.016823 0.00655541 0.00536645 0.00684869 -0.000725009 0.00497787 -0.0248056 0.0120017 0.00451748 0.0212963 -0.0113137 0.0409431 -0.0441605 0.00576093
internal_weight=420.722 413.722 143.738 138.493 38.0779 14.8659 100.416 95.0808 72.4672 67.0675 10.0161 11.3951 269.983 263.58 20.3316 12.3987 6.50822 243.249 235.739 227.996 57.0514 46.1273 10.9241 41.3074 33.4228 24.8554 9.34481 15.5106 8.5674 221.691
internal_count=2205 2173 1098 998 326 120 672 633 513 434 75 68 1075 1046 115 53 41 931 912 874 359 286 73 256 220 133 61 72 87 856
is_linear=0
shrinkage=0.05


Tree=66
num_leaves=31
num_cat=1
split_feature=7 7 0 2 0 8 3 4 2 2 6 0 3 6 2 3 6 6 0 0 1 1 0 2 2 4 6 3 3 2
split_gain=8.40234 5.65214 3.79035 3.92791 6.00639 4.28568 4.98705 6.21356 4.21529 4.7515 10.8184 7.02645 5.52037 5.24149 13.4892 5.65237 4.90708 4.44563 5.17267 3.62406 3.56026 3.10286 3.22878 6.19679 3.16624 3.33041 2.96253 2.95372 8.10151 4.05595
threshold=0.90000000000000002 0.5505000000000001 115.50000000000001 1.3950000000000002 108.50000000000001 0 37.500000000000007 61.500000000000007 1.2650000000000003 1.1450000000000002 141.50000000000003 43.500000000000007 39.500000000000007 247.50000000000003 1.1250000000000002 24.500000000000004 208.50000000000003 254.50000000000003 68.500000000000014 63.500000000000007 206.50000000000003 76.500000000000014 191.50000000000003 1.7050000000000003 1.0150000000000003 26.500000000000004 218.50000000000003 62.500000000000007 66.500000000000014 1.2850000000000004
decision_type=2 2 2 2 2 1 2 2 2 2 2 2 2 2 2 2 2 2 2 2 2 2 2 2 2 2 2 2 2 2
left_child=1 2 3 8 5 6 26 -8 9 10 -1 -12 16 14 -13 -15 -11 -17 -19 -10 -21 -3 24 -24 25 -23 -5 29 -29 -26
right_child=-2 21 -4 4 -6 -7 7 -9 19 12 11 13 -14 15 -16 17 -18 18 -20 20 -22 22 23 -25 27 -27 -28 28 -30 -31
leaf_value=0.076132225505974982 0.056060724105879312 -0.03059325539491738 -0.053094269187421342 -0.0051042956390997037 0.053298555447910928 -0.056736821907659919 0.016908631454096375 -0.045536895458778009 0.030952233792858497 -0.050430771106186691 -0.04365637445401746 -0.07084688299085308 -0.058670736701077669 -0.06713542394260244 0.061329725262699752 0.065123455851622256 0.0099327229522949874 0.034855948149938774 -0.018818229083407238 -0.045786918319439332 0.013597956079774251 0.0069960035250463881 -0.065670751548252027 0.027068608004535696 0.0031311179641420276 -0.040338531683396628 -0.068882681502955942 -0.039937231754264925 0.006554691022660146 0.01810547805407741
leaf_weight=4.3686149455606929 6.6962566524744025 6.3794084042310706 4.6035632751882067 2.6845575049519557 2.5684655122458926 8.5520604327321035 13.190973961725833 5.7071546223014584 15.474296830594541 4.8591419216245439 9.8099019303917867 6.0423817094415408 8.4453865624964219 1.8867122996598507 2.8363396879285574 4.9053993374109295 10.962228573858736 10.320824045687916 7.9435544293373814 3.7914055753499252 7.5494897272437811 7.4083307888358814 4.4043400436639777 3.0477127432823181 95.988896250724792 7.4560405053198338 5.6587934419512749 11.704987458884714 46.976800572127104 85.499513102695346
leaf_count=16 32 29 103 18 12 115 46 75 55 29 84 70 110 16 8 20 46 44 78 38 50 35 43 8 396 42 65 49 171 302
internal_value=0.000502948 -0.000402172 -0.00846557 -0.00697201 -0.0205584 -0.0258582 -0.0161643 -0.00194965 -0.00171774 -0.00799134 0.00110666 -0.00638579 -0.02603 0.0043883 -0.0286226 0.0160856 -0.00860643 0.0228623 0.0115119 0.0152162 -0.00625516 0.0038613 0.00469868 -0.0277426 0.0056466 -0.0167472 -0.0483613 0.00703258 -0.00271884 0.0101856
internal_weight=417.724 411.027 142.161 137.558 38.362 35.7935 27.2415 18.8981 99.1957 72.3805 48.1137 43.7451 24.2668 33.9352 8.87872 25.0565 15.8214 23.1698 18.2644 26.8152 11.3409 268.866 262.487 7.45205 255.035 14.8644 8.34335 240.17 58.6818 181.488
internal_count=2205 2173 1098 995 331 319 204 121 664 521 336 320 185 236 78 158 75 142 122 143 88 1075 1046 51 995 77 83 918 220 698
cat_boundaries=0 1
cat_threshold=4
is_linear=0
shrinkage=0.05


Tree=67
num_leaves=31
num_cat=0
split_feature=7 7 5 4 3 4 3 2 3 1 4 0 4 0 2 0 2 2 1 1 3 4 1 1 5 0 0 5 2 2
split_gain=7.95059 5.17261 4.2017 3.56677 8.23456 3.8126 3.45182 4.6003 3.81634 4.34736 9.25124 8.11105 7.17625 3.96949 9.69651 6.08945 6.53439 4.28951 4.28774 4.85638 3.8024 3.34912 5.11096 3.14106 3.0104 8.41598 5.46569 7.08066 6.26073 5.50491
threshold=0.90000000000000002 0.5505000000000001 118.50000000000001 115.50000000000001 123.50000000000001 94.500000000000014 87.500000000000014 1.7850000000000004 75.500000000000014 139.50000000000003 23.500000000000004 42.500000000000007 24.500000000000004 44.500000000000007 1.2750000000000001 73.500000000000014 1.1150000000000004 1.3550000000000002 201.50000000000003 194.50000000000003 90.500000000000014 37.500000000000007 206.50000000000003 120.50000000000001 66.500000000000014 57.500000000000007 69.500000000000014 91.500000000000014 1.2850000000000004 1.3150000000000002
decision_type=2 2 2 2 2 2 2 2 2 2 2 2 2 2 2 2 2 2 2 2 2 2 2 2 2 2 2 2 2 2
left_child=1 2 3 4 5 6 7 8 9 11 -11 12 -1 14 -12 17 18 -15 19 -17 -8 22 -18 -14 25 -3 27 -26 -28 -30
right_child=-2 24 -4 -5 -6 -7 20 -9 -10 10 13 -13 23 15 -16 16 21 -19 -20 -21 -22 -23 -24 -25 26 -27 28 -29 29 -31
leaf_value=0.03885382277477939 0.05575763378495583 0.0036020488659565912 -0.054091089915325498 -0.055081788675298664 0.073441131806891269 -0.056463917581499615 0.071238921159493637 -0.052614055432157539 -0.061790094751559221 -0.052473691811119265 -0.061423791521907689 -0.057228067815996479 -0.060626400594637302 0.033467683083058607 0.017161784946943797 -0.0021401746752681013 -0.055617572797808615 -0.0063420886665545798 -0.023377199938704737 0.084454563440600844 0.0015441600971056988 -0.056872633200991167 0.044708868924394796 0.0075417736054498603 0.028633124819690482 -0.033981739184692487 -0.012372393622032364 -0.018365784442325929 0.05053637289487848 0.0060628793907031046
leaf_weight=6.7163509726524371 6.4034254252910605 83.448665954172611 4.810721591114997 3.6815233360975972 3.2479838803410521 3.8066383246332398 2.9097713530063611 5.496702902019023 2.9562931749969712 7.3335931170731774 6.7462255284190205 10.040219614282249 4.2286020256578922 29.379940012469888 9.3871705122292024 2.9792579282075184 2.4302943628281337 8.7913166023790819 3.5472855418920517 3.5463639125227928 5.9769607353955507 6.7866216264665127 2.6576198041439056 2.8147042747586966 46.432759515941143 18.131462376564741 47.395421650260687 9.6853923946619016 7.9629093259572974 55.138395911082625
leaf_count=15 32 263 100 65 12 60 10 72 38 47 52 81 47 100 37 38 35 41 42 10 51 111 12 22 168 111 265 36 22 210
internal_value=0.000475395 -0.00039125 -0.00817136 -0.00654059 -0.0051845 -0.00717135 -0.00566694 -0.00797082 -0.00574691 -0.00420406 0.00116417 -0.0230574 0.00187642 0.00632283 -0.015699 0.0122326 -0.00875346 0.024299 0.0208683 0.0449199 0.0243642 -0.033881 -0.00321308 -0.0333845 0.00367793 -0.00310644 0.00781415 0.0205216 0.00136039 0.0116751
internal_weight=414.871 408.467 140.272 135.461 131.78 128.532 124.725 115.839 110.342 107.386 83.5857 23.7999 13.7597 76.2521 16.1334 60.1187 21.9474 38.1713 10.0729 6.52562 8.88673 11.8745 5.08791 7.04331 268.195 101.58 166.615 56.1182 110.497 63.1013
internal_count=2205 2173 1098 998 933 921 861 800 728 690 525 165 84 478 89 389 248 141 90 48 61 158 47 69 1075 374 701 204 497 232
is_linear=0
shrinkage=0.05


Tree=68
num_leaves=31
num_cat=0
split_feature=7 7 5 4 3 4 3 2 3 1 4 0 4 0 2 0 2 2 1 1 3 3 3 1 3 0 0 2 2 4
split_gain=7.5245 4.74337 4.01949 3.40097 7.32909 3.63323 3.13455 4.31681 3.61267 4.01554 8.4387 7.5448 6.58729 3.61953 8.96195 5.52267 6.06248 3.90357 3.86844 4.35823 3.60742 4.61362 3.41997 3.00979 2.985 2.93727 2.9711 5.78281 2.71462 2.68692
threshold=0.90000000000000002 0.5505000000000001 118.50000000000001 115.50000000000001 123.50000000000001 94.500000000000014 87.500000000000014 1.7850000000000004 75.500000000000014 139.50000000000003 23.500000000000004 42.500000000000007 24.500000000000004 44.500000000000007 1.2750000000000001 73.500000000000014 1.1150000000000004 1.3550000000000002 201.50000000000003 194.50000000000003 65.500000000000014 25.500000000000004 90.500000000000014 120.50000000000001 105.50000000000001 18.500000000000004 191.50000000000003 1.7050000000000003 1.4450000000000001 23.500000000000004
decision_type=2 2 2 2 2 2 2 2 2 2 2 2 2 2 2 2 2 2 2 2 2 2 2 2 2 2 2 2 2 2
left_child=1 2 3 4 5 6 7 8 9 11 -11 12 -1 14 -12 17 18 -15 19 -17 21 -18 -8 -14 -24 -3 29 -28 -13 -27
right_child=-2 25 -4 -5 -6 -7 22 -9 -10 10 13 28 23 15 -16 16 20 -19 -20 -21 -22 -23 24 -25 -26 26 27 -29 -30 -31
leaf_value=0.037255105936330475 0.055470100717892927 -0.028786159089146657 -0.053891733576765889 -0.054830839638645171 0.068459907694003119 -0.056149638281896425 0.067501984787995448 -0.051661770694150171 -0.061224743218322442 -0.050396747001020016 -0.059760195351581537 -0.070861218728726486 -0.060105219667228607 0.031975568563044482 0.016323991779732313 -0.0020364216172194002 0.043840979597994531 -0.006024674259729192 -0.022517628789566993 0.079973038879675745 0.040119729954340849 -0.057048165450650216 -0.036402675449323386 0.0071515488565037548 0.034419728524957324 0.025752242677927265 -0.064911483442802648 0.025534019003663384 -0.0096510047607165604 0.0039727500638074512
leaf_weight=6.6559050828218478 6.1219022050499907 6.8583541586995116 4.5926003120839587 3.5175960883498183 3.3084530830383292 3.6407413724809876 2.9171012565493566 5.3225802406668654 2.8374229967594138 7.2560382038354865 6.5913072861731044 7.3814252465963346 4.0563660860061646 29.217613432556391 9.3757971562445146 2.9746171627193707 1.3019980136305083 8.7917572781443578 3.4997971169650555 3.5575126931071281 1.461176836863159 8.7385818231850845 2.7824737671762705 2.8197422474622726 3.197505870833993 15.05782739818096 4.2336749099194995 3.0336052179336548 2.4003855474293232 237.81510153226554
leaf_count=15 32 36 100 65 12 60 10 72 38 47 52 67 47 100 37 38 9 41 42 10 16 133 34 22 17 65 43 8 14 923
internal_value=0.000451503 -0.000379747 -0.00789922 -0.00631824 -0.00500644 -0.00692365 -0.0054682 -0.00769447 -0.00554588 -0.00405658 0.00110646 -0.0223858 0.00179746 0.00605558 -0.015084 0.0117244 -0.00850652 0.0231859 0.0199005 0.0426274 -0.0332834 -0.0439655 0.0231175 -0.0325247 0.00146619 0.00351228 0.0043638 -0.0271565 -0.0558407 0.00526965
internal_weight=411.317 405.195 138.196 133.604 130.086 126.778 123.137 114.24 108.917 106.08 82.7662 23.3138 13.532 75.5102 15.9671 59.5431 21.5337 38.0094 10.0319 6.53213 11.5018 10.0406 8.89708 6.87611 5.97998 266.999 260.14 7.26728 9.78181 252.873
internal_count=2205 2173 1098 998 933 921 861 800 728 690 525 165 84 478 89 389 248 141 90 48 158 142 61 69 51 1075 1039 51 81 988
is_linear=0
shrinkage=0.05


Tree=69
num_leaves=31
num_cat=0
split_feature=7 4 1 1 6 2 5 0 5 6 6 5 0 1 0 4 2 6 1 1 6 0 5 6 4 0 1 1 4 0
split_gain=7.12356 4.49403 4.95129 4.28783 3.93765 3.41885 9.39015 5.76188 4.28747 3.5182 6.36449 4.72451 10.0665 6.88853 7.24755 7.07238 5.0489 5.90023 10.5169 6.54029 5.06913 4.37535 7.865 10.3256 11.936 6.57207 4.39117 4.29905 4.17554 5.11615
threshold=0.90000000000000002 115.50000000000001 49.500000000000007 56.500000000000007 8.0000000000000018 1.0150000000000003 36.500000000000007 19.500000000000004 17.000000000000004 94.000000000000014 126.50000000000001 55.500000000000007 54.500000000000007 247.50000000000003 23.500000000000004 23.500000000000004 1.155 230.50000000000003 120.50000000000001 166.50000000000003 242.50000000000003 57.500000000000007 65.500000000000014 254.50000000000003 32.500000000000007 43.500000000000007 142.50000000000003 202.50000000000003 23.500000000000004 67.500000000000014
decision_type=2 2 2 2 2 2 2 2 2 2 2 2 2 2 2 2 2 2 2 2 2 2 2 2 2 2 2 2 2 2
left_child=1 2 -1 -4 -5 6 -6 8 -7 -9 -11 12 13 14 -12 -16 20 19 -19 -18 -17 25 23 -23 -25 26 -13 -28 -24 -30
right_child=-2 -3 3 4 5 7 -8 9 -10 10 11 21 -14 -15 15 16 17 18 -20 -21 -22 22 28 24 -26 -27 27 -29 29 -31
leaf_value=-0.06553811258899786 0.055197283153338543 -0.041621803063903118 0.056259795703840813 0.03779073330643419 0.028723389783490649 -0.0024125902278447076 -0.045514075055155853 -0.029465573412670577 -0.077553280346982501 0.036296932239171915 0.044077820236171433 0.01903662310577714 -0.063815026773359665 0.029639767182603471 0.02904048705926798 -0.094815305016907866 -0.024810255063744763 0.01458694815651917 -0.06996181982794171 0.045002692950215459 -0.026402583122888203 -0.073041698719491663 -0.044731231867985922 0.083659836059422787 -0.036898364453779316 0.027955544308149224 -0.061818611780907612 -0.0018432519778099764 0.022251074523201058 0.0006892697514454438
leaf_weight=2.8346880208700886 5.85138826817274 6.4958255775272837 3.4521395266056052 6.8762825876474372 6.36859863996506 3.5753670185804358 12.862606793642042 8.8736175745725614 4.0475311782211065 13.329983115196226 5.2282377760857335 9.8451120667159575 7.8222149051725856 12.460247498005627 6.8253821134567252 4.5995320118963701 6.8759807571768761 6.1294124517589816 9.1963635701686126 6.5510364882647991 6.5830726064741611 8.0493488591164351 4.3576014991849652 3.1361855175346136 5.9447410237044096 39.807132555171847 4.9504499584436399 7.5369036998599768 34.008533779531717 144.00548649020493
leaf_count=29 32 81 10 24 15 13 100 44 39 42 21 37 93 38 19 21 28 26 73 17 51 54 39 9 47 135 28 30 129 881
internal_value=0.000425602 -0.000370391 0.000306052 0.000780621 0.000289347 -0.000383995 -0.0209296 0.00070227 -0.0423101 0.00162298 0.00241743 0.00106494 -0.0102513 -0.00375025 -0.0117529 -0.0179952 -0.0260341 -0.0149469 -0.0361473 0.00925146 -0.0545415 0.00419075 0.000582188 -0.0318101 0.00473757 0.0157762 -0.00593328 -0.0256197 0.00362482 0.00480853
internal_weight=408.481 402.63 396.134 393.299 389.847 382.971 19.2312 363.739 7.6229 356.117 347.243 333.913 72.2715 64.4493 51.989 46.7608 39.9354 28.7528 15.3258 13.427 11.1826 261.641 199.502 17.1303 9.08093 62.1396 22.3325 12.4874 182.372 178.014
internal_count=2205 2173 2092 2063 2053 2029 115 1914 52 1862 1818 1776 387 294 256 235 216 144 99 45 72 1389 1159 110 56 230 95 58 1049 1010
is_linear=0
shrinkage=0.05


Tree=70
num_leaves=31
num_cat=1
split_feature=1 3 2 3 3 5 0 5 6 6 3 0 1 1 2 1 5 0 1 1 3 1 3 2 2 0 3 2 8 2
split_gain=4.49883 6.26897 7.9833 6.35034 5.48002 10.5073 8.01333 5.18254 9.48148 5.02974 7.88731 8.50188 4.94252 4.74996 4.17205 4.11606 5.754 4.23674 4.22621 5.50125 3.91626 3.90942 3.8267 3.65866 10.9246 3.20849 3.12004 6.46336 6.90049 3.05598
threshold=254.50000000000003 53.500000000000007 1.905 57.500000000000007 74.500000000000014 55.500000000000007 92.500000000000014 44.500000000000007 205.50000000000003 206.50000000000003 49.500000000000007 69.500000000000014 209.50000000000003 120.50000000000001 1.1950000000000001 111.50000000000001 56.500000000000007 50.500000000000007 138.50000000000003 143.50000000000003 49.500000000000007 121.50000000000001 25.500000000000004 1.3350000000000002 1.1050000000000002 58.500000000000007 63.500000000000007 1.5150000000000003 0 1.0950000000000004
decision_type=2 2 2 2 2 2 2 2 2 2 2 2 2 2 2 2 2 2 2 2 2 2 2 2 2 2 2 2 1 2
left_child=1 2 7 12 6 -6 -2 8 23 10 11 13 -3 -9 -14 -11 17 -17 21 -20 -8 -18 -21 24 -1 -15 27 28 -5 -7
right_child=4 3 -4 26 5 29 20 9 -10 15 -12 -13 14 25 -16 16 18 -19 19 22 -22 -23 -24 -25 -26 -27 -28 -29 -30 -31
leaf_value=0.018860086099448711 0.026854652702493143 -0.084693615263797581 -0.05366891223895906 -0.077002092159595581 -0.099086617024627233 0.044467298940554505 -0.073168928437646955 -0.033805872918615594 -0.053259961682816763 0.032050597634665765 0.062659043037977508 -0.044621438605275683 0.022723202929682416 0.0240239752979465 -0.055609729752315998 -0.0058451893026590313 0.018844811146521426 -0.066005051700609635 0.060960472717547592 -0.028821949562367451 -0.0037731651910703854 -0.037888292615478068 0.013981388012731355 0.030053130966974657 -0.067540928250106005 -0.011366150968993804 -0.01561363821317883 0.053458608901232156 0.014341079261028154 -0.0066849179611115431
leaf_weight=10.484577797353273 49.54495688341558 5.3427260071039182 6.5062463115900746 3.0115917753428212 2.9332901965826776 3.5216333456337479 2.5424492303282014 7.7802661694586268 11.177053147926925 19.034902334213257 3.720578718930482 14.767087092623113 3.074382770806551 16.772294964641336 3.8018200788646936 10.755630901083348 4.9347053915262205 4.0205380767583838 5.9695473536849013 5.5472599398344746 10.146784810349343 7.8941850177943707 88.964753676205873 8.0149567872285825 5.6193823963403693 10.360433999449013 46.078042767941952 5.5562355536967507 6.5962650030851355 17.0871801096946
leaf_count=29 205 45 70 38 20 21 30 38 107 56 13 162 19 49 25 49 20 41 15 38 79 38 361 24 28 45 332 26 30 112
internal_value=-0.00015261 -0.00291084 0.000967997 -0.0157059 0.0100018 -0.0105462 0.0177748 0.00247544 -0.0151919 0.00558525 -0.00755872 -0.0128174 -0.0486174 0.000634728 -0.0205867 0.0103561 0.0071321 -0.0222145 0.010959 0.0144094 -0.0176775 -0.0160656 0.0114691 0.00244938 -0.011289 0.0105105 -0.00913944 0.0105333 -0.0142905 0.00205597
internal_weight=401.562 315.785 242.324 73.4611 85.7763 23.5421 62.2342 235.818 35.296 200.522 53.4007 49.6801 12.2189 34.913 6.8762 147.122 128.087 14.7762 113.31 100.482 12.6892 12.8289 94.512 24.1189 16.104 27.1327 61.2421 15.1641 9.60786 20.6088
internal_count=2165 1698 1183 515 467 153 314 1113 188 925 307 294 89 132 44 618 562 90 472 414 109 58 399 81 57 94 426 94 68 133
cat_boundaries=0 1
cat_threshold=1
is_linear=0
shrinkage=0.05


Tree=71
num_leaves=31
num_cat=1
split_feature=4 1 3 5 0 4 8 3 3 2 5 5 6 6 3 0 1 1 0 2 4 4 1 5 4 4 1 5 0 5
split_gain=4.18541 4.70259 4.86641 10.4405 6.92665 5.2389 12.747 4.30681 7.07805 6.14431 4.81421 4.80074 8.85362 4.62987 7.14821 7.97366 4.26042 4.25956 4.19994 4.13878 3.83865 6.37364 3.69311 5.26876 5.26354 4.09755 9.72082 4.7841 5.22446 6.22154
threshold=87.500000000000014 254.50000000000003 74.500000000000014 74.500000000000014 92.500000000000014 46.500000000000007 0 53.500000000000007 57.500000000000007 1.8550000000000002 152.50000000000003 44.500000000000007 205.50000000000003 206.50000000000003 49.500000000000007 69.500000000000014 120.50000000000001 249.50000000000003 139.50000000000003 1.4150000000000003 26.500000000000004 41.500000000000007 111.50000000000001 56.500000000000007 23.500000000000004 62.500000000000007 238.50000000000003 109.50000000000001 81.500000000000014 93.500000000000014
decision_type=2 2 2 2 2 2 1 2 2 2 2 2 2 2 2 2 2 2 2 2 2 2 2 2 2 2 2 2 2 2
left_child=1 7 4 -4 -3 -5 -7 9 10 11 -9 12 20 14 15 16 -13 18 -2 -8 -1 -22 -15 -24 -25 26 27 28 -26 -30
right_child=17 2 3 5 -6 6 19 8 -10 -11 -12 13 -14 22 -16 -17 -18 -19 -20 -21 21 -23 23 24 25 -27 -28 -29 29 -31
leaf_value=0.025023866847849147 -0.068721713187610209 0.027950923401105249 -0.069345359091727524 0.062534805635399912 -0.014687944517278617 0.035464879983762805 -0.033657881275870299 -0.071736369159691477 -0.0060723640185739239 -0.051765436131513964 0.008661841125115104 -0.031957777659980834 -0.052178378285343802 0.0307890892767495 0.059864326951814442 -0.043465759955333347 0.010155030187969517 -0.0030387880237639515 0.011565544082479437 -0.15354338876374163 -0.041052634232010332 0.030695536930837809 -0.021238386011203661 -0.031874050324810999 0.016517233304787819 0.042810539117878972 -0.037359387342538485 0.039935992572959364 -0.066092445239987627 0.0061773852359036756
leaf_weight=10.484994485974314 6.5193642284721136 46.249394852668047 5.3213929161429432 3.878616787493228 11.994985515251754 5.7730332463979721 1.4465227685868725 7.5540182292461378 52.531348152086139 5.3293746002018443 2.4710526987910271 7.7255574241280547 10.807443201541899 18.829412117600441 3.7000848650932303 14.410905642434953 26.977691575884819 12.438247062265873 2.1714188754558563 1.4331851676106451 8.6332867518067342 4.8253851458430281 14.561743887141345 6.8116988688707343 55.704811118543148 10.69677442871034 9.6635498479008657 16.277957879006863 4.5118212960660449 8.7598864808678609
leaf_count=27 101 192 29 10 103 25 24 68 325 61 9 37 106 56 13 162 93 90 7 16 39 15 88 38 186 28 72 49 55 41
internal_value=-0.000148826 0.00106369 0.0121695 -0.0106689 0.0191698 0.0142479 -0.00739685 -0.00174151 -0.0134196 0.00131882 -0.0519192 0.00253102 -0.0146137 0.00553052 -0.00715357 -0.0122025 0.000779974 -0.0218044 -0.0486617 -0.093323 0.0023419 -0.0153285 0.0101246 0.00706056 0.0107259 0.0134734 0.0101673 0.0155544 0.00980051 -0.0183913
internal_weight=398.495 377.366 76.0971 17.8528 58.2444 12.5314 8.65274 301.269 62.5564 238.712 10.0251 233.383 34.7511 198.632 52.8142 49.1142 34.7032 21.129 8.69078 2.87971 23.9437 13.4587 145.818 126.988 112.426 105.615 94.918 85.2545 68.9765 13.2717
internal_count=2165 1967 399 104 295 75 65 1568 402 1166 77 1105 187 918 305 292 130 198 108 40 81 54 613 557 469 431 403 331 282 96
cat_boundaries=0 1
cat_threshold=4
is_linear=0
shrinkage=0.05


Tree=72
num_leaves=31
num_cat=0
split_feature=4 1 3 5 0 4 5 1 0 3 3 2 5 5 6 6 3 0 1 0 4 4 1 5 4 1 4 1 5 0
split_gain=3.83622 4.30914 4.45136 9.40587 6.36872 4.86418 9.76331 4.05547 4.03375 3.89374 6.51002 5.66541 4.46552 4.38533 8.28827 4.21277 6.4945 7.42338 3.8701 3.64727 3.48658 5.7895 3.396 4.49486 4.94426 5.82265 4.07859 7.26711 4.69756 4.88262
threshold=87.500000000000014 254.50000000000003 74.500000000000014 74.500000000000014 92.500000000000014 46.500000000000007 91.500000000000014 249.50000000000003 139.50000000000003 53.500000000000007 57.500000000000007 1.8550000000000002 152.50000000000003 44.500000000000007 205.50000000000003 206.50000000000003 49.500000000000007 69.500000000000014 115.50000000000001 50.500000000000007 26.500000000000004 41.500000000000007 104.50000000000001 60.500000000000007 26.500000000000004 204.50000000000003 62.500000000000007 238.50000000000003 109.50000000000001 53.500000000000007
decision_type=2 2 2 2 2 2 2 2 2 2 2 2 2 2 2 2 2 2 2 2 2 2 2 2 2 2 2 2 2 2
left_child=1 9 4 -4 -3 -5 -7 8 -2 11 12 13 -11 14 20 16 17 18 -15 -20 -1 -22 -17 24 -24 -26 27 28 29 -25
right_child=7 2 3 5 -6 6 -8 -9 -10 10 -12 -13 -14 15 -16 22 -18 -19 19 -21 21 -23 23 26 25 -27 -28 -29 -30 -31
leaf_value=0.023920028499157281 -0.068216339350437916 0.027008099151584711 -0.065670399879852168 0.061037656436624871 -0.013998412600476507 0.036455067798622752 -0.072894397452759552 -0.0028875959215951732 0.011044862566162304 -0.069347177076825056 -0.0057680201391462557 -0.050269173550534507 0.008220924525973507 -0.033516155223193421 -0.051108821321652446 0.032155765454926759 0.057211502792113171 -0.042315874167238407 0.034301342843958166 -0.0039165888856435779 -0.039241846935227365 0.02935709215784417 0.0091746071369504037 0.0264745286769138 -0.064514550849922692 0.019618110980724413 0.040530564771005688 -0.034295073400339229 0.036480798752141108 -0.0016912794586629145
leaf_weight=10.422044366598131 6.246197896078229 45.490399278700352 5.3377775344997671 3.7776542156934729 11.957526000216602 5.1210836768150312 3.3942448496818542 12.435114275664091 2.1603846848011017 7.4268674496561271 52.537790603935719 5.2165243811905375 2.4733437150716782 6.6609880626201621 10.490049790591 15.070159524679182 3.6786237694323054 14.071135574951766 9.3865653574466723 18.638758864253759 8.5814222320914251 4.7939344570040694 10.754082202911379 22.105245903134346 6.9959223922342044 2.9127371348440647 10.645558774471281 9.2251991387456638 16.416297107934952 50.626094289124012
leaf_count=27 101 192 29 10 103 23 42 90 7 68 325 61 9 31 106 42 13 162 24 75 39 15 42 69 60 12 29 69 51 239
internal_value=-0.000144392 0.00101841 0.0117282 -0.0102484 0.0184728 0.0138166 -0.00713208 -0.0210222 -0.0478472 -0.00166964 -0.0127765 0.00126029 -0.0499685 0.00242156 -0.0140825 0.00529133 -0.00685124 -0.0116846 0.000741524 0.0088838 0.00223893 -0.0146549 0.00968996 0.00707923 -0.0143026 -0.039783 0.0111318 0.0079504 0.0123221 0.00686916
internal_weight=395.05 374.208 75.0787 17.6308 57.4479 12.293 8.51533 20.8417 8.40658 299.129 62.438 236.691 9.90021 231.475 34.2875 197.187 52.4361 48.7574 34.6863 28.0253 23.7974 13.3754 144.751 129.681 20.6627 9.90866 109.018 98.3728 89.1476 72.7313
internal_count=2165 1967 399 104 295 75 65 198 108 1568 402 1166 77 1105 187 918 305 292 130 99 81 54 613 571 114 72 457 428 359 308
is_linear=0
shrinkage=0.05


Tree=73
num_leaves=31
num_cat=3
split_feature=4 1 3 4 0 0 8 1 0 0 6 0 0 3 8 2 1 2 3 1 1 0 9 3 0 4 6 1 3 0
split_gain=3.51496 3.94677 4.06981 6.2563 5.8527 4.76544 6.91047 3.8579 3.87518 3.79341 5.8326 3.95372 3.56187 3.32655 5.34694 9.84633 8.01439 7.3827 6.85903 4.80499 6.77609 4.31005 3.4231 5.18733 5.09696 8.35271 4.38648 6.97253 3.80249 7.39984
threshold=87.500000000000014 254.50000000000003 74.500000000000014 42.500000000000007 92.500000000000014 51.500000000000007 0 249.50000000000003 139.50000000000003 20.500000000000004 132.50000000000003 23.500000000000004 26.500000000000004 53.500000000000007 1 1.5150000000000003 179.50000000000003 1.1050000000000002 69.500000000000014 180.50000000000003 247.50000000000003 42.500000000000007 2 49.500000000000007 36.500000000000007 23.500000000000004 206.50000000000003 138.50000000000003 45.500000000000007 77.500000000000014
decision_type=2 2 2 2 2 2 1 2 2 2 2 2 2 2 1 2 2 2 2 2 2 2 9 2 2 2 2 2 2 2
left_child=1 9 4 -4 -3 -5 -7 8 -2 10 -1 -11 -13 22 15 18 -17 -16 -15 -19 -21 -20 23 24 -14 -26 -27 -28 -24 -30
right_child=7 2 3 5 -6 6 -8 -9 -10 11 -12 12 13 14 17 16 -18 19 21 20 -22 -23 28 -25 25 26 27 -29 29 -31
leaf_value=0.0074883860487052912 -0.06771857033435684 0.02608331252073506 0.045287286113429866 -0.088548091495425266 -0.013338916719377049 0.015560858944801815 -0.069345977165276976 -0.002743888959120571 0.010545281159910372 0.03192905172951898 -0.068091963095683175 -0.042035893292172534 0.021873271841831115 -0.085666230468537774 0.039859638098985184 0.045998680288190305 -0.042826232036557457 -0.061549038974304741 0.039410502202063429 0.013939634361680468 -0.052087878024754425 -0.055073573334603304 0.011274678981121994 0.0400032302804256 -0.060978228706328623 -0.029360630459264569 -0.065202884687423121 0.0078884012317136463 -0.047782110574246993 0.0089252112204576389
leaf_weight=4.9443717077374441 5.9841425949707627 44.766874343156815 3.9713861644268063 2.4918954595923415 11.922215331345795 7.4000211097300053 3.5441517066210491 12.432144703343511 2.1498713344335556 9.082782428711651 5.2768875602632761 5.3399303350597611 10.787307387217878 8.3935155887156743 9.0578234102576953 5.7634978443384153 4.5396898612380028 4.2126588374376324 2.2634335421025744 15.230330493301155 5.2166126854717723 2.5859949346631765 108.60444843396544 5.5863778367638579 8.6498543340712768 16.984679630026221 3.5964047610759726 35.181994026526809 8.6507956050336379 17.173231396824121
leaf_count=19 101 192 11 12 103 40 41 90 7 31 52 31 56 111 34 23 35 25 7 62 32 44 436 37 54 130 36 215 38 60
internal_value=-0.000139638 0.000975087 0.011299 -0.00984758 0.0177925 -0.0261441 -0.0119353 -0.0202604 -0.0470329 -0.0015995 -0.0315312 -0.000533139 -0.00159443 -0.000801877 -0.0115121 -0.0297952 0.00686152 0.00125571 -0.0583147 -0.0129241 -0.00290591 -0.0109739 0.00204785 -0.00576818 -0.00993542 -0.0152625 -0.00817113 0.00110973 0.00667737 -0.0100712
internal_weight=391.785 371.219 74.0965 17.4075 56.6891 13.4361 10.9442 20.5662 8.13401 297.123 10.2213 286.901 277.819 272.479 57.2636 23.5461 10.3032 33.7174 13.2429 24.6596 20.4469 4.84943 215.215 80.7866 75.2002 64.4129 55.7631 38.7784 134.428 25.824
internal_count=2165 1967 399 104 295 93 81 198 108 1568 71 1497 1466 1435 373 220 58 153 162 119 94 51 1062 528 491 435 381 251 534 98
cat_boundaries=0 1 2 3
cat_threshold=4 1 12
is_linear=0
shrinkage=0.05


Tree=74
num_leaves=31
num_cat=1
split_feature=5 0 0 2 4 5 0 3 1 3 2 3 8 4 4 6 5 6 0 5 1 3 3 2 3 1 4 4 4 2
split_gain=3.4768 11.4737 8.45116 7.2552 6.48249 7.21601 6.02956 5.67104 7.71775 5.2214 12.5788 5.5756 5.22117 6.85835 5.0496 6.62905 4.70177 4.7933 4.77023 9.6024 6.71212 7.16533 9.37797 6.69508 6.30754 4.57186 4.50975 4.36449 4.1061 4.05488
threshold=86.500000000000014 80.500000000000014 45.500000000000007 1.5850000000000002 29.500000000000004 90.500000000000014 115.50000000000001 78.500000000000014 247.50000000000003 45.500000000000007 1.5250000000000001 69.500000000000014 0 41.500000000000007 56.500000000000007 251.50000000000003 44.500000000000007 205.50000000000003 50.500000000000007 55.500000000000007 205.50000000000003 40.500000000000007 35.500000000000007 1.0850000000000002 26.500000000000004 136.50000000000003 76.500000000000014 23.500000000000004 26.500000000000004 1.1950000000000001
decision_type=2 2 2 2 2 2 2 2 2 2 2 2 1 2 2 2 2 2 2 2 2 2 2 2 2 2 2 2 2 2
left_child=1 3 -2 7 5 -4 25 8 9 16 11 -11 -5 -14 -8 -16 17 28 24 -20 21 22 23 -21 -18 -6 -3 -26 -1 -27
right_child=2 26 4 12 6 -7 14 -9 -10 10 -12 -13 13 -15 15 -17 18 -19 19 20 -22 -23 -24 -25 27 29 -28 -29 -30 -31
leaf_value=0.021980880268332434 -0.061836258443468253 -0.06409435811156125 0.012791451757459682 0.0016696265553780649 -0.040405015157670358 -0.071714147684860674 -0.027530943522804385 -0.030884843932482781 0.030386183190668242 -0.039866892264943915 0.071090920284405321 0.013237095236344152 -0.0018091127311933961 -0.069504539560695855 -0.050041521624180796 0.020077666006339784 -0.015711420267257234 -0.046850491355104468 -0.057488910708716395 -0.051993572165611818 0.047545655971101691 0.040988143118725416 -0.073431301745465319 0.014842779521197955 0.067179704464244525 0.0323818831212647 0.0077410111266950745 0.022580198543847005 -0.023656229435126994 0.011183567471967634
leaf_weight=10.072228997945791 4.5022388324141493 10.504134641960261 4.8779563102871162 10.376544401049614 3.3452239371836177 5.2397453244775534 16.106835613027215 12.240430250763891 24.492484640330076 22.870874477550391 3.5659519359469405 6.3056134674698106 6.0149851106107244 9.8986541293561441 4.0361317954957512 20.444111466407776 9.2422412037849409 7.708026234060525 6.4911524560302487 4.7739909477531972 8.5051180683076364 7.6080294772982588 5.3237702418118706 17.415512770414352 6.6357698440551749 35.870738744735718 2.7585968170315018 31.644102271646261 9.6515888944268209 60.787249982357025
leaf_count=26 27 141 29 46 20 59 131 92 92 160 13 30 26 126 39 105 34 73 40 34 20 24 34 64 12 180 26 104 40 318
internal_value=-0.000136447 -0.00398389 0.00566655 -0.00127119 0.00768312 -0.0309722 0.010465 0.00206034 0.00427235 0.000219521 -0.0175557 -0.0283901 -0.0259244 -0.0439172 -0.00578855 0.0085169 0.00487289 -0.0134168 0.0100114 -0.000750285 0.00769183 -0.00195934 -0.0138353 0.000463182 0.0213608 0.0170616 -0.0491529 0.0303115 -0.000351035 0.0190505
internal_weight=389.31 234.1 155.21 220.837 150.708 10.1177 140.59 194.547 182.306 157.814 32.7424 29.1765 26.2902 15.9136 40.5871 24.4802 125.072 27.4318 97.6397 50.1176 43.6264 35.1213 27.5133 22.1895 47.5221 100.003 13.2627 38.2799 19.7238 96.658
internal_count=2165 1257 908 1090 881 88 793 892 800 708 203 190 198 152 275 144 505 139 366 216 176 156 132 98 150 518 167 116 66 498
cat_boundaries=0 1
cat_threshold=1
is_linear=0
shrinkage=0.05


Tree=75
num_leaves=31
num_cat=1
split_feature=9 3 5 6 5 3 1 1 2 3 0 2 1 1 0 0 3 3 5 0 1 1 5 2 5 0 6 2 6 3
split_gain=2.86683 8.27193 3.63915 10.2076 6.03029 3.99709 5.47152 5.83712 4.11912 4.17549 5.94801 6.63584 5.48041 5.73692 9.90823 4.81625 4.1526 4.33898 4.06897 6.70654 6.0879 5.54411 4.02641 3.98525 4.80292 3.88461 8.85429 3.65811 7.37957 3.44658
threshold=0 42.500000000000007 45.500000000000007 205.50000000000003 17.000000000000004 52.500000000000007 253.50000000000003 237.50000000000003 1.8650000000000004 47.500000000000007 50.500000000000007 1.0150000000000003 136.50000000000003 156.50000000000003 64.500000000000014 72.500000000000014 26.500000000000004 43.500000000000007 104.50000000000001 80.500000000000014 250.50000000000003 213.50000000000003 60.500000000000007 1.5250000000000001 57.500000000000007 67.500000000000014 210.50000000000003 1.135 116.50000000000001 61.500000000000007
decision_type=9 2 2 2 2 2 2 2 2 2 2 2 2 2 2 2 2 2 2 2 2 2 2 2 2 2 2 2 2 2
left_child=2 -2 3 27 -5 8 7 23 9 10 16 -12 22 14 -14 -16 -4 -18 19 21 -20 25 -13 24 -7 -15 -27 -1 -29 -9
right_child=1 -3 5 4 -6 6 -8 29 -10 -11 11 12 13 18 15 -17 17 -19 20 -21 -22 -23 -24 -25 -26 26 -28 28 -30 -31
leaf_value=0.026422057187873445 -0.026730623221344355 0.045849931148047099 -0.011958681591028624 0.02727967169602984 -0.051098980509452441 -0.068267896435897243 0.0061694427365921586 -0.016007625892751186 -0.028183663816194044 0.026116331325605771 -0.053724976613737332 -0.064801143236939238 -0.033226667228710337 0.0036453475478857439 0.081266344145319303 0.022891920231219578 0.031780286134009662 -0.0094375184212757788 0.03213555334878887 -0.040755563730692612 -0.029342855526667488 0.035338917082607529 -0.0069588356142061287 0.016091020041650448 -0.0086170165895898578 0.01268386325275833 -0.083329822414784455 -0.060170658639904888 0.014418980567728876 -0.06313273227435201
leaf_weight=13.160193599760534 5.4395736902952221 14.104371435940264 9.1597787700593454 2.871723139658573 16.872659315355122 3.847721571102741 60.045918105170131 7.1848851591348639 8.0148481354117376 28.377817492932081 5.7275953870266667 4.8955934271216375 4.6064516641199615 20.396401233971122 6.8609953671693784 7.2857234105467796 38.301706299185753 7.6622771844267836 16.82561963796616 12.112046072259544 5.293756552040576 9.380459323525427 7.8056101240217686 14.064771668985484 27.43903717212379 4.8431789539754373 4.7622785493731499 4.8900452330708495 10.301704408600925 8.4348303154110891
leaf_count=38 25 44 36 16 171 38 380 43 79 136 60 29 21 73 12 45 118 28 58 162 42 35 46 77 195 28 32 29 37 88
internal_value=0.00198073 0.0169673 0.000716063 -0.0120968 -0.0396992 0.00264417 -0.00454381 -0.0150945 0.00694381 0.00839284 0.00536152 -0.001316 0.00154098 0.00577551 0.0304639 0.0512028 0.018783 0.0249092 -0.000513885 -0.00821829 0.0174221 0.00178856 -0.0292538 -0.00601528 -0.015953 -0.00870138 -0.0349186 0.00712552 -0.00959055 -0.0414557
internal_weight=390.97 19.5439 371.426 48.0963 19.7444 323.329 121.017 60.9712 202.312 194.297 165.919 110.796 105.068 92.3669 18.7532 14.1467 55.1238 45.964 73.6137 51.4944 22.1194 39.3823 12.7012 45.3515 31.2868 30.0019 9.60546 28.3519 15.1917 15.6197
internal_count=2221 69 2152 291 187 1861 821 441 1040 961 825 643 583 508 78 57 182 146 430 330 100 168 75 310 233 133 60 104 66 131
cat_boundaries=0 1
cat_threshold=6
is_linear=0
shrinkage=0.05


Tree=76
num_leaves=31
num_cat=1
split_feature=7 5 4 0 0 4 0 5 5 3 5 5 0 1 0 1 8 4 4 1 1 5 4 4 5 6 1 6 5 1
split_gain=2.6599 2.64174 8.87691 9.35445 8.25961 6.33362 6.21996 8.80172 5.2072 6.66287 5.00797 4.84183 8.75143 7.35298 4.65809 3.92764 8.19137 4.95604 6.20022 3.89715 6.92548 5.54763 4.7747 4.39021 4.76372 5.96692 5.85734 5.56405 5.31069 5.31103
threshold=0.90000000000000002 86.500000000000014 28.500000000000004 45.500000000000007 72.500000000000014 94.500000000000014 95.500000000000014 103.50000000000001 112.50000000000001 64.500000000000014 90.500000000000014 98.500000000000014 65.500000000000014 158.50000000000003 13.500000000000002 206.50000000000003 0 60.500000000000007 92.500000000000014 253.50000000000003 219.50000000000003 57.500000000000007 81.500000000000014 54.500000000000007 45.500000000000007 208.50000000000003 124.50000000000001 205.50000000000003 55.500000000000007 198.50000000000003
decision_type=2 2 2 2 2 2 2 2 2 2 2 2 2 2 2 2 1 2 2 2 2 2 2 2 2 2 2 2 2 2
left_child=1 4 10 -4 5 14 11 -8 -9 -10 -3 13 -13 -5 -1 -6 17 -17 -19 20 22 -22 23 24 27 -26 -27 -16 29 -28
right_child=-2 2 3 6 15 -7 7 8 9 -11 -12 12 -14 -15 19 16 -18 18 -20 -21 21 -23 -24 -25 25 26 28 -29 -30 -31
leaf_value=-0.046947586298364929 0.042176863964576407 0.00063565135992482463 -0.06909972973807689 0.073107835366449089 -0.04821038474782538 -0.050737386182359484 -0.045858121811046919 0.036469302386732662 0.0083537733545477107 -0.043285605315124834 -0.073147213969632155 -0.06093621960056992 0.016589933147224359 0.021880423690786948 0.0019240746306560183 0.036418738221942831 -0.075991483708952173 -0.074710581795182529 0.034944423499974946 0.022154000126766764 0.0055661728187143857 -0.080848564418679034 0.053661746330981065 -0.022726229395896014 -0.0058512900741789255 0.040240776697115323 -0.045156091335570109 -0.043197539274426197 0.01897987489718066 0.026385003885976199
leaf_weight=4.5341929532587519 4.055127501487731 4.1002325955778343 3.6858518887311211 8.5349105857312662 12.455628231167795 5.612065232358872 8.929553432390092 12.211606929078696 36.841526053845882 7.5218868926167479 5.2374779339879751 4.2732688672840622 24.570552162826061 39.073909588158131 22.866699665784836 7.0129927825182676 3.6980453208088848 3.011257728561759 2.254074614495039 26.416588600724936 3.1746267024427643 4.4756462872028351 4.64608060568571 15.818435396067796 36.640896547585726 22.201871410012245 7.5241481587290746 9.743397254496811 33.052150275558233 3.9593578726053238
leaf_count=38 26 27 24 22 173 80 103 69 206 91 61 23 115 198 76 35 41 40 12 99 21 29 23 120 148 68 51 88 103 11
internal_value=0.00189404 0.00146873 0.00651042 0.00954038 -0.00194189 0.00163171 0.0115822 0.000275287 0.00755678 -0.000401765 -0.0407488 0.02127 0.00510428 0.031064 0.00313847 -0.0271635 -0.0107547 0.00889363 -0.0277676 0.00433047 0.00146132 -0.0449891 0.00373266 0.00220457 0.00510457 0.0103605 0.0192613 -0.0115576 0.00880266 -0.0204897
internal_weight=388.134 384.079 154.981 145.643 229.098 200.666 141.957 65.5046 56.575 44.3634 9.33771 76.4526 28.8438 47.6088 195.054 28.432 15.9764 12.2783 5.26533 190.52 164.103 7.65027 156.453 151.807 135.989 103.378 66.7375 32.6101 44.5357 11.4835
internal_count=2221 2195 939 851 1256 955 827 469 366 297 88 358 138 220 875 301 128 87 52 837 738 50 688 665 545 381 233 164 165 62
cat_boundaries=0 1
cat_threshold=4
is_linear=0
shrinkage=0.05


Tree=77
num_leaves=31
num_cat=2
split_feature=9 3 4 0 0 3 0 0 6 4 4 0 1 1 0 0 4 0 3 8 1 6 2 3 3 4 3 0 0 0
split_gain=2.63064 7.5562 2.70993 3.32748 2.25838 2.18564 3.64954 6.5076 6.36329 3.83768 2.87502 6.72405 6.07469 5.63831 2.99004 6.5942 3.58026 6.6237 5.47703 5.65763 4.36618 3.83558 3.81791 3.77461 5.87598 3.70596 3.69939 5.13552 3.56964 7.42482
threshold=0 42.500000000000007 115.50000000000001 78.500000000000014 13.500000000000002 26.500000000000004 34.500000000000007 52.500000000000007 167.50000000000003 23.500000000000004 24.500000000000004 55.500000000000007 76.500000000000014 186.50000000000003 21.500000000000004 24.500000000000004 51.500000000000007 39.500000000000007 39.500000000000007 1 254.50000000000003 168.50000000000003 1.7550000000000001 66.500000000000014 64.500000000000014 62.500000000000007 41.500000000000007 185.50000000000003 53.500000000000007 62.500000000000007
decision_type=9 2 2 2 2 2 2 2 2 2 2 2 2 2 2 2 2 2 2 1 2 2 2 2 2 2 2 2 2 2
left_child=2 -2 4 -4 -1 6 -6 -8 -9 -10 11 -7 -12 -13 -14 -16 28 21 20 22 -19 -18 23 24 25 -20 -21 -28 -17 -30
right_child=1 -3 3 -5 5 10 7 8 9 -11 12 13 14 -15 15 16 17 18 19 26 -22 -23 -24 -25 -26 -27 27 -29 29 -31
leaf_value=-0.031284393521763043 -0.025178854134983761 0.044770660157739617 -0.067369019702567534 0.009543060211082555 0.014785115233988325 0.040520870619310395 -0.065191870912556057 -0.062045598480381714 -0.026347499895939725 0.035306511417854507 -0.057583251516215551 -0.075505215503183107 -0.037725774529241148 0.021001446076606079 0.057692650621463552 0.015620239220846432 0.012126564345168402 -0.058000544646282737 -0.048696031197135697 0.059856335352197559 0.014269064338878423 -0.069584041371458571 0.043011093500594462 -0.056477183664100067 0.058362200366031527 0.0041627819663835062 0.012369192878730466 -0.044345638357012773 -0.024456570318909954 0.0069425835542513527
leaf_weight=5.2857478018850079 5.392903201282027 13.589397780597208 3.1995107857510439 2.509052861481905 9.3910321462899464 13.840972047299148 6.3119547776877907 3.6345589421689501 3.8467742819339019 7.3399378452450037 4.2693050345405927 2.7522760778665534 4.5536823999136677 3.3625133726745844 5.429996936582028 64.877155479043722 1.8957877159118641 7.0826962441205961 7.176848899573093 3.6398417130112639 2.964746031910181 5.9242277182638645 2.3512875251471987 6.3777961693704119 2.5647991988807908 6.1638192925602198 49.1324278768152 4.3443835582584134 23.062161836773157 102.53221124596894
leaf_count=43 25 44 50 25 39 35 45 36 37 57 28 27 30 15 21 236 6 64 76 10 18 68 15 113 14 43 247 39 113 602
internal_value=0.00181342 0.0163072 0.000599186 -0.0335643 0.0011574 0.00164068 -0.0111503 -0.0226753 -0.00456868 0.0141055 0.00284461 0.0212297 0.0016391 -0.0224363 0.00248169 0.00310125 0.00207939 -0.00560139 -0.00183838 0.00244321 -0.0366756 -0.0497751 -0.0175853 -0.0239793 -0.0109483 -0.0242736 0.0110816 0.00776176 0.00609652 0.00117694
internal_weight=384.8 18.9823 365.818 5.70856 360.109 354.823 30.5243 21.1332 14.8213 11.1867 324.299 19.9558 304.343 6.11479 300.074 295.52 290.09 99.6187 91.7986 81.7512 10.0474 7.82002 24.6346 22.2833 15.9055 13.3407 57.1167 53.4768 190.472 125.594
internal_count=2221 69 2152 75 2077 2034 214 175 130 94 1820 77 1743 42 1715 1685 1664 713 639 557 82 74 261 246 133 119 296 286 951 715
cat_boundaries=0 1 2
cat_threshold=6 1
is_linear=0
shrinkage=0.05


Tree=78
num_leaves=31
num_cat=1
split_feature=7 9 3 5 6 0 2 4 6 2 2 6 1 0 2 4 1 5 1 5 5 4 5 3 4 2 4 1 5 1
split_gain=2.45657 2.41201 8.92407 2.74362 8.91508 6.03418 6.57257 3.76062 4.89856 7.166 5.67769 6.17565 5.15355 5.20341 5.05702 4.90699 4.53468 4.58518 6.44244 5.29588 5.57315 5.08793 3.73884 3.67601 3.54014 4.78418 4.37232 4.13698 3.74952 3.41782
threshold=0.90000000000000002 0 43.500000000000007 45.500000000000007 205.50000000000003 29.500000000000004 1.1850000000000003 65.500000000000014 206.50000000000003 1.0550000000000004 1.0750000000000004 192.50000000000003 121.50000000000001 43.500000000000007 1.135 49.500000000000007 132.50000000000003 164.50000000000003 248.50000000000003 142.50000000000003 127.50000000000001 63.500000000000007 51.500000000000007 43.500000000000007 40.500000000000007 1.1150000000000004 36.500000000000007 167.50000000000003 111.50000000000001 133.50000000000003
decision_type=2 9 2 2 2 2 2 2 2 2 2 2 2 2 2 2 2 2 2 2 2 2 2 2 2 2 2 2 2 2
left_child=1 3 -3 4 -1 6 -6 8 9 -5 -11 14 22 23 -12 29 -15 19 -19 20 21 24 -10 -14 26 -26 27 -18 -28 -16
right_child=-2 2 -4 7 5 -7 -8 -9 12 10 11 -13 13 16 15 -17 17 18 -20 -21 -22 -23 -24 -25 25 -27 28 -29 -30 -31
leaf_value=0.0068687753646764736 0.041346758782335735 -0.02758040055774047 0.049420127222645861 -0.04697494181731296 -0.080398475898621424 -0.064181786737500038 0.017642665287282863 -0.010584846199419684 0.0577743248591613 0.052116702926203434 -0.04510290385614827 -0.054546628751068499 -0.0027700839193259552 -0.048041227166137512 -0.016674849891724859 -0.037008065164407015 0.029131230783445507 0.032158549169362477 -0.060212055121168999 0.053131623990768366 -0.047858914903229598 0.060796193163124457 0.014683379446363663 -0.046873558412717842 0.021719323022909649 -0.0083216867474235449 0.021216543204641232 0.00025300100934949214 0.068583444466216045 0.02909525524457493
leaf_weight=27.969381293281913 3.8735026866197577 5.5404303744435337 11.728072129189966 10.166971717029808 2.304037047550084 10.021285362541674 6.6242780601605773 50.67524351645261 8.0980857517570275 4.6091587245464316 4.9241582397371522 5.7225136980414382 13.08155362121761 3.534255960956215 5.2318259477615419 4.6805214472115031 18.209097282961011 2.9374510794877988 5.2818885575979948 7.1557851117104283 4.1746559869498006 4.9043842647224656 13.303730815649031 7.3958177473396054 18.651422282680869 45.790497802197933 12.239099523052575 38.885781491175294 6.3433632217347613 18.506099039688706
leaf_count=104 26 25 36 92 23 114 50 413 23 20 38 48 54 22 30 30 73 9 58 30 38 22 53 41 100 299 62 192 15 81
internal_value=0.00173058 0.00132535 0.0156516 0.000202207 -0.011071 -0.0375499 -0.00765779 0.00189042 0.00428663 -0.00916832 -0.000367282 -0.00655969 0.00773652 0.00509776 0.0016762 0.00978177 0.00799647 0.00919989 -0.0272004 0.0111134 0.00909815 0.0107377 0.0309883 -0.0186989 0.00898559 0.000373081 0.0163195 0.00946305 0.0373858 0.0190075
internal_weight=382.564 378.691 17.2685 361.422 46.919 18.9496 8.92832 314.503 263.828 53.8412 43.6743 39.0651 209.987 188.585 33.3426 28.4184 168.108 164.573 8.21934 156.354 149.198 145.024 21.4018 20.4774 140.119 64.4419 75.6773 57.0949 18.5825 23.7379
internal_count=2221 2195 61 2134 291 187 73 1843 1430 339 247 227 1091 1015 179 141 920 898 67 831 801 763 76 95 741 399 342 265 77 111
cat_boundaries=0 1
cat_threshold=6
is_linear=0
shrinkage=0.05


Tree=79
num_leaves=31
num_cat=0
split_feature=7 5 4 0 0 4 4 0 5 2 5 0 5 5 3 2 1 1 4 4 1 4 1 6 5 6 3 1 0 1
split_gain=2.30608 2.21228 7.89701 7.95012 7.64412 6.42026 6.039 5.68038 7.99998 6.05247 4.88721 5.50818 4.78328 4.46354 6.01036 4.13411 4.28422 4.21495 4.73272 3.99474 3.93757 3.82829 3.2503 4.35565 3.24216 5.41749 4.03722 3.22112 4.02648 5.34491
threshold=0.90000000000000002 86.500000000000014 28.500000000000004 45.500000000000007 78.500000000000014 92.500000000000014 94.500000000000014 95.500000000000014 103.50000000000001 1.0950000000000004 98.500000000000014 68.500000000000014 90.500000000000014 112.50000000000001 64.500000000000014 1.7350000000000001 200.50000000000003 253.50000000000003 81.500000000000014 30.500000000000004 223.50000000000003 47.500000000000007 210.50000000000003 248.50000000000003 41.500000000000007 167.50000000000003 25.500000000000004 169.50000000000003 76.500000000000014 248.50000000000003
decision_type=2 2 2 2 2 2 2 2 2 2 2 2 2 2 2 2 2 2 2 2 2 2 2 2 2 2 2 2 2 2
left_child=1 4 12 -4 6 -6 15 9 -9 -5 27 -12 -3 21 -15 17 -17 18 19 24 -16 -10 -21 -24 25 -1 -26 -11 -29 -30
right_child=-2 2 3 7 5 -7 -8 8 13 10 11 -13 -14 14 20 16 -18 -19 -20 22 -22 -23 23 -25 26 -27 -28 28 29 -31
leaf_value=0.012533760479321067 0.040723102454143317 0.0011492579480568421 -0.063586588971903682 0.043840751880621934 -0.050240140900496069 0.045996143539242904 -0.049826741533802621 -0.045007833568222383 0.057098851100319571 0.053852760330843276 -0.047553292621452165 0.0087522789837085942 -0.072065701919783648 0.0076333982794267001 0.016353643417187869 -0.057998708381756352 -0.00077229027272326185 0.023267700510150549 0.051339544625377764 -0.0041888053520395159 -0.064958100011008241 -0.00022995478911530651 0.0040867352075806404 -0.066460167345932464 -0.01211700992686697 -0.049490298269863314 0.02104933528902091 0.031936015672831677 -0.052050085521831491 0.019098186012443535
leaf_weight=8.780352018773554 3.7395979501307002 4.0245544109493476 3.6976425144821397 19.692138751968741 12.538756329566239 2.0110203605145207 5.7876224983483544 8.6300780568271858 7.1246159486472589 6.9044047445058814 6.0460622981190708 15.425124062225221 5.0052673052996397 36.312242610380054 2.0757623445242634 5.6475494448095542 7.770480627194047 24.384962439537048 4.5428485870361319 82.679952494800091 5.2661355417221785 4.9250884205102921 3.8538695834577066 5.0615170132368803 11.604624677449463 5.8771199360489836 43.83270407654345 15.776982299983503 4.1801233235746604 7.1630050800740719
leaf_count=26 26 27 24 80 184 11 87 103 21 24 34 77 61 206 14 69 38 93 26 426 77 48 24 38 57 43 134 67 39 37
internal_value=0.00165261 0.00126467 0.00591673 0.00877605 -0.001892 -0.0369387 0.000538244 0.0106938 -0.000212833 0.020026 0.0115756 -0.00710278 -0.0394341 0.00672716 -0.000708892 0.00196688 -0.0248585 0.00385518 0.00100753 -0.000406601 -0.041969 0.0336668 -0.0072817 -0.0359647 0.00857733 -0.0123357 0.0141067 0.0233626 0.0156002 -0.00712108
internal_weight=380.362 376.623 152.249 143.219 224.373 14.5498 209.824 139.522 64.3339 75.1878 55.4957 21.4712 9.02982 55.7038 43.6541 204.036 13.418 190.618 166.233 161.69 7.3419 12.0497 91.5953 8.91539 70.0948 14.6575 55.4373 34.0245 27.1201 11.3431
internal_count=2221 2195 939 851 1256 195 1061 827 469 358 278 111 88 366 297 974 107 867 774 748 91 69 488 62 260 69 191 167 143 76
is_linear=0
shrinkage=0.05


Tree=80
num_leaves=31
num_cat=2
split_feature=2 1 5 4 1 1 5 0 1 5 0 1 0 0 2 1 4 3 0 0 3 1 0 3 8 8 0 3 7 0
split_gain=3.80053 4.50433 5.41905 3.96594 3.65826 11.8468 6.74877 5.27446 4.93787 3.67575 3.58706 3.37757 3.3323 5.25308 3.27163 6.61248 6.40756 6.79103 5.62976 8.02312 4.65861 4.15533 3.7335 5.22405 7.52995 5.67566 5.81913 6.59853 11.3355 8.50881
threshold=1.0950000000000004 82.500000000000014 24.500000000000004 26.500000000000004 194.50000000000003 141.50000000000003 76.500000000000014 74.500000000000014 136.50000000000003 57.500000000000007 22.500000000000004 166.50000000000003 95.500000000000014 43.500000000000007 1.1850000000000003 168.50000000000003 41.500000000000007 27.500000000000004 107.50000000000001 97.500000000000014 26.500000000000004 149.50000000000003 53.500000000000007 37.500000000000007 0 1 61.500000000000007 58.500000000000007 0.5505000000000001 81.500000000000014
decision_type=2 2 2 2 2 2 2 2 2 2 2 2 2 2 2 2 2 2 2 2 2 2 2 2 1 1 2 2 2 2
left_child=4 3 -3 -2 5 8 11 -8 9 -1 -4 -7 13 -6 15 21 17 -17 19 -18 -16 -12 -22 24 -24 26 -25 28 -28 -29
right_child=1 2 10 -5 12 6 7 -9 -10 -11 14 -13 -14 -15 20 16 18 -19 -20 -21 22 -23 23 25 -26 -27 27 29 -30 -31
leaf_value=0.027675630600534726 0.016742292078284721 0.041807420011436697 -0.043608969350143204 -0.06553397634443528 -0.0088250101617503973 -0.02148797639623988 0.023294922343581399 -0.034846719601668207 0.069556514409786899 -0.013529977010200893 -0.0076535217182794203 -0.077949119254370647 0.0024715782193094238 0.043292968591679408 -0.040206175860239161 0.0010540715327243334 -0.01647234100148608 -0.094282241648780477 -0.068975826469811694 0.069421208443028515 0.016755874691146522 0.037329701710696897 0.018288518290482017 -0.056787401253893414 -0.045587678803546937 0.015914957242947957 -0.05703533905057382 -0.064237863687533259 0.032043543494265428 0.00084348377301660029
leaf_weight=19.844884535297755 2.1583479717373839 8.4337474182248098 4.4154057018458834 4.5571579672396183 6.0456229606643346 5.0806468613445777 9.8618913553655165 6.4531430508941403 5.2105079740285865 7.4417504612356415 12.173243001103403 5.5337872691452503 12.872867349535225 24.140215141698718 5.60589725524187 2.8084688652306813 12.26989900134504 5.5776212401688099 3.3316897656768552 3.4925761222839347 57.04545874428004 8.878010558895765 7.2831503115594387 5.1695434860885134 12.58809049241245 61.633013935759664 4.3120485525578287 7.4553649183362749 20.79094598069787 15.388529941439627
leaf_count=72 7 31 33 50 28 36 34 87 13 45 68 45 93 107 53 20 96 43 50 16 250 39 38 31 114 310 85 60 64 135
internal_value=0.00449557 0.00133722 0.00238686 -0.0390906 0.0126736 0.00463247 -0.0198914 0.000297954 0.0249547 0.0164378 0.00105817 -0.0509237 0.0237714 0.0328548 0.00186054 -0.00976945 -0.025923 -0.0623545 -0.00992246 0.00255955 0.00472167 0.0113174 0.00603573 0.00149307 -0.022176 0.00559185 -0.00638645 -0.00095231 0.0167421 -0.0203966
internal_weight=367.854 265.368 258.653 6.71551 102.485 59.4266 26.9295 16.315 32.4971 27.2866 250.219 10.6144 43.0587 30.1858 245.804 48.5315 27.4803 8.38609 19.0942 15.7625 197.272 21.0513 191.666 134.621 19.8712 114.749 53.1164 47.9469 25.103 22.8439
internal_count=2153 1593 1536 57 560 332 202 121 130 117 1505 81 228 135 1472 332 225 63 162 112 1140 107 1087 837 152 685 375 344 149 195
cat_boundaries=0 1 2
cat_threshold=1 1
is_linear=0
shrinkage=0.05


Tree=81
num_leaves=31
num_cat=0
split_feature=2 1 5 6 6 5 0 1 4 0 2 1 4 3 0 0 3 1 1 1 4 4 3 4 2 7 3 4 0 3
split_gain=3.45677 4.17586 4.94013 4.09973 6.65599 7.22908 5.73576 5.29711 3.76794 3.25752 2.97886 6.04665 5.98917 6.49826 5.34085 7.28506 4.28241 3.78532 3.47157 6.52511 3.40869 6.19016 4.92455 3.90862 8.49583 4.02501 6.69472 3.87242 3.41989 4.74332
threshold=1.0950000000000004 82.500000000000014 24.500000000000004 141.50000000000003 187.50000000000003 44.500000000000007 42.500000000000007 122.50000000000001 26.500000000000004 22.500000000000004 1.1850000000000003 168.50000000000003 41.500000000000007 27.500000000000004 107.50000000000001 97.500000000000014 26.500000000000004 149.50000000000003 125.50000000000001 145.50000000000003 39.500000000000007 32.500000000000007 46.500000000000007 41.500000000000007 1.5050000000000001 0.5505000000000001 73.500000000000014 73.500000000000014 51.500000000000007 105.50000000000001
decision_type=2 2 2 2 2 2 2 2 2 2 2 2 2 2 2 2 2 2 2 2 2 2 2 2 2 2 2 2 2 2
left_child=3 8 -3 7 6 -6 -5 -1 -2 -4 11 17 13 -13 15 -14 -12 -11 -18 -20 21 22 -21 24 -22 28 -27 -28 -25 -30
right_child=1 2 9 4 5 -7 -8 -9 -10 10 16 12 14 -15 -16 -17 18 -19 19 20 23 -23 -24 25 -26 26 27 -29 29 -31
leaf_value=0.002544449758902043 0.015914457461844639 0.040093073173931459 -0.041685330101071123 0.021056220006514456 -0.04843938853847117 0.016581217066586388 -0.06130374571556893 0.063988737773566062 -0.064810378800896754 -0.007269274159563229 -0.039027400329872411 0.0010012088094065292 -0.015612041535502065 -0.092800109931225505 -0.06849962077501516 0.066449792886891998 0.025706785704107161 0.035765611443046207 -0.027882580667045426 0.0091647030189647132 -0.072385385262799848 0.033867159986439445 -0.048595296493934459 0.01583123974698172 0.02991337607139298 0.019132848627311256 -0.036127468578862121 0.01978470485263779 -0.038688946767114304 0.018951022222762404
leaf_weight=6.2543286830186826 2.1571213901042929 8.3566583022475225 4.3888949938118449 3.2770337946712953 4.5378751251846543 73.752690472640097 5.9562775734812021 7.9870953448116779 4.3820746652781963 12.175806412473323 5.4894581343978635 2.8089034240692872 12.297992063686253 5.3881743364036083 3.1906797103583804 3.4669658970087758 19.583884125575423 8.8048543240874988 15.116183198057113 24.084156123921279 5.0749081987887603 26.605021856725216 4.3579518347978583 7.5902739716693786 3.3821930065751076 51.38636128231883 10.213894136250017 4.4442323800176373 13.955945531837644 4.795746778137981
leaf_count=24 7 31 33 11 41 385 75 24 50 68 53 20 96 43 50 16 89 39 96 111 37 100 19 55 14 220 50 15 245 36
internal_value=0.00429858 0.00127576 0.00227987 0.0121255 0.00807731 0.0128125 -0.032073 0.0370046 -0.0381812 0.0010088 0.00177608 -0.00936953 -0.0249474 -0.0606571 -0.00950524 0.00243467 0.00451208 0.010791 0.00576612 0.00348249 0.00652386 0.016531 0.00031461 0.00106128 -0.0314737 0.00403955 0.0106306 -0.0191753 -0.0124855 -0.0239475
internal_weight=365.264 263.498 256.959 101.765 87.5239 78.2906 9.23331 14.2414 6.5392 248.602 244.214 48.1334 27.1527 8.19708 18.9556 15.765 196.08 20.9807 190.591 171.007 155.891 55.0471 28.4421 100.844 8.4571 92.3865 66.0445 14.6581 26.342 18.7517
internal_count=2153 1593 1536 560 512 426 86 48 57 1505 1472 332 225 63 162 112 1140 107 1087 998 902 230 130 672 51 621 285 65 336 281
is_linear=0
shrinkage=0.05


Tree=82
num_leaves=31
num_cat=0
split_feature=2 1 5 6 1 1 5 0 1 0 1 0 0 2 1 1 0 3 2 0 5 1 1 3 3 7 0 0 3 5
split_gain=3.13615 3.87152 4.50185 3.73573 6.35588 7.41134 6.53038 5.92604 4.88462 3.7519 3.38183 5.97634 5.20383 3.30041 3.16318 6.53559 2.95803 2.91474 2.71233 5.60271 7.28914 5.02158 4.121 4.35588 3.93558 3.75309 3.53346 3.25892 4.86017 6.77241
threshold=1.0950000000000004 82.500000000000014 24.500000000000004 141.50000000000003 194.50000000000003 141.50000000000003 76.500000000000014 74.500000000000014 122.50000000000001 29.500000000000004 209.50000000000003 43.500000000000007 91.500000000000014 1.0550000000000004 135.50000000000003 111.50000000000001 22.500000000000004 44.500000000000007 1.1850000000000003 108.50000000000001 109.50000000000001 168.50000000000003 213.50000000000003 27.500000000000004 26.500000000000004 0.5505000000000001 74.500000000000014 53.500000000000007 39.500000000000007 56.500000000000007
decision_type=2 2 2 2 2 2 2 2 2 2 2 2 2 2 2 2 2 2 2 2 2 2 2 2 2 2 2 2 2 2
left_child=3 -2 -3 8 5 14 9 -8 -1 -7 -6 -12 13 -13 15 -5 -4 -14 19 20 21 -18 23 -23 -20 -24 -25 -26 -29 -30
right_child=1 2 16 4 10 6 7 -9 -10 -11 11 12 17 -15 -16 -17 18 -19 24 -21 -22 22 25 26 27 -27 -28 28 29 -31
leaf_value=0.0024177646820288459 -0.037291411090328672 0.038437500500085764 -0.039841648878322485 0.026492692380981134 0.045491932137904895 0.0026224725332478194 0.021086274980739939 -0.043579975997186708 0.061591090531692566 -0.072386387616530809 -0.04737985637283712 0.015753724598818564 0.039674011582111091 0.063142408681771997 0.055212560239407453 -0.045533528243538547 0.0078474565335912832 -0.015973660821595039 -0.037870347886097229 -0.06794500573321606 0.062796832056157978 0.0030821317111147223 -0.045874376834007941 -0.099115142248448598 0.015568467065578099 0.015701469798080667 -0.026375314523270538 -0.01829750167190251 -0.070512622888678905 0.0079716553371137859
leaf_weight=6.2529740035533887 6.3678661668673149 8.2826936766505224 4.3630660269409409 11.545350432395937 11.006447039544581 2.1414939798414725 9.4516511373221856 5.6670335000380865 7.885736770927906 7.5258993078023195 3.5954185100272325 6.8080161884427088 3.119231365621089 7.9817843902856112 4.2945396918803445 4.3309886474162331 19.693169109523296 9.5809265393763763 5.3772138264030209 3.7157013984397045 3.7365046534687272 2.7007277850061673 3.8380194809287769 4.4030639491975307 56.504339798353612 6.9661498814821243 2.6892192699015141 25.695074156858027 2.8228142959997049 104.60524573177099
leaf_count=24 57 31 33 45 42 10 33 85 24 69 21 38 14 31 10 35 100 79 53 57 10 17 51 38 250 33 26 192 38 607
internal_value=0.00410767 0.00121794 0.00217812 0.0115831 0.00771124 -0.00536182 -0.0236756 -0.00315299 0.0354211 -0.0557706 0.0216742 0.013241 0.0211696 0.0413285 0.0171423 0.00684429 0.000962768 -0.00230627 0.00169617 -0.00898537 -0.0040094 -0.010205 -0.0274651 -0.0509563 0.00431131 -0.00617243 -0.071534 0.00550745 0.00123703 0.00590938
internal_weight=362.948 261.761 255.393 101.187 87.0488 44.957 24.7861 15.1187 14.1387 9.66739 42.0918 31.0854 27.49 14.7898 20.1709 15.8763 247.11 12.7002 242.747 47.7426 44.0269 40.2903 20.5972 9.79301 195.005 10.8042 7.09228 189.627 133.123 107.428
internal_count=2153 1593 1536 560 512 287 197 118 48 79 225 183 162 69 90 80 1505 93 1472 332 275 265 165 81 1140 84 64 1087 837 645
is_linear=0
shrinkage=0.05


Tree=83
num_leaves=31
num_cat=0
split_feature=2 3 6 2 1 4 5 0 3 1 6 3 3 1 1 2 5 3 4 3 3 1 5 1 0 1 0 5 6 1
split_gain=2.94283 6.91362 2.52759 4.22618 5.10097 3.50003 2.59937 7.50567 3.85275 4.61989 2.95582 4.37445 4.73199 5.063 3.9507 6.64037 4.67235 6.0731 3.23772 2.82703 8.05487 2.73997 5.34803 3.86307 4.44111 5.0051 4.21223 6.03617 7.33155 5.65319
threshold=2.2400000000000007 87.500000000000014 126.50000000000001 1.1450000000000002 110.50000000000001 38.500000000000007 46.500000000000007 39.500000000000007 46.500000000000007 180.50000000000003 206.50000000000003 55.500000000000007 49.500000000000007 136.50000000000003 141.50000000000003 1.135 67.500000000000014 40.500000000000007 40.500000000000007 39.500000000000007 53.500000000000007 122.50000000000001 51.500000000000007 145.50000000000003 43.500000000000007 194.50000000000003 95.500000000000014 104.50000000000001 252.50000000000003 252.50000000000003
decision_type=2 2 2 2 2 2 2 2 2 2 2 2 2 2 2 2 2 2 2 2 2 2 2 2 2 2 2 2 2 2
left_child=2 -2 3 5 -5 -1 7 19 9 -9 11 12 13 -8 -15 18 -17 -18 -16 -4 -21 22 -12 -23 25 -25 -26 -28 -29 -30
right_child=1 -3 6 4 -6 -7 10 8 -10 -11 21 -13 -14 14 15 16 17 -19 -20 20 -22 23 -24 24 26 -27 27 28 29 -31
leaf_value=0.017814087154433483 -0.064838826039877631 0.023810407354396587 0.01997086198057911 -0.034751276033011876 0.020362898076607343 0.068200303261218884 -0.063634827479868525 -0.058130264188733433 -0.08280458775255542 0.015423014511924009 0.050279468741446343 -0.06285046362458091 0.051733848874478378 0.055770030066894162 -0.063007502470005222 0.029276176536063514 -0.067721464881187951 0.024553644903278958 0.019296783788549831 -0.076741042911468049 0.015551125521907931 -0.017721047304615534 0.0033967159065630276 -0.0579367701047315 0.014682988026516301 0.00066941056522124031 -0.039733406583854131 -0.034914965233128543 0.032984875991842896 -0.0047834809688305458
leaf_weight=8.4759814217686635 4.8354783449321967 4.0343064777553082 15.450727421790363 6.2387367729097631 12.835828298702834 5.8084764108061782 3.7218077965080729 4.3911451594904047 3.8143277885392299 4.1548033449798822 10.32124604471028 3.3040508367121211 3.5891498494893304 2.7128527425229576 6.110132364556196 10.9689037501812 3.6547513604164115 3.4819257985800505 1.4853917285799978 3.4321368653327209 7.5971993077546358 16.931867665611207 14.812854420393704 5.2254010662436512 123.42197824642062 12.030492325313388 8.8275461765006167 9.2417466798797232 20.28439018689096 19.36801871843636
leaf_count=31 42 15 78 40 56 16 28 45 35 24 27 37 14 14 85 32 49 16 11 35 49 103 73 35 647 57 128 81 62 188
internal_value=0.00392592 -0.0245179 0.00464327 0.0177374 0.00233665 0.0383026 0.00327111 -0.00884902 -0.0410203 -0.0223707 0.0049554 -0.00780768 -0.002717 -0.00879846 -0.00161571 -0.007673 0.00878825 -0.0227012 -0.046912 0.00616779 -0.0131686 0.00702692 0.022649 0.00520347 0.0071599 -0.0170776 0.00946879 -0.00168034 0.00518991 0.0145371
internal_weight=360.564 8.86978 351.694 33.359 19.0746 14.2845 318.335 38.8403 12.3603 8.54595 279.495 39.029 35.7249 32.1358 28.414 25.7011 18.1056 7.13668 7.59552 26.4801 11.0293 240.466 25.1341 215.331 198.4 17.2559 181.144 57.7217 48.8942 39.6524
internal_count=2153 57 2096 143 96 47 1953 266 104 69 1687 286 249 235 207 193 97 65 96 162 84 1401 100 1301 1198 92 1106 459 331 250
is_linear=0
shrinkage=0.05


Tree=84
num_leaves=31
num_cat=2
split_feature=2 1 5 4 2 4 0 0 5 0 2 0 5 1 4 3 3 0 3 8 8 0 7 3 2 1 2 3 6 6
split_gain=2.87346 3.51008 4.06145 3.59956 3.38922 3.91196 4.30988 6.57122 6.14531 2.6557 2.44002 5.34634 6.54121 4.62939 4.00039 6.14095 3.55942 3.08245 4.31169 6.78467 4.95314 4.97709 5.78435 8.62617 8.11029 7.26324 4.47912 3.98287 6.73241 4.58263
threshold=1.0950000000000004 82.500000000000014 24.500000000000004 26.500000000000004 1.0550000000000004 27.500000000000004 93.500000000000014 38.500000000000007 149.50000000000003 22.500000000000004 1.1850000000000003 108.50000000000001 109.50000000000001 168.50000000000003 41.500000000000007 27.500000000000004 26.500000000000004 53.500000000000007 37.500000000000007 0 1 61.500000000000007 0.5505000000000001 58.500000000000007 2.3000000000000003 254.50000000000003 1.2650000000000003 39.500000000000007 200.50000000000003 240.50000000000003
decision_type=2 2 2 2 2 2 2 2 2 2 2 2 2 2 2 2 2 2 2 1 1 2 2 2 2 2 2 2 2 2
left_child=4 3 -3 -2 -1 -6 7 -7 -8 -4 11 12 13 -11 15 -15 -12 27 19 -19 21 -20 24 -24 -23 -25 -21 29 -29 -18
right_child=1 2 9 -5 5 6 8 -9 -10 10 16 -13 -14 14 -16 -17 17 18 20 26 -22 22 23 25 -26 -27 -28 28 -30 -31
leaf_value=0.0037361836469845854 0.016390757562795604 0.036514446469827731 -0.038192544459135822 -0.063804963089882538 -0.023864921837716536 -0.01652349125918617 -0.050599771443974331 0.049470969569879397 0.038874539980332641 0.0074804391528676215 -0.036779215615088304 -0.067859297748602138 0.060000378087265993 0.0021891753573963272 -0.010213710453282367 -0.093331405800998912 0.057710105571032157 0.017951658761663134 -0.053078565429438646 0.0067218437455298973 0.014310940899421641 -0.055065947924556408 0.029818379581331433 -0.069083832527032235 0.051970469858790051 0.003815615873231737 -0.061743414534806265 -0.054907453669012729 0.012370881105031978 0.012747104687284506
leaf_weight=61.604101714678109 2.1337382495403281 8.1929718777537328 4.306253411807119 4.0646923389285803 4.0239291284233323 4.569975538179281 3.7365844408050171 21.602008586749434 3.9452974088490009 19.508112237788737 5.2301667332649222 3.543590771034359 3.6574301309883586 2.7240825314074781 13.026520194485782 4.4009934719651937 9.3290551491081715 7.0923581309616566 5.2098219878971568 3.2554833088070181 60.688400523737073 8.7269345019012672 20.132495112717152 5.0413122326135609 2.2199439927935591 10.603455690667033 8.9739035358652455 4.2892350256443015 27.941776291467249 14.435890781693161
leaf_count=359 7 31 33 50 30 29 42 89 11 100 53 57 10 18 109 38 25 38 31 22 310 206 64 25 7 42 92 21 142 62
internal_value=0.00375086 0.000974008 0.00188642 -0.0361985 0.0109728 0.0227424 0.0282822 0.0379475 -0.00464713 0.000725292 0.00142349 -0.00881176 -0.00398134 -0.00988175 -0.0266895 -0.0568117 0.00390644 0.00503868 0.000867184 -0.0209545 0.00461096 -0.00672414 -0.00155554 0.00817569 -0.0333598 -0.0196752 -0.0435178 0.014868 0.00341762 0.0303976
internal_weight=358.211 258.729 252.53 6.19843 99.4819 37.8778 33.8539 26.172 7.68188 244.337 240.031 46.8607 43.3171 39.6597 20.1516 7.12508 193.17 187.94 131.944 19.3217 112.622 51.934 46.7241 35.7773 10.9469 15.6448 12.2294 55.996 32.231 23.7649
internal_count=2153 1593 1536 57 560 201 171 118 53 1505 1472 332 275 265 165 56 1140 1087 837 152 685 375 344 131 213 67 114 250 163 87
cat_boundaries=0 1 2
cat_threshold=1 1
is_linear=0
shrinkage=0.05


Tree=85
num_leaves=31
num_cat=0
split_feature=4 4 1 0 0 5 1 0 1 0 0 1 1 1 1 4 4 1 2 5 0 3 3 5 1 1 3 3 5 3
split_gain=4.50254 3.45119 5.36075 4.02862 5.68223 8.72791 8.39488 3.37909 3.24498 4.97471 3.32165 3.15963 2.90172 2.60855 5.53698 7.19271 5.03916 4.89981 4.77419 4.66365 4.77256 8.05559 7.58204 4.22031 5.09086 6.52697 5.83745 5.80453 5.05561 4.33956
threshold=130.50000000000003 86.500000000000014 129.50000000000003 115.50000000000001 149.50000000000003 156.50000000000003 250.50000000000003 13.500000000000002 249.50000000000003 128.50000000000003 44.500000000000007 254.50000000000003 206.50000000000003 254.50000000000003 209.50000000000003 51.500000000000007 65.500000000000014 165.50000000000003 1.3650000000000004 103.50000000000001 67.500000000000014 23.500000000000004 39.500000000000007 72.500000000000014 126.50000000000001 116.50000000000001 47.500000000000007 30.500000000000004 43.500000000000007 29.500000000000004
decision_type=2 2 2 2 2 2 2 2 2 2 2 2 2 2 2 2 2 2 2 2 2 2 2 2 2 2 2 2 2 2
left_child=1 3 -3 7 12 -6 -7 -1 9 -4 -10 -12 -5 14 16 -16 19 -18 -17 20 23 -22 -23 24 25 27 29 -9 -29 -26
right_child=-2 2 8 4 5 6 -8 13 10 -11 11 -13 -14 -15 15 18 17 -19 -20 -21 21 22 -24 -25 26 -27 -28 28 -30 -31
leaf_value=-0.038232342194713498 -0.062031822403197469 0.083373989972789608 -0.058277438171745036 -0.013976469944073767 0.044697333099837672 0.024882179752329911 -0.059010116620596902 0.026430979242768167 0.074501320619113451 0.033695981719048168 0.036903484932756039 -0.023517175125548739 -0.065173247982345847 0.010648565204701248 -0.039920253920138253 0.019066236334364484 -0.007890081265873216 -0.080545886498799249 -0.050266308446340197 0.029141511440997331 0.052149722935943721 -0.046008721557891007 0.00083515315316142174 0.021242304461107961 -0.024996948846222347 0.046317793328410753 -0.051247815653362977 -0.053849202372431515 0.0017913402294935132 0.0065516931191293669
leaf_weight=5.5159559547901145 2.9487145822495213 2.8668437059968737 3.5326922023668912 4.4575930908322352 6.6462972946465042 4.8979239705950004 7.6233820943161845 14.355668840929864 2.6369629874825469 2.5182629376649857 4.9558286238461715 3.8405509032309055 7.3002644376829267 59.293710589408875 19.273629790171981 12.748809326440094 7.1376463295891863 3.4382886420935392 3.0834668297320595 16.757717460393906 4.1164771122857919 16.742773954756558 17.844936118461192 33.819065062329173 15.577011993154882 11.383087880909441 7.1043157093226901 5.9594214018434313 12.962839940562843 36.302504852414131
leaf_count=44 55 13 72 42 24 15 87 58 9 8 23 34 107 307 133 89 56 32 46 56 39 221 115 122 91 34 49 38 50 137
internal_value=-0.000502169 9.35232e-06 0.0200001 -0.00120747 -0.018399 -0.00161282 -0.0261942 0.00054476 0.00960889 -0.0200003 0.0252792 0.0105235 -0.0457637 0.00126276 -0.0010696 -0.0194079 0.00209391 -0.0315108 0.00556315 0.00393608 0.00153846 -0.013971 -0.0218404 0.00590529 0.000900856 0.0136357 -0.00874164 0.00245644 -0.0157322 -0.0029209
internal_weight=357.643 354.694 20.3511 334.343 30.9255 19.1676 12.5213 303.417 17.4843 6.05096 11.4333 8.79638 11.7579 297.901 238.608 35.1059 203.502 10.5759 15.8323 192.926 176.168 38.7042 34.5877 137.464 103.645 44.661 58.9838 33.2779 18.9223 51.8795
internal_count=2206 2151 159 1992 275 126 102 1717 146 80 66 57 149 1673 1366 268 1098 88 135 1010 954 375 336 579 457 180 277 146 88 228
is_linear=0
shrinkage=0.05


Tree=86
num_leaves=31
num_cat=1
split_feature=4 4 1 6 8 1 0 0 6 1 6 4 5 0 5 6 6 5 5 1 3 1 5 1 5 4 4 0 0 3
split_gain=4.22701 3.15431 4.84907 5.72499 3.74298 4.33095 3.71532 3.70367 5.27234 7.39084 5.46786 4.68626 8.45122 3.07944 2.56064 2.4901 6.69937 6.82963 5.38487 4.53645 9.28768 3.42133 6.92447 9.3602 8.84393 7.43016 6.02976 7.01128 10.763 4.54567
threshold=130.50000000000003 86.500000000000014 129.50000000000003 253.50000000000003 0 249.50000000000003 44.500000000000007 115.50000000000001 248.50000000000003 250.50000000000003 253.50000000000003 56.500000000000007 156.50000000000003 13.500000000000002 116.50000000000001 238.50000000000003 247.50000000000003 44.500000000000007 25.500000000000004 167.50000000000003 30.500000000000004 254.50000000000003 86.500000000000014 205.50000000000003 76.500000000000014 60.500000000000007 26.500000000000004 43.500000000000007 64.500000000000014 65.500000000000014
decision_type=2 2 2 2 1 2 2 2 2 2 2 2 2 2 2 2 2 2 2 2 2 2 2 2 2 2 2 2 2 2
left_child=1 7 -3 -4 -5 -6 -7 13 -9 10 -10 14 -13 -1 -11 -15 -17 18 -18 -19 -21 22 24 -24 26 -25 -22 -28 -29 -26
right_child=-2 2 3 4 5 6 -8 8 9 11 -12 12 -14 15 -16 16 17 19 -20 20 21 -23 23 25 29 -27 27 28 -30 -31
leaf_value=-0.036675997816091911 -0.06123491215559871 0.079643388004437432 -0.051303613393120173 0.06000010584823158 -0.057394089622275261 0.070793962878135538 -0.003446680541844745 -0.062716169091136406 0.056633381237521388 0.0067387854843097422 -0.013650041866265823 0.063135050208998872 -0.048178217668762145 0.0073242276992640442 -0.075410278741041087 -0.068440636107240105 0.03797053310617407 0.013430773152565301 -0.050641036398616057 -0.04894804436525476 0.049873083976348986 0.0095904414195532046 0.033243610459944492 -0.046940219602514995 -0.11714209496762862 0.032443216438796947 -0.096318650622662955 0.030136281305957493 -0.071830640277440114 -0.034607728470663193
leaf_weight=5.4638798758387557 2.8404900776222339 2.8514711018651751 3.182238746434451 4.592900387942791 2.1500615356489998 2.6363059096038342 4.6711162338033319 5.3753991909325149 5.6755538638681191 1.1369894295930842 5.4003619868308306 2.8318401305004954 4.2858251063153148 106.46727411076427 5.7250505285337567 3.7451970949769011 2.0444884523749343 55.808124601840973 10.621906159445642 10.419433126226066 3.429349869489676 52.617149913683534 16.357308050617579 9.6131679359823448 3.4489486198872319 4.2512067733332506 2.7098977603018275 7.1633133366703969 4.0517517728731036 3.2312487177550793
leaf_count=44 55 13 28 11 54 9 44 79 17 6 27 25 44 575 77 37 9 267 119 74 9 283 61 79 26 27 16 24 50 17
internal_value=-0.000485177 5.1045e-06 0.0192465 0.00925269 0.0229679 0.00498376 0.0233372 -0.00115933 -0.0177836 -0.00814389 0.0223648 -0.0323155 -0.00389103 0.000518911 -0.0617988 0.00120554 -0.00223191 -0.000897097 -0.0363382 0.00169625 -0.00388706 0.000506088 -0.00830383 0.00762547 -0.0283338 -0.022599 -0.00951612 -0.0241421 -0.00670208 -0.0772198
internal_weight=354.799 351.959 20.0841 17.2326 14.0504 9.45748 7.30742 331.875 30.431 25.0556 11.0759 13.9797 7.11767 301.444 6.86204 295.98 189.512 185.767 12.6664 173.101 117.293 106.873 54.2562 30.2217 24.0345 13.8644 17.3543 13.925 11.2151 6.6802
internal_count=2206 2151 159 146 118 107 53 1992 275 196 44 152 69 1717 83 1673 1098 1061 128 933 666 592 309 167 142 106 99 90 74 43
cat_boundaries=0 1
cat_threshold=2
is_linear=0
shrinkage=0.05


Tree=87
num_leaves=31
num_cat=1
split_feature=4 4 1 6 5 1 0 0 5 1 0 0 1 5 6 6 5 5 1 3 1 4 4 2 0 8 4 3 5 0
split_gain=3.96713 2.886 4.38528 5.23387 3.51059 4.03111 3.41955 5.09013 7.68374 7.25686 3.36164 2.80549 2.70805 2.34986 2.2514 6.13594 6.31419 5.47533 4.11156 8.47015 3.32551 3.31321 5.48976 4.29474 6.4673 3.9363 7.39383 3.25353 4.13212 3.28461
threshold=130.50000000000003 86.500000000000014 129.50000000000003 253.50000000000003 143.50000000000003 249.50000000000003 115.50000000000001 149.50000000000003 156.50000000000003 250.50000000000003 44.500000000000007 13.500000000000002 206.50000000000003 115.50000000000001 238.50000000000003 247.50000000000003 44.500000000000007 24.500000000000004 167.50000000000003 30.500000000000004 204.50000000000003 41.500000000000007 35.500000000000007 1.0650000000000002 36.500000000000007 0 52.500000000000007 90.500000000000014 86.500000000000014 43.500000000000007
decision_type=2 2 2 2 2 2 2 2 2 2 2 2 2 2 2 2 2 2 2 2 2 2 2 2 2 1 2 2 2 2
left_child=1 6 -3 -4 5 -5 11 12 -9 -10 -7 -1 -8 -14 20 -16 17 -17 -18 -20 21 22 23 24 -13 26 -23 29 -29 -21
right_child=-2 2 3 4 -6 10 7 8 9 -11 -12 14 13 -15 15 16 18 -19 19 27 -22 25 -24 -25 -26 -27 -28 28 -30 -31
leaf_value=-0.035173928642956064 -0.060430620128856617 0.076089668831065244 -0.049231640632105139 -0.057093255931078703 0.058611230160204322 0.06734939433972241 -0.012661215533064471 0.042655845904439001 0.022416955528694701 -0.056868467770022336 -0.0033068335657111172 0.017032548179025279 -0.0088967640503320924 -0.078428732157442671 -0.06594609641242799 0.042980677678314864 0.012802217638600594 -0.049470647133962105 -0.046972839399334262 -0.025165006927309209 0.026200427419127533 0.03776332904798381 -0.040817230146919542 0.010599396215096788 -0.056503669457597432 0.028946311203758419 -0.054552161232216505 -0.060080077218092526 0.011621416073033436 0.006004266590202016
leaf_weight=5.4136572107672682 2.737015605904161 2.8358207531273392 3.151170752942563 2.0557067543268186 4.4722077772021303 2.6326653100550175 4.3573230989277381 6.5095144584774998 4.8434925079345685 7.1411626385524869 4.6687908796593547 5.4145352244377118 1.5652607828378675 5.4316707272082567 3.6938607841730109 1.8901158943772305 55.62554273661226 10.487626020796595 10.317344406619666 9.3454082328826171 18.545504245907068 4.0821403656154871 8.5964954961091262 38.361498665064573 6.6769856661558151 20.125268884934485 4.6280954517424107 4.7437905035912973 3.4858951456844807 88.434941601008177
leaf_count=44 55 13 28 54 12 9 42 24 15 87 43 14 17 90 37 7 267 121 74 40 95 19 70 175 75 96 31 33 23 496
internal_value=-0.000468622 9.09634e-07 0.0185333 0.0089212 0.0221719 0.00475598 -0.00111291 -0.0172524 -0.00107395 -0.024826 0.0221695 0.000493583 -0.0436043 -0.062874 0.00114934 -0.00214003 -0.0008614 -0.0353531 0.00162143 -0.00372502 0.00696048 0.00290047 -0.00388364 0.00240933 -0.0235744 0.016793 -0.0112876 0.000484043 -0.0297091 0.00302525
internal_weight=352.271 349.533 19.8164 16.9805 13.8294 9.35716 329.717 29.8484 18.4942 11.9847 7.30146 299.869 11.3543 6.99693 294.455 188.025 184.331 12.3777 171.953 116.327 106.431 87.885 59.0495 50.453 12.0915 28.8355 8.71024 106.01 8.22969 97.7803
internal_count=2206 2151 159 146 118 106 1992 275 126 102 52 1717 149 107 1673 1098 1061 128 933 666 575 480 334 264 89 146 50 592 56 536
cat_boundaries=0 1
cat_threshold=4
is_linear=0
shrinkage=0.05


Tree=88
num_leaves=31
num_cat=1
split_feature=4 4 5 7 3 0 6 8 5 6 0 6 6 6 6 5 0 2 3 0 6 6 6 6 5 4 4 5 0 5
split_gain=3.7221 2.64003 3.14865 3.72583 4.40512 3.14436 5.09185 6.12663 4.93613 6.48445 2.55515 2.07646 3.73274 2.89936 3.49907 3.3003 6.31532 4.20504 5.25984 2.87912 2.7093 2.58443 6.03106 3.42894 3.06579 2.15826 5.81707 4.42063 4.41938 7.05854
threshold=130.50000000000003 86.500000000000014 41.500000000000007 0.5505000000000001 123.50000000000001 115.50000000000001 248.50000000000003 0 164.50000000000003 253.50000000000003 13.500000000000002 8.0000000000000018 79.000000000000014 126.50000000000001 113.50000000000001 43.500000000000007 21.500000000000004 1.1850000000000003 38.500000000000007 28.500000000000004 140.50000000000003 156.50000000000003 166.50000000000003 168.50000000000003 65.500000000000014 68.500000000000014 62.500000000000007 72.500000000000014 53.500000000000007 55.500000000000007
decision_type=2 2 2 2 2 2 2 1 2 2 2 2 2 2 2 2 2 2 2 2 2 2 2 2 2 2 2 2 2 2
left_child=1 5 -3 4 -4 10 -7 8 -8 -10 -1 -12 -13 14 19 16 -15 -18 -19 -14 -17 24 -23 -24 -22 26 28 -27 -25 -30
right_child=-2 2 3 -5 -6 6 7 -9 9 -11 11 12 13 15 -16 20 17 18 -20 -21 21 22 23 25 -26 27 -28 -29 29 -31
leaf_value=-0.033724752590660066 -0.059618392285439692 0.068113248613687324 -0.05425727054288846 0.024951547681546529 0.054249041125641731 -0.062232180072359172 0.034166388061296397 -0.052929142777423048 0.021858025605763481 -0.0587372165513406 0.030847703162268782 -0.045667215286619982 0.031668472578135855 0.033207134044248389 0.04734672714251395 -0.045493512802405656 -0.061921712789297902 0.019271033246932592 -0.050342506994733562 -0.025646386187115185 -0.0053421957322557145 -0.070550474184904385 0.070602875979755425 0.010644076395394206 0.052753682087343073 -0.045976055656123532 0.03214071138850521 0.005423896095020319 -0.070907028463548821 -0.0029128356181381838
leaf_weight=5.3652331018820396 2.638108614832162 2.6870128773152855 3.6826119385659704 11.931653045117855 1.2538565322756765 5.0741175701841739 8.6900148019194621 5.6212223544716862 5.1283646896481496 4.8616014998406172 5.7491095140576354 4.3126317318528882 4.0404259711504 4.7186838397756246 7.3167959637939921 3.0095516685396424 7.0420418567955521 5.9663064237683994 4.9770096465945244 4.7872262559831142 3.9457738455384952 2.8917842321097842 1.8129245080053795 69.930686425417662 5.3497485052794218 7.0264442851766971 15.800251253880559 10.337279649451373 3.942111865617334 120.17328625824302
leaf_count=44 55 15 94 43 7 79 26 88 14 68 24 27 13 20 21 25 61 36 37 28 17 35 5 279 28 68 79 72 54 744
internal_value=-0.000451992 -2.72342e-06 0.0178442 0.00983662 -0.0266968 -0.00106717 -0.0166757 -0.00716348 0.00660843 -0.0173635 0.000468891 0.00109475 0.000499533 0.0012029 0.0217787 -4.15974e-05 -0.018276 -0.0317833 -0.0123891 0.000586687 0.00165358 0.00224183 0.00120566 0.0021117 0.0280931 0.00156521 0.00296698 -0.0153757 0.000591504 -0.00507244
internal_weight=350.064 347.426 19.5551 16.8681 4.93647 327.871 29.3753 24.3012 18.68 9.98997 298.495 293.13 287.381 283.068 16.1444 266.924 22.704 17.9854 10.9433 8.82765 244.22 241.21 231.915 229.023 9.29552 227.21 209.846 17.3637 194.046 124.115
internal_count=2206 2151 159 144 101 1992 275 196 108 82 1717 1673 1649 1622 62 1560 154 134 73 41 1406 1381 1336 1301 45 1296 1156 140 1077 798
cat_boundaries=0 1
cat_threshold=2
is_linear=0
shrinkage=0.05


Tree=89
num_leaves=31
num_cat=1
split_feature=7 6 2 2 5 4 5 7 1 3 8 5 6 4 2 5 3 3 4 5 3 5 5 1 3 5 4 3 4 1
split_gain=2.6881 2.53177 5.00811 5.23996 4.04265 7.27666 3.09126 2.85797 2.31831 3.75278 5.37225 4.07289 3.46844 3.91635 3.24027 4.9779 6.15999 3.72899 6.75621 6.18802 3.24356 2.79662 3.64735 6.30073 6.99759 10.385 5.10698 6.46291 4.54005 4.77931
threshold=0.90000000000000002 141.50000000000003 1.135 1.2350000000000001 41.500000000000007 54.500000000000007 40.500000000000007 0.5505000000000001 170.50000000000003 30.500000000000004 0 121.50000000000001 240.50000000000003 31.500000000000004 1.635 65.500000000000014 61.500000000000007 33.500000000000007 44.500000000000007 66.500000000000014 49.500000000000007 54.500000000000007 104.50000000000001 202.50000000000003 64.500000000000014 112.50000000000001 62.500000000000007 55.500000000000007 43.500000000000007 254.50000000000003
decision_type=2 2 2 2 2 2 2 2 2 2 1 2 2 2 2 2 2 2 2 2 2 2 2 2 2 2 2 2 2 2
left_child=1 2 6 -4 5 7 -1 -3 -6 12 11 21 13 -10 17 -16 -17 -12 19 -19 -21 -11 26 -24 -25 -26 28 -28 29 -23
right_child=-2 4 3 -5 8 -7 -8 -9 9 10 14 -13 -14 -15 15 16 -18 18 -20 20 -22 22 23 24 25 -27 27 -29 -30 -31
leaf_value=0.053131199340994709 0.041000700509308347 -0.026310361420548625 -0.055370195682058768 0.0071422473122760653 0.0053145759838592096 0.0085745880939283089 0.0097073367081730085 -0.079581623076947952 -0.038371151348194001 0.037628264493585209 0.042928285075002695 -0.066390830353263028 -0.044428571963308239 0.032282463583935044 -0.066391244856229964 -0.035456041714930504 0.036501320920899964 0.011457653431463292 0.013786915036285104 -0.080163953582397723 -0.020516327827222857 -0.027656434134652619 0.044872593417041522 -0.047970399993854419 0.065455610985437326 -0.042270505365756592 0.0438480452196102 -0.038011485400133868 -0.052489117497712789 0.038125493095793411
leaf_weight=8.467970438301565 3.8701928146183482 4.8751377044245618 4.0927661247551468 18.527232334017754 97.144471793435514 8.7084864471107704 7.9426020309329024 5.2067458219826221 3.6654896726831803 2.9663385525345793 7.5353383515030137 3.3422008771449319 10.521287222392857 4.2186918016523123 3.6675797253847113 5.9961915314197523 5.9013549070805311 7.5045726243406561 61.009741456247866 4.4836774514988047 4.6354985199868679 12.940066186711197 6.6425914298743036 7.6315138451755073 4.9784738793969137 4.0629775812849402 5.8208322506397945 4.1162770697847009 13.827181827276943 3.51016791909933
leaf_count=20 30 50 29 88 540 54 39 41 52 10 33 93 85 19 46 35 22 30 345 40 29 90 19 68 25 36 29 60 133 16
internal_value=-0.000437077 -0.000903352 0.0110868 -0.00416849 -0.00243816 -0.024904 0.0321144 -0.0538221 -0.000962768 -0.00418965 -0.00187513 -0.0125321 -0.0256394 -0.0005656 0.00551332 -0.0154634 0.00023585 0.00934693 0.00608743 -0.02217 -0.0498436 -0.00982508 -0.0120408 0.00369318 -0.0127129 0.0170465 -0.021163 0.00993914 -0.0313708 -0.0136198
internal_weight=347.814 343.943 39.0306 22.62 304.913 18.7904 16.4106 10.0819 286.123 188.978 170.573 69.8386 18.4055 7.88418 100.734 15.5651 11.8975 85.1688 77.6335 16.6237 9.11918 66.4964 63.5301 23.3156 16.673 9.04145 40.2145 9.93711 30.2774 16.4502
internal_count=2206 2176 176 117 2000 145 59 91 1855 1315 1159 579 156 71 580 103 57 477 444 99 69 486 476 148 129 61 328 89 239 106
cat_boundaries=0 1
cat_threshold=1
is_linear=0
shrinkage=0.05


Tree=90
num_leaves=31
num_cat=2
split_feature=7 5 5 1 5 0 5 0 1 1 6 5 4 4 0 4 4 1 2 8 0 5 2 8 0 5 5 6 0 2
split_gain=3.48813 2.68294 6.13834 4.3801 4.45973 6.37708 3.02248 2.43909 9.06458 7.09459 5.72314 4.11349 5.95964 7.56816 6.50326 5.55926 6.37024 4.84394 4.67106 4.1469 4.54468 4.73233 3.86865 7.74268 3.81979 3.71073 3.62812 3.71869 3.55706 4.30108
threshold=0.90000000000000002 142.50000000000003 126.50000000000001 222.50000000000003 156.50000000000003 183.50000000000003 194.50000000000003 54.500000000000007 140.50000000000003 160.50000000000003 123.50000000000001 86.500000000000014 36.500000000000007 39.500000000000007 105.50000000000001 35.500000000000007 26.500000000000004 206.50000000000003 1.2350000000000001 0 71.500000000000014 93.500000000000014 1.7450000000000003 1 83.500000000000014 61.500000000000007 79.500000000000014 238.50000000000003 90.500000000000014 1.3150000000000002
decision_type=2 2 2 2 2 2 2 2 2 2 2 2 2 2 2 2 2 2 2 1 2 2 2 1 2 2 2 2 2 2
left_child=1 2 7 -3 -5 -6 -7 22 10 -10 -9 15 28 -14 19 16 -11 -17 25 20 -15 -22 -1 -24 26 -18 27 -19 29 -13
right_child=-2 3 -4 4 5 6 -8 8 9 11 -12 12 13 14 -16 17 18 24 -20 -21 21 -23 23 -25 -26 -27 -28 -29 -30 -31
leaf_value=0.0076173197422021626 0.044099670688598443 0.059648539325879046 -0.066489693200107003 0.038675108545508027 -0.06977717578607727 0.031889755407715846 -0.024010164654417396 0.010334714525948512 0.025810637286721012 -0.047342401753611069 -0.055468008781450584 0.014025965787981768 0.054179023540672978 -0.051652986514761051 -0.041733846585305705 -0.057898293887813305 0.035085497158273325 0.017713935674724582 0.041478753512042547 0.030133488836288844 -0.04440858057382184 0.016591439268926738 -0.064112888588411729 0.01947910595749279 -0.065225860929396182 -0.041956708755941145 0.023532684748704558 -0.033572812931780181 -0.053267988931403693 -0.045566308777463503
leaf_weight=132.18433231208473 4.734080482274293 4.7849285304546383 3.4686336079612365 7.0731501355767277 3.3815637193620196 6.0561977922916395 4.0254095885902643 4.4816594030708101 23.068864806555212 4.4027290651574758 12.578746904619036 8.7217222675681132 8.6870224364101869 3.8520131446421173 6.8243661578744641 8.9693453432992083 2.5313850706443217 4.7836124282330355 10.181774845346807 16.967235274612904 3.7806701026856926 19.994280824437737 5.65083222463727 5.433973058126865 3.4206320978701106 4.0853108819574118 6.4071878418326369 13.534740106202662 5.9030345212668172 4.6380406394600859
leaf_count=603 31 14 63 28 38 36 36 26 119 57 97 40 35 27 110 93 12 25 35 70 38 130 63 24 55 37 35 101 73 24
internal_value=0.00146824 0.000891397 -0.000331585 0.0165668 0.00652886 -0.0103598 0.00956989 0.000383114 -0.0035286 0.000149079 -0.0381821 -0.00415046 0.0032576 0.011014 0.00372135 -0.0142328 0.00619306 -0.0259004 0.0202242 0.0106775 -0.00127152 0.00689127 0.00523803 -0.0231346 -0.0157037 -0.0124823 -0.00885256 -0.0201799 -0.0209445 -0.00666238
internal_weight=354.607 349.873 324.552 25.3212 20.5363 13.4632 10.0816 321.084 177.814 160.754 17.0604 137.685 79.3684 60.1056 51.4186 58.3167 21.2012 37.1155 16.7985 44.5942 27.627 23.775 143.269 11.0848 28.1462 6.6167 24.7255 18.3184 19.2628 13.3598
internal_count=2175 2144 1992 152 138 110 72 1929 1239 1116 123 997 547 410 375 450 141 309 84 265 195 168 690 87 216 49 161 126 137 64
cat_boundaries=0 1 2
cat_threshold=1 4
is_linear=0
shrinkage=0.05


Tree=91
num_leaves=31
num_cat=3
split_feature=9 3 2 8 4 8 3 1 4 1 5 2 0 1 5 3 3 1 0 7 2 2 0 3 4 4 7 2 4 4
split_gain=4.12706 4.78906 2.48251 7.36655 7.08663 3.27891 10.7758 7.02172 9.18173 5.55488 6.31624 7.16619 5.33118 4.75139 4.20122 7.78435 5.26764 7.46314 6.90274 4.59377 4.4917 4.17502 4.05605 3.82392 5.68177 3.83303 3.56558 3.38709 4.15266 2.89101
threshold=0 44.500000000000007 1.905 1 36.500000000000007 2 45.500000000000007 145.50000000000003 41.500000000000007 111.50000000000001 117.50000000000001 1.155 124.50000000000001 208.50000000000003 82.500000000000014 81.500000000000014 39.500000000000007 150.50000000000003 84.500000000000014 0.5505000000000001 1.2150000000000001 1.1150000000000004 41.500000000000007 55.500000000000007 73.500000000000014 44.500000000000007 0.5505000000000001 1.5350000000000004 37.500000000000007 54.500000000000007
decision_type=9 2 2 1 2 1 2 2 2 2 2 2 2 2 2 2 2 2 2 2 2 2 2 2 2 2 2 2 2 2
left_child=2 -2 5 -4 -5 6 7 8 22 -8 11 -11 -12 -9 15 27 17 -16 -18 -19 -21 -17 -1 25 -25 -20 -13 -7 -29 -28
right_child=1 -3 3 4 -6 14 9 13 -10 10 12 26 -14 -15 16 21 18 19 23 20 -22 -23 -24 24 -26 -27 29 28 -30 -31
leaf_value=-0.0055760304237592708 0.0014715688634294477 0.051575755845327836 -0.056553783749066437 -0.048855584799196633 0.024521970661431542 0.0048111771634330256 0.017734751483446446 0.031345101986836786 0.041337928941448408 -0.068656244161786922 0.051296247931944809 -0.055003921682951921 -0.053488088922922374 -0.014498433019542852 0.035028475873585228 0.010410734391857662 0.043995486756654011 -0.066690906706185507 -0.027153883060867714 0.024417175399795668 -0.05842373433448908 -0.070834696324593105 -0.058353363518518567 -0.056231236915646715 0.018673657232741916 0.028064988701415085 -0.023912855911409701 0.021217770903273425 -0.059449215053924087 0.012914872523490217
leaf_weight=6.6315663326531675 8.562232472002508 10.765626791864632 7.5569890346378088 4.6263290122151437 11.395061866380273 104.98768748808652 8.0699955280870181 29.986769087612629 5.4686550563201299 10.894819195382295 4.256495537236332 6.5748068895190945 1.6981398090720174 6.9647788787260643 6.4769540503621128 2.1765693482011548 21.817559940740466 5.2527781864628178 3.755903139710429 4.5951057504862547 2.5412035482004285 5.7812720621004701 8.0709211807697994 4.9360712151974422 5.1972569096833467 19.25044996663928 19.683851439505819 2.4595203511416903 4.5410895822569728 7.3071600198745719
leaf_count=28 36 41 93 25 56 541 39 121 22 132 40 148 63 60 27 22 90 66 22 38 17 61 50 52 24 87 81 11 58 24
internal_value=0.0014024 0.019362 -0.000215193 -0.0158607 0.0033335 0.00097023 -0.00569383 0.00975234 -0.0139744 -0.0207801 -0.0269452 -0.033422 0.0214139 0.0227043 0.00494619 -0.0008297 0.0143307 -0.00846504 0.0221562 -0.0312032 -0.00508205 -0.0486131 -0.0345481 0.00777819 -0.0178135 0.0190502 -0.0219856 0.00256577 -0.0311085 -0.0139426
internal_weight=352.284 19.3279 332.956 23.5784 16.0214 309.377 115.608 57.1227 20.1711 58.4853 50.4153 44.4606 5.95464 36.9515 193.769 119.946 73.8233 18.866 54.9572 12.3891 7.13631 7.95784 14.7025 33.1397 10.1333 23.0064 33.5658 111.988 7.00061 26.991
internal_count=2175 77 2098 174 81 1924 808 281 100 527 488 385 103 181 1116 693 423 148 275 121 55 83 78 185 76 109 253 610 69 105
cat_boundaries=0 1 2 3
cat_threshold=6 4 1
is_linear=0
shrinkage=0.05


Tree=92
num_leaves=31
num_cat=3
split_feature=9 3 2 8 4 8 3 1 4 1 2 6 1 7 0 6 0 2 1 0 6 3 2 2 1 3 3 4 4 4
split_gain=3.78408 4.59196 2.25789 6.81121 6.38581 2.98357 9.81832 6.38348 8.35226 5.07118 5.37928 5.00689 4.33893 4.32201 3.76296 3.73041 3.82811 3.59654 3.47585 7.9626 5.73826 3.44956 6.3478 6.04164 3.43336 3.09552 3.78164 8.36345 4.63332 9.23979
threshold=0 44.500000000000007 1.905 1 36.500000000000007 2 45.500000000000007 145.50000000000003 41.500000000000007 111.50000000000001 1.2850000000000004 247.50000000000003 208.50000000000003 0.5505000000000001 84.500000000000014 254.50000000000003 43.500000000000007 1.7250000000000003 198.50000000000003 53.500000000000007 188.50000000000003 40.500000000000007 1.1150000000000004 1.0650000000000002 170.50000000000003 22.500000000000004 39.500000000000007 28.500000000000004 63.500000000000007 71.500000000000014
decision_type=9 2 2 1 2 1 2 2 2 2 2 2 2 2 2 2 2 2 2 2 2 2 2 2 2 2 2 2 2 2
left_child=2 -2 5 -4 -5 6 7 8 11 -8 -11 -1 -9 -12 24 18 -17 25 19 -7 21 22 23 -21 -15 -18 27 -27 -28 -30
right_child=1 -3 3 4 -6 15 9 12 -10 10 13 -13 -14 14 -16 16 17 -19 -20 20 -22 -23 -24 -25 -26 26 28 -29 29 -31
leaf_value=-0.064387487332257839 0.0013984480436554953 0.050867652963208915 -0.054806983471322283 -0.046177655566884947 0.023397740592154978 0.0210016991210904 0.016841073544911777 0.030062650763937344 0.039812203794944996 -0.045692749972247954 -0.054858034936721825 -0.0057623286437750937 -0.013731201718048114 0.0084660671921247699 0.023970886906316474 -0.017413697490089926 0.054926096671682023 0.046499135488093014 0.024452630340991731 -0.037925078814561683 -0.07078592708147384 0.016659636825920251 -0.0658179640069914 0.077246141828816728 -0.037593182478449685 0.00064950983357593998 0.019413385508302364 -0.068284992403045044 -0.068246020872852989 0.011972007803159913
leaf_weight=6.7931625386700052 8.5594970397651213 10.37954020872712 7.4117156630381942 4.6492830440402058 11.346719503402708 30.069375921040773 8.0732342228293401 29.709905305877328 5.3962012147530904 20.304937036707997 4.9610820636153248 7.8512929230928421 6.9856890393421045 7.1775441616773668 8.1960871405899507 28.1499775480479 2.6007776530459514 4.7060444299131623 35.326384192332625 2.4464014964178258 4.2327553816139689 8.6787893846631032 4.9986775387078524 2.1302146203815937 9.2734663411974889 16.931096439249817 29.662754122167826 5.9449490811675778 5.2720592785626677 11.249147883616386
leaf_count=46 36 41 93 25 56 100 39 121 22 276 120 32 60 24 32 183 14 27 142 44 54 35 45 13 36 96 179 54 46 84
internal_value=0.00134183 0.0186583 -0.000208576 -0.0151838 0.00317546 0.000925993 -0.00545606 0.00933151 -0.0133629 -0.0199248 -0.0258715 -0.0329569 0.0217257 -0.0122784 -0.00370778 0.00473144 -0.00165274 0.00415699 0.012324 0.00417157 -0.0183337 -0.00617103 -0.0268641 0.0156821 -0.0174976 0.00137633 -0.000640336 -0.017265 0.00759424 -0.0136263
internal_weight=349.469 18.939 330.53 23.4077 15.996 307.122 114.723 56.7363 20.0407 57.9864 49.9131 14.6445 36.6956 29.6082 24.6471 192.399 104.517 76.3668 87.8826 52.5562 22.4868 18.2541 9.57529 4.57662 16.451 71.6608 69.06 22.876 46.184 16.5212
internal_count=2175 77 2098 174 81 1924 808 281 100 527 488 78 181 212 92 1116 683 500 433 291 191 137 102 57 60 473 459 150 309 130
cat_boundaries=0 1 2 3
cat_threshold=6 4 1
is_linear=0
shrinkage=0.05


Tree=93
num_leaves=31
num_cat=3
split_feature=9 3 2 8 4 8 3 1 4 6 1 5 2 4 1 5 3 2 6 6 5 3 2 6 6 4 5 1 7 5
split_gain=3.46875 4.40089 2.0526 6.29193 5.75455 2.70908 8.932 5.80513 7.6148 4.65809 4.62097 5.71575 6.5205 4.84608 3.96077 3.65587 7.07838 4.89102 4.75094 4.75138 5.11037 6.5197 4.59764 4.68997 6.13405 4.00593 5.01123 4.6783 3.48611 3.47914
threshold=0 44.500000000000007 1.905 1 36.500000000000007 2 45.500000000000007 145.50000000000003 41.500000000000007 247.50000000000003 111.50000000000001 117.50000000000001 1.155 48.500000000000007 208.50000000000003 82.500000000000014 81.500000000000014 1.0950000000000004 240.50000000000003 206.50000000000003 57.500000000000007 40.500000000000007 1.7550000000000001 146.50000000000003 200.50000000000003 36.500000000000007 166.50000000000003 150.50000000000003 0.5505000000000001 53.500000000000007
decision_type=9 2 2 1 2 1 2 2 2 2 2 2 2 2 2 2 2 2 2 2 2 2 2 2 2 2 2 2 2 2
left_child=2 -2 5 -4 -5 6 7 8 9 -1 -8 12 -12 -13 -9 16 18 -18 19 20 -7 -22 23 -17 -25 27 -27 -26 -14 -20
right_child=1 -3 3 4 -6 15 10 14 -10 -11 11 13 28 -15 -16 22 17 -19 29 -21 21 -23 -24 24 25 26 -28 -29 -30 -31
leaf_value=-0.062263683863106989 0.0013289406976450054 0.050166826341740571 -0.053074891947259444 -0.043654238210785026 0.022319842408848392 0.016445031164620188 0.015993335343812812 0.028822782578748325 0.038327344910930455 -0.0054679594177994024 -0.065274009708645303 0.050268883504576735 -0.054553927427273677 -0.052071549436181967 -0.013006047673644067 0.047526305225121683 0.02504511185606938 -0.068467427345194523 -0.021675319777683017 0.042781626119684772 -0.057059890864944819 0.024559112401574927 0.06571806777476831 -0.065498280639328346 0.028798184354603032 0.024208621401307855 -0.019793125433292383 -0.034767355935674642 -0.012480318842008379 0.0026757777569888556
leaf_weight=6.6766261262819189 8.5568983778357524 10.007776517421005 7.2744740596972406 4.6715453043580082 11.301151811145244 28.61007672175765 8.0760288070887309 29.445438703522086 5.3267994755879036 7.8600425962358713 10.521560166962443 4.1786203449591985 6.0125993033871046 1.5995275354944167 7.0058866972103706 7.5446697138249865 1.8207649774849404 6.0264335181564093 24.259838002733886 11.033252183347939 6.1773619307205063 4.0513998977839947 3.9651608262211075 2.8793697934597722 4.2294357046484938 36.77871523052454 7.8520411681383839 9.1713003609329444 27.176852058619261 37.099501040764153
leaf_count=46 36 41 93 25 56 99 39 121 22 32 132 34 148 69 60 28 16 67 226 32 63 18 10 56 15 161 81 72 105 172
internal_value=0.00128185 0.0179743 -0.00020194 -0.0145301 0.00302436 0.00088219 -0.00522472 0.00893287 -0.0128139 -0.031554 -0.0190748 -0.0247975 -0.0309755 0.0219386 0.0207833 0.00451382 -0.000873789 -0.04677 0.00236411 0.013826 0.00560039 -0.0247323 0.0133725 0.0103404 0.00573445 0.00926883 0.0164672 -0.0147053 -0.0201024 -0.00695199
internal_weight=347.191 18.5647 328.626 23.2472 15.9727 305.379 113.88 56.3148 19.8635 14.5367 57.5652 49.4892 43.711 5.77815 36.4513 191.499 119.079 7.8472 111.231 49.8721 38.8388 10.2288 72.4207 68.4555 60.9109 58.0315 44.6308 13.4007 33.1895 61.3593
internal_count=2175 77 2098 174 81 1924 808 281 100 78 527 488 385 103 181 1116 693 83 610 212 180 81 423 413 385 329 242 87 253 398
cat_boundaries=0 1 2 3
cat_threshold=6 4 1
is_linear=0
shrinkage=0.05


Tree=94
num_leaves=31
num_cat=2
split_feature=9 3 0 5 0 0 8 3 1 0 4 4 6 4 1 0 3 3 3 4 0 5 5 5 6 4 3 1 1 5
split_gain=3.17833 4.21559 1.88882 6.19733 4.92403 4.33349 2.65032 6.6489 5.2226 7.87718 5.17846 5.63108 5.93508 4.59626 4.5021 4.28 3.93096 3.39581 4.79787 11.7021 4.24815 3.94508 3.62131 3.36892 3.91413 3.25777 3.71869 3.13478 3.0446 3.52733
threshold=0 44.500000000000007 21.500000000000004 19.500000000000004 24.500000000000004 26.500000000000004 1 42.500000000000007 145.50000000000003 54.500000000000007 46.500000000000007 45.500000000000007 247.50000000000003 48.500000000000007 120.50000000000001 81.500000000000014 51.500000000000007 85.500000000000014 38.500000000000007 39.500000000000007 39.500000000000007 59.500000000000007 50.500000000000007 48.500000000000007 179.50000000000003 22.500000000000004 31.500000000000004 253.50000000000003 143.50000000000003 60.500000000000007
decision_type=9 2 2 2 2 2 1 2 2 2 2 2 2 2 2 2 2 2 2 2 2 2 2 2 2 2 2 2 2 2
left_child=2 -2 3 -1 -4 -6 7 8 9 -7 11 12 16 -12 -14 -10 -9 18 19 20 22 -19 -8 24 -20 -22 28 -23 29 -27
right_child=1 -3 4 -5 5 6 17 10 15 -11 13 -13 14 -15 -16 -17 -18 21 23 -21 25 27 -24 -25 -26 26 -28 -29 -30 -31
leaf_value=0.020250317017117381 0.0012628674457818118 0.049471820437900271 0.035052186245761993 -0.047815551445365298 -0.050745074361729786 0.010083990231769147 0.0013258951120317226 -0.073349327726818403 0.031741731020752305 -0.066574052538554501 -0.078217686754819896 0.056810596822711425 0.061319915604363284 -0.022839175188772903 -0.0045549500152755919 -0.0095920779589148842 -0.0062823677139859022 -0.067731773376265944 0.024956057258886347 -0.067027221831191239 -0.037659866112408992 -0.029700243976937851 0.046905879619095384 0.016925648515405674 -0.043295540748434523 0.0020895411860616035 -0.023851765933668195 0.019457231330072492 -0.00071401960237413515 0.063358321459899739
leaf_weight=5.8859001165255886 8.5544294938445109 9.6500587277114374 10.033792592585085 7.744011465460062 4.2396967969834796 10.138612367212771 8.7128385081887263 5.0646289102733117 22.953218264505271 5.0057270526885977 4.3418393665924695 3.5583617677912107 2.9265910536050823 27.339945310726762 22.800463049672544 8.6129193753004056 3.8424574583768845 3.1917473375797298 3.5222397893667203 6.5732949837110928 6.4604974798858157 6.6382103608921152 8.7179820090532285 82.165664570406079 5.2046174975112081 4.649583484977482 11.672057029791175 6.3412002995610237 23.085584257729352 4.7479872442781925
leaf_count=32 36 41 41 64 31 38 39 34 86 40 37 19 8 337 128 76 27 41 11 95 55 45 23 414 56 22 83 36 161 19
internal_value=0.00122622 0.0173096 -0.000196116 -0.0184222 0.000592446 -0.000550538 0.000162946 -0.00572078 0.00888334 -0.0152541 -0.0154835 -0.00308623 -0.00924012 -0.0304285 0.00293867 0.0204637 -0.0444171 0.00393848 0.00607516 -0.00332026 0.00283384 -0.0179305 0.0241226 0.0137885 -0.0157486 -0.0044975 0.000354596 -0.00568395 0.00905258 0.0330447
internal_weight=344.376 18.2045 326.172 13.6299 312.542 302.508 298.268 116.585 46.7105 15.1443 69.8743 38.1925 34.6341 31.6818 25.7271 31.5661 8.90709 181.684 165.512 74.6198 68.0465 16.1712 17.4308 90.8925 8.72686 50.6157 44.1552 12.9794 32.4832 9.39757
internal_count=2175 77 2098 96 2002 1961 1930 830 240 78 590 216 197 374 136 162 61 1100 978 497 402 122 62 481 67 340 285 81 202 41
cat_boundaries=0 1 2
cat_threshold=6 1
is_linear=0
shrinkage=0.05


Tree=95
num_leaves=31
num_cat=0
split_feature=1 2 4 1 4 2 0 0 1 1 2 2 0 0 1 2 7 1 2 2 2 2 3 2 2 4 3 2 4 4
split_gain=2.80109 3.34178 4.35267 4.22332 3.87526 2.83452 6.03655 3.41926 2.8054 4.92007 4.36601 8.21555 4.62786 5.38007 3.91769 3.40548 3.53092 3.89429 4.30058 3.56624 4.35884 5.19662 3.38852 3.26218 3.25833 3.03891 3.59104 3.80766 3.44345 2.82061
threshold=254.50000000000003 2.1450000000000005 99.500000000000014 214.50000000000003 92.500000000000014 1.0150000000000003 37.500000000000007 17.500000000000004 230.50000000000003 245.50000000000003 1.4550000000000003 1.7750000000000001 64.500000000000014 157.50000000000003 236.50000000000003 1.0250000000000001 0.5505000000000001 165.50000000000003 1.0750000000000004 1.4350000000000003 1.2150000000000001 1.2550000000000001 53.500000000000007 1.1450000000000002 1.3550000000000002 41.500000000000007 43.500000000000007 1.1450000000000002 29.500000000000004 33.500000000000007
decision_type=2 2 2 2 2 2 2 2 2 2 2 2 2 2 2 2 2 2 2 2 2 2 2 2 2 2 2 2 2 2
left_child=1 2 4 -3 5 6 -1 -7 15 14 12 -12 -11 24 -10 -9 17 25 -19 20 23 -22 -23 -18 -14 26 27 28 -17 -25
right_child=-2 3 -4 -5 -6 7 -8 8 9 10 11 -13 13 -15 -16 16 19 18 -20 -21 21 22 -24 29 -26 -27 -28 -29 -30 -31
leaf_value=0.019104649138587664 0.010955662904303432 -0.074450661882620936 -0.054326584613144539 0.0082778046331234856 0.04791195194942835 -0.040609286223946078 -0.045715732626478038 0.038702096227933358 -0.0089087876473952377 0.066368629056475698 -0.087423071336176675 0.014638600505774001 -0.053610579987078882 0.029279764864073649 -0.083565536878750929 0.022407298322153546 0.0054811415113945874 -0.048241023656721858 0.0094117033372484032 0.023430865560577413 -0.055777184205890278 0.0050430759961575776 -0.035802459193298261 0.0029304567527082583 0.023740539126978891 -0.055065711178307997 0.036272100947905991 -0.04437643004100187 -0.041338654686994637 0.04702382906658395
leaf_weight=5.8858044091612092 70.466307350434363 3.3608891176991156 3.5564314713701597 2.8516813362948596 4.3960366407409301 4.6465683178976169 9.2152389036491495 7.1726924888789645 3.3627897808328262 3.3088186085224214 3.6007760362699619 4.3583150375634432 4.8397610969841462 7.7313929982483387 3.6805073549039662 6.3448915220797151 46.409196879714727 3.5559435971081248 35.79986576968804 30.209869581274688 5.1528430096805087 29.289259143173695 6.1424932777881613 5.5639425599947563 1.894334655255079 5.1416430734097949 3.235904684290289 8.8892874792218191 3.1804082384333014 10.417967282235621
leaf_count=19 468 36 76 18 26 50 82 24 23 8 33 20 73 39 50 27 210 38 273 122 30 111 26 29 12 110 20 69 43 31
internal_value=0.00206746 -0.000225111 0.00061845 -0.0364768 0.00136024 0.000570209 -0.0204512 0.00187159 0.00269652 -0.0108927 -0.000758004 -0.0315352 0.0130236 0.000821507 -0.047921 0.00485341 0.00363542 -0.00580723 0.00420257 0.0083252 0.00389367 -0.00886098 -0.00203796 0.0121904 -0.0318513 -0.0205109 -0.0123047 -0.0208409 0.00112312 0.0316732
internal_weight=343.662 273.196 266.983 6.21257 263.427 259.031 15.101 243.929 239.283 32.7767 25.7334 7.95909 17.7743 14.4655 7.0433 206.506 199.334 66.1479 39.3558 133.186 102.976 40.5846 35.4318 62.3911 6.7341 26.7921 21.6505 18.4146 9.5253 15.9819
internal_count=2196 1728 1674 54 1598 1572 101 1471 1421 258 185 53 132 124 73 1163 1139 580 311 559 437 167 137 270 85 269 159 139 70 60
is_linear=0
shrinkage=0.05


Tree=96
num_leaves=31
num_cat=0
split_feature=1 2 1 4 4 2 0 0 1 1 6 2 6 1 1 2 5 1 0 1 0 1 3 2 5 5 3 0 2 3
split_gain=2.53813 3.0825 4.00977 2.831 4.66211 2.53315 5.47401 3.11459 2.5044 4.53941 6.80918 4.03506 3.60468 4.99226 3.53833 3.14522 2.91061 3.54158 3.08993 6.94261 5.4971 5.77833 5.45941 3.93231 4.73692 5.14454 4.42234 3.3842 3.31992 4.17396
threshold=254.50000000000003 2.1450000000000005 214.50000000000003 95.500000000000014 89.500000000000014 1.0150000000000003 37.500000000000007 17.500000000000004 230.50000000000003 245.50000000000003 253.50000000000003 1.1150000000000004 251.50000000000003 248.50000000000003 236.50000000000003 1.0250000000000001 109.50000000000001 206.50000000000003 67.500000000000014 213.50000000000003 71.500000000000014 170.50000000000003 22.500000000000004 1.0450000000000002 86.500000000000014 88.500000000000014 37.500000000000007 65.500000000000014 1.5150000000000003 41.500000000000007
decision_type=2 2 2 2 2 2 2 2 2 2 2 2 2 2 2 2 2 2 2 2 2 2 2 2 2 2 2 2 2 2
left_child=1 3 -3 4 5 6 -1 -7 15 10 14 -11 -13 -14 -10 -9 18 -18 27 20 21 -20 -22 -24 -25 -26 -27 28 -17 -30
right_child=-2 2 -4 -5 -6 7 -8 8 9 11 -12 12 13 -15 -16 16 17 -19 19 -21 22 -23 23 24 25 26 -28 -29 29 -31
leaf_value=0.018215646380013929 0.010445734660765977 -0.073446845059695162 0.0078705178030889413 -0.036862015772327124 0.05083883588341287 -0.039243621698071038 -0.043631974478979541 0.037193805946858623 0.030895184098806535 0.030136072361348104 -0.11017929255335235 -0.063741583503777399 0.052634039292480207 -0.018461232910179131 -0.06090993781680272 -0.00022132407036928926 0.036389066970831323 -0.010086639270491977 -0.020868813193963383 0.036034771362221128 0.062825611788933824 -0.11614013883597535 0.031403776967119108 -0.050687757792567414 0.060845495050657256 -0.058508647205867542 0.0026182939765133778 0.035469663930248134 -0.0030788894586508161 0.046538054874505658
leaf_weight=5.8649494536221018 70.217473264783621 3.2395638129673889 2.8493505069054663 4.9522034255787721 4.6642462527379385 4.5698459651321164 9.1736667752265912 7.0924649797379962 2.4901903131976715 7.4737106235697892 2.6080667702481151 2.9869332178495851 3.1238600723445407 11.782233822159467 1.8141930373385546 107.11220573354512 13.113475823774936 5.9630200341343871 3.8742393655702463 6.9149437891319385 2.3950285641476539 2.7011973764747381 3.8391472678631571 9.5341340741142648 2.4330984894186249 4.498579171486198 8.645029850304125 8.6022295672446472 7.9018834391608861 9.1431485628709179
leaf_count=19 468 36 18 92 20 50 82 24 16 51 25 28 8 97 32 486 55 37 28 41 16 19 28 150 14 64 55 33 66 38
internal_value=0.00197283 -0.00021966 -0.0353938 0.000587721 0.00130016 0.000396348 -0.0195119 0.00164064 0.00243217 -0.0105077 -0.0464267 -0.000719712 -0.0136078 -0.00356184 -0.00779845 0.00448203 0.00330236 0.0218615 0.00130881 -0.01004 -0.0184419 -0.0600064 -0.00972271 -0.0157246 -0.02293 -0.00594012 -0.0183032 0.00514153 0.00304025 0.0235362
internal_weight=341.574 271.357 6.08891 265.268 260.316 255.651 15.0386 240.613 236.043 32.2792 6.91245 25.3667 17.893 14.9061 4.30438 203.764 196.671 19.0765 177.595 44.8354 37.9205 6.57544 31.345 28.95 25.1108 15.5767 13.1436 132.759 124.157 17.045
internal_count=2196 1728 54 1674 1582 1562 101 1461 1411 257 73 184 133 105 48 1154 1130 92 1038 415 374 47 327 311 283 133 119 623 590 104
is_linear=0
shrinkage=0.05


Tree=97
num_leaves=31
num_cat=0
split_feature=7 0 0 2 1 6 6 2 1 1 6 1 2 0 7 0 1 7 4 0 6 6 6 0 4 6 0 0 1 0
split_gain=2.74251 2.8262 4.24681 2.12278 4.28143 2.09053 4.49732 3.93032 3.62481 2.06672 2.04221 2.07707 4.74591 2.96846 2.23825 2.14153 2.01693 1.99124 4.21651 4.18528 6.87583 3.54736 3.96268 4.1599 3.27484 3.19079 3.99269 1.99365 3.36107 4.93803
threshold=0.90000000000000002 180.50000000000003 164.50000000000003 2.2400000000000007 214.50000000000003 141.50000000000003 150.50000000000003 1.135 110.50000000000001 138.50000000000003 156.50000000000003 253.50000000000003 1.0150000000000003 95.500000000000014 0.5505000000000001 87.500000000000014 189.50000000000003 0.5505000000000001 55.500000000000007 43.500000000000007 254.50000000000003 207.50000000000003 194.50000000000003 62.500000000000007 23.500000000000004 248.50000000000003 58.500000000000007 53.500000000000007 179.50000000000003 65.500000000000014
decision_type=2 2 2 2 2 2 2 2 2 2 2 2 2 2 2 2 2 2 2 2 2 2 2 2 2 2 2 2 2 2
left_child=1 2 3 5 -5 7 -7 -1 -9 -10 -8 12 16 15 -15 -13 -12 18 19 20 -14 22 23 -19 -21 26 -20 -26 29 -29
right_child=-2 -3 -4 4 -6 6 10 8 9 -11 11 13 17 14 -16 -17 -18 21 25 24 -22 -23 -24 -25 27 -27 -28 28 -30 -31
leaf_value=0.031462184225460856 0.042408668820926143 -0.026413149147547978 0.053390374886396065 -0.074887285520895505 0.0014684049198717079 -0.048356630920793266 0.036084443500305506 -0.035797346891539503 0.025900480036750408 -0.010803076867995467 -0.058322954404769783 0.010290550225104195 0.024264080231656285 -0.052482262800525065 -0.0018587054001317092 0.043346076342624197 -0.0090768300827274336 0.018228900986155983 0.044161335484973675 -0.031814872956279626 -0.050067429862236994 0.0078182345402457287 -0.054295692169310864 -0.034058391083299923 0.027199110779826764 -0.054931946560581729 -0.05503464752209708 0.014894267001250011 0.014924587398966861 -0.059487856548590325
leaf_weight=16.560153339058161 4.123746655881404 8.9019300462678057 3.9928469127044073 2.7198017905466241 5.6490015047602355 4.6024810131639233 4.1990767475217572 5.5390628576278713 9.5429306998848897 6.4125905372202388 5.0341080417856556 48.883193793706596 4.6671600909903619 2.850698979571459 9.3284652791917324 5.4456022735685101 3.5420816484838724 9.4744865149259585 2.2976417541503888 5.110585890710353 9.3315991722047329 100.44670069310814 4.8808404607698312 6.3556370586156836 12.5849567130208 7.1295971930958331 1.8163424278609452 4.484119491651656 19.507815889082849 4.4412604868412018
leaf_count=59 31 75 20 29 32 39 14 34 43 38 53 266 20 100 45 26 24 28 19 37 93 408 33 55 52 199 54 23 166 81
internal_value=0.00188139 0.0013836 0.00214071 0.00150685 -0.0233467 0.00216827 0.000655638 0.0131554 -0.00094875 0.0111492 0.00148554 0.000942656 -0.00159053 0.00860244 -0.0137078 0.0136038 -0.0379836 3.05997e-05 -0.00659458 -0.00133924 -0.0252854 0.00393334 -0.0149081 -0.00276393 0.00592775 -0.0346987 0.000365865 0.0106302 0.00329659 -0.0221182
internal_weight=339.857 335.733 326.831 322.838 8.3688 314.469 276.414 38.0547 21.4946 15.9555 271.812 267.613 201.105 66.508 12.1792 54.3288 8.57619 192.529 71.3711 60.1275 13.9988 121.158 20.711 15.8301 46.1287 11.2436 4.11398 41.0182 28.4332 8.92538
internal_count=2196 2165 2090 2070 61 2009 1835 174 115 81 1796 1782 1345 437 145 292 77 1268 744 472 113 524 116 83 359 272 73 322 270 104
is_linear=0
shrinkage=0.05


Tree=98
num_leaves=31
num_cat=0
split_feature=7 0 0 0 5 2 1 6 6 2 7 3 2 5 5 2 0 6 6 5 3 6 2 1 0 1 1 1 5 5
split_gain=2.57653 2.57034 5.37475 1.95081 2.2684 1.93775 4.36344 2.02894 4.13433 3.42206 3.55968 2.38232 3.86392 2.29334 2.25568 5.78697 3.93737 2.50059 3.15537 5.5835 4.4417 3.97263 2.71365 5.97665 5.95659 3.12468 3.83325 2.72347 5.70639 2.42098
threshold=0.90000000000000002 180.50000000000003 167.50000000000003 190.50000000000003 196.50000000000003 2.1850000000000005 214.50000000000003 141.50000000000003 150.50000000000003 1.135 0.5505000000000001 72.500000000000014 1.3150000000000002 41.500000000000007 43.500000000000007 1.0350000000000004 41.500000000000007 156.50000000000003 208.50000000000003 62.500000000000007 41.500000000000007 181.50000000000003 1.0950000000000004 198.50000000000003 67.500000000000014 209.50000000000003 245.50000000000003 111.50000000000001 76.500000000000014 46.500000000000007
decision_type=2 2 2 2 2 2 2 2 2 2 2 2 2 2 2 2 2 2 2 2 2 2 2 2 2 2 2 2 2 2
left_child=1 2 5 -3 -5 7 -7 9 -9 13 -11 12 -12 -1 15 -10 -17 -16 19 21 -21 -19 23 24 27 -25 -27 -20 -29 -24
right_child=-2 3 -4 4 -6 6 -8 8 14 10 11 -13 -14 -15 17 16 -18 18 22 20 -22 -23 29 25 -26 26 -28 28 -30 -31
leaf_value=0.050570804535420157 0.041791565352531999 -0.063379183555126437 0.067775855491816084 0.022713946887165284 -0.037251394825704921 -0.072580394743335774 0.0020036797379038283 -0.046882196295183531 -0.086349637406871793 -0.043150112200036256 -0.017966030712468797 -0.021859279958599598 0.040128098151232576 0.013088255093919294 0.042325653620944724 0.0046335662124459337 -0.058916011012975056 0.036333289787934431 0.033167461773568156 -0.065201593941821109 -0.0083323373359919881 -0.017108911678365282 -0.036174537463795259 0.058983160909965526 -0.043684292612227803 -0.011016791264728954 0.033473171375819386 -0.042617670541996992 0.021983647008868241 0.0017379894144668941
leaf_weight=7.4557451158762005 3.9790943264961234 2.435402709990738 3.0801993664354077 2.8221605829894543 3.5747955907136202 2.8517789361067098 6.278000371530652 4.5121979974210253 2.4572234181687262 3.9483021805062917 4.3255898803472546 4.4903596714138976 8.4605061784386617 9.0152983702719194 3.9231532011181107 16.326192068401728 2.8651038175448766 6.6736366711556929 7.936332715675241 6.7878021569922549 6.9479872900992632 7.2604957921430469 4.3293268885463467 6.7197019569575813 6.8375968411564818 6.8865263359621194 16.303872040472925 5.6219403818249694 8.721215373836456 153.81624745344743
leaf_count=18 31 27 13 21 27 32 36 39 21 37 20 21 36 41 13 117 45 19 25 120 55 36 46 20 61 40 108 43 33 995
internal_value=0.0017951 0.00131813 0.00204176 -0.0252953 -0.0107963 0.00141248 -0.0212934 0.00207558 0.000584046 0.0129538 -0.000317336 0.00947152 0.0204746 0.030055 0.00137608 -0.0141041 -0.00485387 0.00272322 0.00208866 -0.0138133 -0.0364354 0.00848679 0.00411473 0.0132632 -0.00286215 0.0289609 0.0202616 0.00966621 -0.00333747 0.000700112
internal_weight=337.644 333.665 324.832 8.83236 6.39696 321.752 9.12978 312.622 274.927 37.6958 21.2248 17.2765 12.7861 16.471 270.414 21.6485 19.1913 248.766 244.843 27.6699 13.7358 13.9341 217.173 59.0272 29.1171 29.9101 23.1904 22.2795 14.3432 158.146
internal_count=2196 2165 2090 75 48 2077 68 2009 1836 173 114 77 56 59 1797 183 162 1614 1601 230 175 55 1371 330 162 168 148 101 76 1041
is_linear=0
shrinkage=0.05


Tree=99
num_leaves=31
num_cat=0
split_feature=7 0 0 0 5 2 1 6 6 2 1 5 5 2 0 2 0 0 6 6 5 6 5 1 2 0 0 0 2 4
split_gain=2.41951 2.34788 4.83687 1.88445 2.05442 1.77402 1.85644 1.7326 3.808 3.24819 3.21161 2.13405 2.05857 5.41672 3.78336 3.89285 3.18653 2.35958 2.20981 3.02508 5.73193 3.44727 3.12628 2.80977 2.65305 2.26686 3.1767 2.10941 3.01558 3.99756
threshold=0.90000000000000002 180.50000000000003 167.50000000000003 190.50000000000003 196.50000000000003 2.2400000000000007 231.50000000000003 141.50000000000003 150.50000000000003 1.135 110.50000000000001 41.500000000000007 43.500000000000007 1.0350000000000004 33.500000000000007 1.3350000000000002 28.500000000000004 21.500000000000004 156.50000000000003 207.50000000000003 62.500000000000007 181.50000000000003 46.500000000000007 111.50000000000001 1.3750000000000002 66.500000000000014 73.500000000000014 43.500000000000007 1.425 36.500000000000007
decision_type=2 2 2 2 2 2 2 2 2 2 2 2 2 2 2 2 2 2 2 2 2 2 2 2 2 2 2 2 2 2
left_child=1 2 5 -3 -5 7 -7 9 -9 11 -11 -1 13 -10 16 -16 -15 -14 -19 20 21 -20 24 -24 -21 -22 -27 28 29 -25
right_child=-2 3 -4 4 -6 6 -8 8 12 10 -12 -13 17 14 15 -17 -18 18 19 22 25 -23 23 27 -26 26 -28 -29 -30 -31
leaf_value=0.048758503753207963 0.041171104020479424 -0.062707780491252821 0.064229614490552811 0.02147134895462055 -0.035587596997900137 -0.052934956647434306 -0.0035093180706340932 -0.045434449545090377 -0.084567230222799092 -0.033738329630422385 0.010634725922071696 0.012448329603869967 -0.037912546094655386 -0.0066915714584742051 -0.061049013711820588 0.0099049916752932468 0.04844553472973856 0.040594545609273329 0.034567755758768082 -0.064279447893252295 -0.08002434438262232 -0.015467674532000398 0.025862170266980952 -0.0043451559713403995 0.0044537489766241865 0.0025667001246743801 -0.054365064894580178 0.005719766083977439 0.019195039239912171 -0.058228836176034318
leaf_weight=7.3489775545895126 3.8406381979584685 2.3408016823232156 3.0875533595681182 2.8358487263321877 3.5553377661854029 3.0003433134406787 5.1795821990817785 4.4254199843853703 2.3853929480537799 5.5084926392883089 15.700271640904246 9.0050758495926839 3.5414474941790095 6.9421753948554414 4.5749680604785672 3.3475765213370323 4.20925118541345 3.8868722897022954 6.6640060544013995 3.0068314839154473 2.5627709161490193 7.1206770930439234 15.724452415481208 10.101596254855396 2.6336711053736508 4.6831808472052199 5.1388719445094466 172.2351444857195 5.9659095965325823 5.2211670568212858
leaf_count=18 31 27 13 21 27 32 29 39 21 34 81 41 32 62 56 24 20 13 19 26 17 34 54 39 27 24 126 1120 34 55
internal_value=0.00171323 0.00125668 0.00194788 -0.024327 -0.0102698 0.00134716 -0.0216383 0.00194991 0.000571124 0.012021 -0.000890163 0.0287649 0.00132533 -0.0135326 -0.00464896 -0.0310682 0.0141206 0.00260846 0.00319432 0.00259127 -0.0134592 0.00872123 0.00454591 0.00553607 -0.0321865 -0.0381466 -0.0272198 0.00388451 -0.0109636 -0.0227058
internal_weight=335.774 331.934 323.202 8.73199 6.39119 320.114 8.17993 311.934 274.371 37.5628 21.2088 16.3541 269.946 21.4594 19.074 7.92254 11.1514 248.487 244.945 241.058 26.1695 13.7847 214.889 209.248 5.6405 12.3848 9.82205 193.524 21.2887 15.3228
internal_count=2196 2165 2090 75 48 2077 61 2016 1842 174 115 59 1803 183 162 80 82 1620 1588 1575 220 53 1355 1302 53 167 150 1248 128 94
is_linear=0
shrinkage=0.05


Tree=100
num_leaves=31
num_cat=2
split_feature=2 1 1 3 2 5 5 8 6 6 1 4 5 4 5 4 5 5 4 5 1 4 4 5 8 2 3 1 1 6
split_gain=2.4155 4.96933 3.69728 2.28384 2.27769 2.58789 2.05386 6.40746 4.61176 4.80452 10.0183 4.79265 5.78635 4.14295 3.58197 4.65632 3.03496 2.79375 4.19375 2.62843 3.14929 5.03821 5.31044 4.67439 3.46238 5.17679 2.38967 4.07317 3.0345 2.35583
threshold=1.0150000000000003 189.50000000000003 105.50000000000001 33.500000000000007 2.3450000000000002 98.500000000000014 98.500000000000014 0 251.50000000000003 254.50000000000003 251.50000000000003 46.500000000000007 128.50000000000003 70.500000000000014 103.50000000000001 42.500000000000007 100.50000000000001 149.50000000000003 86.500000000000014 86.500000000000014 158.50000000000003 48.500000000000007 39.500000000000007 91.500000000000014 1 1.1650000000000003 68.500000000000014 205.50000000000003 254.50000000000003 248.50000000000003
decision_type=2 2 2 2 2 2 2 1 2 2 2 2 2 2 2 2 2 2 2 2 2 2 2 2 1 2 2 2 2 2
left_child=1 2 -1 -4 6 -6 19 -8 14 10 -10 26 16 -12 -9 -16 -13 -14 -19 -2 -21 22 24 -24 -22 -26 27 -11 -29 -17
right_child=4 -3 3 -5 5 -7 7 8 9 11 13 12 17 -15 15 29 -18 18 -20 20 21 -23 23 -25 25 -27 -28 28 -30 -31
leaf_value=0.0049394802271102121 0.0017721219438404667 0.012577908407690165 -0.086101701942550846 -0.023495528391009039 -0.067192544371855303 0.0072029205517943149 -0.065833642204303239 -0.081900464392089228 0.06135475914220169 0.037492115172433463 -0.077837527698790043 0.0060057205137488984 0.041452870214334067 0.012169821321422573 0.026973098250024082 -0.062689580753805652 -0.055519063055665223 -0.05676797389131203 0.043129190941870413 0.041457475940206281 0.030269839134266424 0.027291166434193395 -0.0086455181198717909 -0.098623917444073797 -0.07194238441279642 0.011108976128411737 0.047262520686571156 -0.049266076911720469 0.009624719083498717 -0.0059786798056682081
leaf_weight=2.8461912535130995 187.52067678328604 7.4425863241776815 4.0647629238665104 2.2703343518078327 2.5264030117541543 2.1755386050790548 4.0968601750209928 2.4448949620127669 9.1989756226539594 5.7535496726632145 2.1823461349122217 2.5343693643808392 4.0190611928701383 3.0868294518440962 4.1768406508490425 4.3601982151158154 9.5861068409867567 2.5957238133996725 1.7649440914392469 8.9628592776134592 8.2303972095251083 19.818509188480675 3.2827287875115863 2.5761202350258827 2.7343739410862362 5.9793138680979609 4.2679584734141818 3.935959327965973 4.9238650146871805 3.1573262922465801
leaf_count=12 1129 38 50 20 31 13 46 24 19 19 35 19 27 16 20 70 99 51 6 42 39 128 26 24 34 44 17 22 31 17
internal_value=0.000791813 -0.017785 -0.0423979 -0.0636653 0.00176942 -0.0327706 0.0022913 -0.00510666 -0.00144739 0.00522537 0.0298655 -0.00382702 -0.0205668 -0.0251087 -0.0268608 -0.0153538 -0.0426543 0.0113808 -0.0163354 0.00452165 0.0145168 0.00885145 -0.00717489 -0.0482088 0.00701363 -0.0149527 0.014348 0.004735 -0.0165374 -0.0388713
internal_weight=332.517 16.6239 9.18129 6.3351 315.893 4.70194 311.191 72.0858 67.9889 53.8497 14.4682 39.3815 20.5002 5.26918 14.1393 11.6944 12.1205 8.37973 4.36067 239.105 51.5843 42.6214 22.8029 5.85885 16.9441 8.71369 18.8813 14.6134 8.85982 7.51752
internal_count=2168 120 82 70 2048 44 2004 538 492 361 70 291 202 51 131 107 118 84 57 1466 337 295 167 50 117 78 89 72 53 87
cat_boundaries=0 1 2
cat_threshold=4 1
is_linear=0
shrinkage=0.05


Tree=101
num_leaves=31
num_cat=0
split_feature=1 1 2 1 4 0 3 5 3 1 5 5 2 3 1 3 0 7 0 3 4 4 3 5 4 4 4 0 5 3
split_gain=2.21651 7.68444 2.51151 5.23355 3.66433 2.50513 6.82011 5.68485 5.25192 4.93953 4.74433 3.57439 3.24924 7.07388 4.80938 6.67216 4.11543 3.9441 3.71974 3.03683 3.02211 4.88751 2.87775 2.80851 2.73899 5.49733 3.6703 5.15006 2.95841 2.5799
threshold=56.500000000000007 79.000000000000014 1.0150000000000003 189.50000000000003 26.500000000000004 53.500000000000007 25.500000000000004 53.500000000000007 22.500000000000004 122.50000000000001 95.500000000000014 74.500000000000014 1.155 39.500000000000007 189.50000000000003 33.500000000000007 72.500000000000014 0.5505000000000001 143.50000000000003 74.500000000000014 27.500000000000004 29.500000000000004 71.500000000000014 85.500000000000014 39.500000000000007 33.500000000000007 52.500000000000007 85.500000000000014 90.500000000000014 64.500000000000014
decision_type=2 2 2 2 2 2 2 2 2 2 2 2 2 2 2 2 2 2 2 2 2 2 2 2 2 2 2 2 2 2
left_child=-1 -2 3 4 -3 6 9 -7 -9 -4 11 -8 18 14 -14 -16 -17 22 20 -19 -10 -22 29 -21 25 28 -26 -28 -23 -15
right_child=1 2 5 -5 -6 7 10 8 12 -11 -12 -13 13 17 15 16 -18 19 -20 23 21 24 -24 -25 26 -27 27 -29 -30 -31
leaf_value=0.035321608846224248 -0.064170925916511065 -0.018591278945877868 0.010139008233640735 0.011968477433219748 -0.086937778548233619 -0.052705074062307428 0.0098013177836826799 0.069427487885812586 -0.026065344727862601 -0.06908314418592669 -0.039859403991089511 0.035834716537983438 -0.048827987239408455 -0.027286055754773209 0.024369492862119202 -0.10503252900144032 -0.01626940672946638 0.010143362981892284 -0.035606311590867232 -0.051060832933634531 0.072209469019497693 -0.014129879995754794 0.00017375450903157308 -0.0013641554160517301 0.034580909921291279 -0.050833569915568227 0.021480591242483495 -0.041211447360560011 0.040992741249003928 -0.098499056988807662
leaf_weight=4.5734833516180506 4.5614980934187761 4.8847282044589502 3.3809952791780216 7.4307923056185237 3.2765844464302063 5.2158531825989476 81.755737512372434 2.7011463651433578 4.7108185766264787 4.7065969994291663 4.2678109304979435 15.720267551019786 13.698941041715445 8.7051026686094719 7.5311649693176133 2.0017161518335342 3.7562966477125883 66.816156564280391 4.3771493639796963 3.9713674988597623 3.5701486244797698 4.6292672911658865 9.8827620754018408 10.004921761341391 18.172650160267949 4.7275354033336034 10.091224640607832 4.8504689116962245 5.1331611573696136 1.4894172330386926
leaf_count=33 37 39 15 38 40 88 395 15 52 40 31 72 121 146 39 10 45 300 45 23 14 29 128 50 85 44 70 74 18 32
internal_value=0.00075503 0.000270126 0.00118454 -0.0183899 -0.0460309 0.00218237 0.00822776 -0.0012046 0.000203097 -0.0359645 0.0117406 0.0139998 -0.000790869 -0.00530218 -0.028039 -0.00660894 -0.047127 0.000781146 0.0087807 0.00570983 0.0122573 0.015785 -0.0190522 -0.0154855 0.0115534 -0.00657739 0.0194869 0.0011291 0.014854 -0.0376903
internal_weight=330.596 326.022 321.461 15.5921 8.16131 305.869 109.831 196.037 190.821 8.08759 101.744 97.476 188.12 127.858 26.9881 13.2892 5.75801 100.87 60.2624 80.7924 55.8853 51.1745 20.0773 13.9763 47.6043 14.49 33.1143 14.9417 9.76243 10.1945
internal_count=2168 2135 2098 117 79 1981 553 1428 1340 55 498 467 1325 894 215 94 55 679 431 373 386 334 306 73 320 91 229 144 47 178
is_linear=0
shrinkage=0.05


Tree=102
num_leaves=31
num_cat=2
split_feature=1 1 2 1 4 2 6 6 5 2 1 6 6 5 1 2 5 4 5 8 6 6 1 4 8 4 5 4 4 2
split_gain=2.00638 7.07003 2.28393 4.78527 3.521 2.10426 2.51014 2.93066 2.70054 7.58609 3.21785 3.53779 2.70087 4.03641 2.28968 2.13079 3.51334 3.64621 2.08372 5.32617 4.26238 4.34946 9.23313 4.26471 5.29143 3.95065 3.16266 4.20824 2.84804 2.97993
threshold=56.500000000000007 79.000000000000014 1.0150000000000003 189.50000000000003 26.500000000000004 2.3250000000000006 126.50000000000001 118.00000000000001 44.500000000000007 1.1850000000000003 178.50000000000003 136.50000000000003 238.50000000000003 30.500000000000004 254.50000000000003 1.135 41.500000000000007 60.500000000000007 98.500000000000014 0 251.50000000000003 254.50000000000003 251.50000000000003 46.500000000000007 1 70.500000000000014 103.50000000000001 42.500000000000007 49.500000000000007 1.635
decision_type=2 2 2 2 2 2 2 2 2 2 2 2 2 2 2 2 2 2 2 1 2 2 2 2 1 2 2 2 2 2
left_child=-1 -2 3 4 -3 6 7 15 9 -8 11 -11 -12 -14 -7 -4 -17 -18 -10 -20 26 22 -22 -23 28 -24 -21 -28 -25 -30
right_child=1 2 5 -5 -6 14 8 -9 18 10 12 -13 13 -15 -16 16 17 -19 19 20 21 23 25 24 -26 -27 27 -29 29 -31
leaf_value=0.033651332626756264 -0.062140152762335227 -0.017628306964081214 0.031129217542858374 0.011387706732318785 -0.085219008573814037 -0.066213493152337363 -0.068676847577213193 0.053695337464561836 0.0054794410735061645 0.021419740659655379 0.047519065790271063 -0.062763172018462279 0.037325103923181772 -0.041267354672418086 0.0022209011739087944 -0.04622055621299663 0.034743971121053492 -0.027141713195777545 -0.063974216753236765 -0.077723613298515348 0.05955741982234064 0.01371473947310687 -0.078480039187342671 -0.10132311271306738 0.013278688981563265 0.011140709661429873 0.025022589158438687 -0.037960876835840526 -0.041406151612476898 0.031265493893895734
leaf_weight=4.5607957225292912 4.4772183783352366 4.8937475364655239 7.4861793108284536 7.4195674918591967 3.1780512249097228 2.3367635449394575 5.1575842285528806 4.6011830139905205 181.79301457758993 2.0077090263366726 4.2778335064649564 3.2983333840966225 3.1397599745541811 3.4058795496821404 2.5627173678949475 3.3878358658403149 6.6089339330792409 3.7197683714330196 3.5913433497771621 2.4441552571952334 8.9290822595357877 18.495400361716747 2.046355450525879 1.622436533682049 7.638918357901276 3.0812073769047856 4.1655345624312741 7.2994603714905679 9.2505381158553046 1.6644565318711091
leaf_count=33 37 39 25 38 40 30 56 13 1122 7 9 51 9 35 15 17 34 22 44 24 19 89 35 15 61 16 20 87 110 16
internal_value=0.000719162 0.000255564 0.00112992 -0.0175974 -0.0442403 0.00208419 0.00261658 0.0175234 0.00120918 -0.0158921 0.000986367 -0.0309099 0.016623 -0.00356875 -0.0304183 0.00967381 -0.00203608 0.0124565 0.00265365 -0.00466114 -0.00146454 0.00503025 0.0288491 -0.00362758 -0.0195251 -0.024626 -0.0260857 -0.0150773 -0.039512 -0.0303243
internal_weight=328.542 323.981 319.504 15.4914 8.0718 304.012 299.113 25.8039 273.309 21.2871 16.1295 5.30604 10.8235 6.54564 4.89948 21.2027 13.7165 10.3287 252.022 70.2289 66.6375 52.7284 14.0566 38.6717 20.1763 5.12756 13.9092 11.465 12.5374 10.915
internal_count=2168 2135 2098 117 79 1981 1936 111 1825 167 111 58 53 44 45 98 73 56 1658 536 492 361 70 291 202 51 131 107 141 126
cat_boundaries=0 1 2
cat_threshold=4 1
is_linear=0
shrinkage=0.05


Tree=103
num_leaves=31
num_cat=1
split_feature=0 1 1 2 1 4 5 5 1 0 5 5 2 1 2 0 4 2 4 4 5 5 2 0 1 1 5 8 4 4
split_gain=2.14422 4.31601 5.81109 2.12499 4.37488 3.38093 2.79795 2.14998 3.41112 2.596 4.38792 3.79447 3.17362 3.81165 3.65542 3.57717 3.43015 7.23103 6.78525 6.53526 6.43772 4.04864 3.33969 3.16631 4.2345 5.0918 2.73857 2.70709 2.64439 4.58769
threshold=13.500000000000002 59.500000000000007 79.000000000000014 1.0150000000000003 189.50000000000003 26.500000000000004 24.500000000000004 37.500000000000007 127.50000000000001 53.500000000000007 53.500000000000007 95.500000000000014 1.155 247.50000000000003 1.9650000000000001 143.50000000000003 35.500000000000007 1.2350000000000001 54.500000000000007 29.500000000000004 72.500000000000014 86.500000000000014 1.135 30.500000000000004 182.50000000000003 102.50000000000001 65.500000000000014 0 32.500000000000007 40.500000000000007
decision_type=2 2 2 2 2 2 2 2 2 2 2 2 2 2 2 2 2 2 2 2 2 2 2 2 2 2 2 1 2 2
left_child=-1 -2 -3 4 5 -4 -5 8 -8 11 -11 23 15 14 16 22 17 21 -18 20 -19 -14 -12 24 25 -9 -15 -21 -28 -30
right_child=1 2 3 6 -6 -7 7 9 -10 10 12 -13 13 26 -16 -17 18 19 -20 27 -22 -23 -24 -25 -26 -27 28 -29 29 -31
leaf_value=-0.035058193519620265 0.055716670821031093 -0.060195662195938748 -0.016716717581961426 0.035540880353002756 0.010834330239065524 -0.083550061776779108 0.0087423942665731703 0.013753723462054694 -0.05644851034417428 -0.050355426311678053 0.008399377585053866 -0.036854812835122409 -0.078053653367998757 -0.037677362896350181 -0.067256183494190713 -0.034824795988165784 -0.041039676026753555 0.032037021458420051 0.0011517101241426578 0.015236399629876052 -0.08265828083520084 -0.0036436262769558819 0.046357483515904664 0.015541802092193545 0.021922774840951724 -0.06594634711506725 -0.041527621675135677 0.05593790653334027 0.042817023537327525 0.0035133383556572532
leaf_weight=4.1426595607772461 3.5828002011403433 3.8914029300212851 4.9023543894290906 6.1672921162098637 7.408885857090354 3.0819105403497815 3.9939915183931571 3.3927512951195222 4.032628670334816 4.4118745364248744 50.230892758350819 4.2775901104323557 3.5637609846889999 3.5141630582511416 2.8941625878214827 4.2412425801157942 18.861422743182629 2.1676771286875036 19.259691798128188 9.5866963677108217 2.8086156295612454 3.7533274637535214 6.550472537521272 73.68172921705991 5.9647740963846436 4.8957077451050282 2.5812690630555144 7.1189447604119858 8.9810247831046564 42.839021100662649
leaf_count=44 11 31 39 27 38 40 13 17 30 80 355 31 29 25 32 45 163 7 137 38 35 24 40 337 28 62 12 26 40 332
internal_value=0.000685077 0.00114402 0.000531201 0.00128101 -0.016837 -0.0425143 0.00221137 0.00151126 -0.02401 0.00222858 -0.00106348 0.00913184 8.74405e-05 -0.00438795 -0.0122375 0.00946979 -0.00986513 0.00309445 -0.0197236 0.0175988 -0.0326969 -0.0398848 0.0127783 0.0113689 -0.0102031 -0.0333224 0.00510141 0.0325809 0.00786479 0.0103251
internal_weight=326.781 322.638 319.055 315.164 15.3932 7.98426 299.771 293.603 8.02662 285.577 193.364 92.2126 188.952 127.93 70.0143 61.0226 67.1201 28.999 38.1211 21.6819 4.97629 7.31709 56.7814 87.935 14.2532 8.28846 57.9155 16.7056 54.4013 51.82
internal_count=2168 2124 2113 2082 117 79 1965 1938 43 1895 1420 475 1340 900 491 440 459 159 300 106 42 53 395 444 107 79 409 64 384 372
cat_boundaries=0 1
cat_threshold=1
is_linear=0
shrinkage=0.05


end of trees

feature_importances:
mean=560
wide_mean=503
max=470
bbox_h=386
bbox_w=358
ar=335
wide_max=273
conf=108
camera_id=99
vlm_species=28

parameters:
[boosting: gbdt]
[objective: binary]
[metric: average_precision]
[tree_learner: serial]
[device_type: cpu]
[data_sample_strategy: bagging]
[data: ]
[valid: ]
[num_iterations: 500]
[learning_rate: 0.05]
[num_leaves: 31]
[num_threads: 0]
[seed: 42]
[deterministic: 0]
[force_col_wise: 0]
[force_row_wise: 0]
[histogram_pool_size: -1]
[max_depth: -1]
[min_data_in_leaf: 20]
[min_sum_hessian_in_leaf: 0.001]
[bagging_fraction: 0.8]
[pos_bagging_fraction: 1]
[neg_bagging_fraction: 1]
[bagging_freq: 5]
[bagging_seed: 400]
[bagging_by_query: 0]
[feature_fraction: 0.9]
[feature_fraction_bynode: 1]
[feature_fraction_seed: 30056]
[extra_trees: 0]
[extra_seed: 12879]
[early_stopping_round: 0]
[early_stopping_min_delta: 0]
[first_metric_only: 0]
[max_delta_step: 0]
[lambda_l1: 0]
[lambda_l2: 0]
[linear_lambda: 0]
[min_gain_to_split: 0]
[drop_rate: 0.1]
[max_drop: 50]
[skip_drop: 0.5]
[xgboost_dart_mode: 0]
[uniform_drop: 0]
[drop_seed: 17869]
[top_rate: 0.2]
[other_rate: 0.1]
[min_data_per_group: 100]
[max_cat_threshold: 32]
[cat_l2: 10]
[cat_smooth: 10]
[max_cat_to_onehot: 4]
[top_k: 20]
[monotone_constraints: ]
[monotone_constraints_method: basic]
[monotone_penalty: 0]
[feature_contri: ]
[forcedsplits_filename: ]
[refit_decay_rate: 0.9]
[cegb_tradeoff: 1]
[cegb_penalty_split: 0]
[cegb_penalty_feature_lazy: ]
[cegb_penalty_feature_coupled: ]
[path_smooth: 0]
[interaction_constraints: ]
[verbosity: -1]
[saved_feature_importance_type: 0]
[use_quantized_grad: 0]
[num_grad_quant_bins: 4]
[quant_train_renew_leaf: 0]
[stochastic_rounding: 1]
[linear_tree: 0]
[max_bin: 255]
[max_bin_by_feature: ]
[min_data_in_bin: 3]
[bin_construct_sample_cnt: 200000]
[data_random_seed: 175]
[is_enable_sparse: 1]
[enable_bundle: 1]
[use_missing: 1]
[zero_as_missing: 0]
[feature_pre_filter: 1]
[pre_partition: 0]
[two_round: 0]
[header: 0]
[label_column: ]
[weight_column: ]
[group_column: ]
[ignore_column: ]
[categorical_feature: 8,9]
[forcedbins_filename: ]
[precise_float_parser: 0]
[parser_config_file: ]
[objective_seed: 16083]
[num_class: 1]
[is_unbalance: 0]
[scale_pos_weight: 1]
[sigmoid: 1]
[boost_from_average: 1]
[reg_sqrt: 0]
[alpha: 0.9]
[fair_c: 1]
[poisson_max_delta_step: 0.7]
[tweedie_variance_power: 1.5]
[lambdarank_truncation_level: 30]
[lambdarank_norm: 1]
[label_gain: ]
[lambdarank_position_bias_regularization: 0]
[eval_at: ]
[multi_error_top_k: 1]
[auc_mu_weights: ]
[num_machines: 1]
[local_listen_port: 12400]
[time_out: 120]
[machine_list_filename: ]
[machines: ]
[gpu_platform_id: -1]
[gpu_device_id: -1]
[gpu_device_id_list: ]
[gpu_use_dp: 0]
[num_gpu: 1]

end of parameters

pandas_categorical:[["backyard", "rooftop", "yard"], ["cat", "mouse", "other", "rat", "squirrel"]]
